ID:0	of_type	outlet concentration measurement
ID:0	of_reactor	stirred reactor
ID:0	has_author	Author 14
ID:0	of_year	1988
ID:0	of_target	NH3
ID:0	has_similarity	S_0.3
ID:0	has_uncertainty	U_0.3
ID:1	of_type	burner stabilized flame speciation measurement
ID:1	of_reactor	flame
ID:1	has_author	Author 6
ID:1	of_year	1980
ID:1	of_target	CO2
ID:1	has_similarity	S_0.7
ID:1	has_uncertainty	U_0.7
ID:2	of_type	outlet concentration measurement
ID:2	of_reactor	shock tube
ID:2	has_author	Author 84
ID:2	of_year	1999
ID:2	of_target	IDT
ID:2	has_similarity	S_0.1
ID:2	has_uncertainty	U_0.1
ID:3	of_type	jet stirred reactor measurement
ID:3	of_reactor	shock tube
ID:3	has_author	Author 96
ID:3	of_year	1992
ID:3	of_target	CO2
ID:3	has_similarity	S_0.6
ID:3	has_uncertainty	U_0.6
ID:4	of_type	concentration time profile measurement
ID:4	of_reactor	flow reactor
ID:4	has_author	Author 6
ID:4	of_year	1987
ID:4	of_target	C7H8
ID:4	has_similarity	S_0.8
ID:4	has_uncertainty	U_0.8
ID:5	of_type	jet stirred reactor measurement
ID:5	of_reactor	shock tube
ID:5	has_author	Author 10
ID:5	of_year	1961
ID:5	of_target	CH3
ID:5	has_similarity	S_0.7
ID:5	has_uncertainty	U_0.7
ID:6	of_type	jet stirred reactor measurement
ID:6	of_reactor	shock tube
ID:6	has_author	Author 67
ID:6	of_year	1958
ID:6	of_target	CH4
ID:6	has_similarity	S_0.2
ID:6	has_uncertainty	U_0.2
ID:7	of_type	ignition delay measurement
ID:7	of_reactor	shock tube
ID:7	has_author	Author 13
ID:7	of_year	1955
ID:7	of_target	C6H6
ID:7	has_similarity	S_0.5
ID:7	has_uncertainty	U_0.5
ID:8	of_type	outlet concentration measurement
ID:8	of_reactor	flow reactor
ID:8	has_author	Author 67
ID:8	of_year	1958
ID:8	of_target	H2
ID:8	has_similarity	S_0.9
ID:8	has_uncertainty	U_0.9
ID:9	of_type	ignition delay measurement
ID:9	of_reactor	rapid compression machine
ID:9	has_author	Author 19
ID:9	of_year	2007
ID:9	of_target	NH3
ID:9	has_similarity	S_0.8
ID:9	has_uncertainty	U_0.8
ID:10	of_type	laminar burning velocity measurement
ID:10	of_reactor	flame
ID:10	has_author	Author 64
ID:10	of_year	1978
ID:10	of_target	CH4
ID:10	has_similarity	S_0.8
ID:10	has_uncertainty	U_0.8
ID:11	of_type	outlet concentration measurement
ID:11	of_reactor	flow reactor
ID:11	has_author	Author 80
ID:11	of_year	1999
ID:11	of_target	H2S
ID:11	has_similarity	S_0.6
ID:11	has_uncertainty	U_0.6
ID:12	of_type	jet stirred reactor measurement
ID:12	of_reactor	flow reactor
ID:12	has_author	Author 14
ID:12	of_year	1980
ID:12	of_target	CH3
ID:12	has_similarity	S_0.3
ID:12	has_uncertainty	U_0.3
ID:13	of_type	burner stabilized flame speciation measurement
ID:13	of_reactor	flame
ID:13	has_author	Author 12
ID:13	of_year	2009
ID:13	of_target	NH3
ID:13	has_similarity	S_0.8
ID:13	has_uncertainty	U_0.8
ID:14	of_type	laminar burning velocity measurement
ID:14	of_reactor	flame
ID:14	has_author	Author 79
ID:14	of_year	1967
ID:14	of_target	C7H8
ID:14	has_similarity	S_0.4
ID:14	has_uncertainty	U_0.4
ID:15	of_type	laminar burning velocity measurement
ID:15	of_reactor	flame
ID:15	has_author	Author 82
ID:15	of_year	1983
ID:15	of_target	H2S
ID:15	has_similarity	S_0.4
ID:15	has_uncertainty	U_0.4
ID:16	of_type	burner stabilized flame speciation measurement
ID:16	of_reactor	flame
ID:16	has_author	Author 25
ID:16	of_year	1954
ID:16	of_target	H20
ID:16	has_similarity	S_0.4
ID:16	has_uncertainty	U_0.4
ID:17	of_type	jet stirred reactor measurement
ID:17	of_reactor	stirred reactor
ID:17	has_author	Author 5
ID:17	of_year	1996
ID:17	of_target	CH3
ID:17	has_similarity	S_0.9
ID:17	has_uncertainty	U_0.9
ID:18	of_type	jet stirred reactor measurement
ID:18	of_reactor	shock tube
ID:18	has_author	Author 94
ID:18	of_year	2015
ID:18	of_target	IDT
ID:18	has_similarity	S_0.9
ID:18	has_uncertainty	U_0.9
ID:19	of_type	laminar burning velocity measurement
ID:19	of_reactor	flame
ID:19	has_author	Author 18
ID:19	of_year	1985
ID:19	of_target	C7H8
ID:19	has_similarity	S_0.7
ID:19	has_uncertainty	U_0.7
ID:20	of_type	laminar burning velocity measurement
ID:20	of_reactor	flame
ID:20	has_author	Author 72
ID:20	of_year	1964
ID:20	of_target	NH3
ID:20	has_similarity	S_0.9
ID:20	has_uncertainty	U_0.9
ID:21	of_type	burner stabilized flame speciation measurement
ID:21	of_reactor	flame
ID:21	has_author	Author 34
ID:21	of_year	1994
ID:21	of_target	IDT
ID:21	has_similarity	S_0.9
ID:21	has_uncertainty	U_0.9
ID:22	of_type	burner stabilized flame speciation measurement
ID:22	of_reactor	flame
ID:22	has_author	Author 87
ID:22	of_year	2028
ID:22	of_target	CH4
ID:22	has_similarity	S_0.8
ID:22	has_uncertainty	U_0.8
ID:23	of_type	laminar burning velocity measurement
ID:23	of_reactor	flame
ID:23	has_author	Author 18
ID:23	of_year	1986
ID:23	of_target	CH3
ID:23	has_similarity	S_0.8
ID:23	has_uncertainty	U_0.8
ID:24	of_type	jet stirred reactor measurement
ID:24	of_reactor	stirred reactor
ID:24	has_author	Author 74
ID:24	of_year	2004
ID:24	of_target	H2
ID:24	has_similarity	S_0.2
ID:24	has_uncertainty	U_0.2
ID:25	of_type	burner stabilized flame speciation measurement
ID:25	of_reactor	flame
ID:25	has_author	Author 31
ID:25	of_year	1987
ID:25	of_target	CO2
ID:25	has_similarity	S_0.4
ID:25	has_uncertainty	U_0.4
ID:26	of_type	outlet concentration measurement
ID:26	of_reactor	flow reactor
ID:26	has_author	Author 61
ID:26	of_year	2026
ID:26	of_target	CH3
ID:26	has_similarity	S_0.0
ID:26	has_uncertainty	U_0.0
ID:27	of_type	concentration time profile measurement
ID:27	of_reactor	shock tube
ID:27	has_author	Author 17
ID:27	of_year	1952
ID:27	of_target	NH3
ID:27	has_similarity	S_0.7
ID:27	has_uncertainty	U_0.7
ID:28	of_type	outlet concentration measurement
ID:28	of_reactor	stirred reactor
ID:28	has_author	Author 72
ID:28	of_year	1963
ID:28	of_target	C7H8
ID:28	has_similarity	S_0.3
ID:28	has_uncertainty	U_0.3
ID:29	of_type	ignition delay measurement
ID:29	of_reactor	rapid compression machine
ID:29	has_author	Author 95
ID:29	of_year	2004
ID:29	of_target	NH3
ID:29	has_similarity	S_1.0
ID:29	has_uncertainty	U_1.0
ID:30	of_type	outlet concentration measurement
ID:30	of_reactor	flow reactor
ID:30	has_author	Author 42
ID:30	of_year	2010
ID:30	of_target	CH3
ID:30	has_similarity	S_0.1
ID:30	has_uncertainty	U_0.1
ID:31	of_type	laminar burning velocity measurement
ID:31	of_reactor	flame
ID:31	has_author	Author 40
ID:31	of_year	2026
ID:31	of_target	CO2
ID:31	has_similarity	S_0.4
ID:31	has_uncertainty	U_0.4
ID:32	of_type	laminar burning velocity measurement
ID:32	of_reactor	flame
ID:32	has_author	Author 76
ID:32	of_year	2002
ID:32	of_target	C0
ID:32	has_similarity	S_0.1
ID:32	has_uncertainty	U_0.1
ID:33	of_type	burner stabilized flame speciation measurement
ID:33	of_reactor	flame
ID:33	has_author	Author 31
ID:33	of_year	1982
ID:33	of_target	NH3
ID:33	has_similarity	S_0.9
ID:33	has_uncertainty	U_0.9
ID:34	of_type	outlet concentration measurement
ID:34	of_reactor	stirred reactor
ID:34	has_author	Author 67
ID:34	of_year	1957
ID:34	of_target	H2
ID:34	has_similarity	S_0.6
ID:34	has_uncertainty	U_0.6
ID:35	of_type	concentration time profile measurement
ID:35	of_reactor	stirred reactor
ID:35	has_author	Author 63
ID:35	of_year	1987
ID:35	of_target	H2S
ID:35	has_similarity	S_0.9
ID:35	has_uncertainty	U_0.9
ID:36	of_type	ignition delay measurement
ID:36	of_reactor	shock tube
ID:36	has_author	Author 25
ID:36	of_year	1955
ID:36	of_target	NH3
ID:36	has_similarity	S_0.4
ID:36	has_uncertainty	U_0.4
ID:37	of_type	outlet concentration measurement
ID:37	of_reactor	shock tube
ID:37	has_author	Author 50
ID:37	of_year	1970
ID:37	of_target	CH3
ID:37	has_similarity	S_0.7
ID:37	has_uncertainty	U_0.7
ID:38	of_type	outlet concentration measurement
ID:38	of_reactor	stirred reactor
ID:38	has_author	Author 41
ID:38	of_year	1998
ID:38	of_target	C0
ID:38	has_similarity	S_0.5
ID:38	has_uncertainty	U_0.5
ID:39	of_type	jet stirred reactor measurement
ID:39	of_reactor	flow reactor
ID:39	has_author	Author 78
ID:39	of_year	2009
ID:39	of_target	CH4
ID:39	has_similarity	S_1.0
ID:39	has_uncertainty	U_1.0
ID:40	of_type	outlet concentration measurement
ID:40	of_reactor	flow reactor
ID:40	has_author	Author 11
ID:40	of_year	1961
ID:40	of_target	CH3
ID:40	has_similarity	S_0.2
ID:40	has_uncertainty	U_0.2
ID:41	of_type	burner stabilized flame speciation measurement
ID:41	of_reactor	flame
ID:41	has_author	Author 9
ID:41	of_year	2001
ID:41	of_target	IDT
ID:41	has_similarity	S_0.3
ID:41	has_uncertainty	U_0.3
ID:42	of_type	ignition delay measurement
ID:42	of_reactor	rapid compression machine
ID:42	has_author	Author 13
ID:42	of_year	1956
ID:42	of_target	CO2
ID:42	has_similarity	S_0.5
ID:42	has_uncertainty	U_0.5
ID:43	of_type	concentration time profile measurement
ID:43	of_reactor	flow reactor
ID:43	has_author	Author 80
ID:43	of_year	1992
ID:43	of_target	CH4
ID:43	has_similarity	S_0.7
ID:43	has_uncertainty	U_0.7
ID:44	of_type	laminar burning velocity measurement
ID:44	of_reactor	flame
ID:44	has_author	Author 53
ID:44	of_year	2001
ID:44	of_target	IDT
ID:44	has_similarity	S_0.7
ID:44	has_uncertainty	U_0.7
ID:45	of_type	laminar burning velocity measurement
ID:45	of_reactor	flame
ID:45	has_author	Author 29
ID:45	of_year	1982
ID:45	of_target	H2
ID:45	has_similarity	S_0.6
ID:45	has_uncertainty	U_0.6
ID:46	of_type	outlet concentration measurement
ID:46	of_reactor	shock tube
ID:46	has_author	Author 66
ID:46	of_year	1968
ID:46	of_target	C6H6
ID:46	has_similarity	S_0.8
ID:46	has_uncertainty	U_0.8
ID:47	of_type	concentration time profile measurement
ID:47	of_reactor	shock tube
ID:47	has_author	Author 13
ID:47	of_year	1960
ID:47	of_target	IDT
ID:47	has_similarity	S_0.6
ID:47	has_uncertainty	U_0.6
ID:48	of_type	concentration time profile measurement
ID:48	of_reactor	stirred reactor
ID:48	has_author	Author 69
ID:48	of_year	2010
ID:48	of_target	NH3
ID:48	has_similarity	S_0.5
ID:48	has_uncertainty	U_0.5
ID:49	of_type	ignition delay measurement
ID:49	of_reactor	shock tube
ID:49	has_author	Author 18
ID:49	of_year	1982
ID:49	of_target	C7H8
ID:49	has_similarity	S_0.5
ID:49	has_uncertainty	U_0.5
ID:50	of_type	ignition delay measurement
ID:50	of_reactor	rapid compression machine
ID:50	has_author	Author 22
ID:50	of_year	2014
ID:50	of_target	CO2
ID:50	has_similarity	S_0.6
ID:50	has_uncertainty	U_0.6
ID:51	of_type	ignition delay measurement
ID:51	of_reactor	shock tube
ID:51	has_author	Author 57
ID:51	of_year	2022
ID:51	of_target	H20
ID:51	has_similarity	S_1.0
ID:51	has_uncertainty	U_1.0
ID:52	of_type	laminar burning velocity measurement
ID:52	of_reactor	flame
ID:52	has_author	Author 77
ID:52	of_year	1984
ID:52	of_target	C7H8
ID:52	has_similarity	S_0.6
ID:52	has_uncertainty	U_0.6
ID:53	of_type	jet stirred reactor measurement
ID:53	of_reactor	stirred reactor
ID:53	has_author	Author 4
ID:53	of_year	1964
ID:53	of_target	CO2
ID:53	has_similarity	S_0.6
ID:53	has_uncertainty	U_0.6
ID:54	of_type	burner stabilized flame speciation measurement
ID:54	of_reactor	flame
ID:54	has_author	Author 1
ID:54	of_year	1970
ID:54	of_target	H2S
ID:54	has_similarity	S_0.4
ID:54	has_uncertainty	U_0.4
ID:55	of_type	burner stabilized flame speciation measurement
ID:55	of_reactor	flame
ID:55	has_author	Author 6
ID:55	of_year	1984
ID:55	of_target	CH4
ID:55	has_similarity	S_0.7
ID:55	has_uncertainty	U_0.7
ID:56	of_type	burner stabilized flame speciation measurement
ID:56	of_reactor	flame
ID:56	has_author	Author 27
ID:56	of_year	2020
ID:56	of_target	C7H8
ID:56	has_similarity	S_1.0
ID:56	has_uncertainty	U_1.0
ID:57	of_type	ignition delay measurement
ID:57	of_reactor	rapid compression machine
ID:57	has_author	Author 57
ID:57	of_year	2027
ID:57	of_target	C5H6
ID:57	has_similarity	S_0.2
ID:57	has_uncertainty	U_0.2
ID:58	of_type	burner stabilized flame speciation measurement
ID:58	of_reactor	flame
ID:58	has_author	Author 57
ID:58	of_year	2020
ID:58	of_target	C7H8
ID:58	has_similarity	S_0.7
ID:58	has_uncertainty	U_0.7
ID:59	of_type	jet stirred reactor measurement
ID:59	of_reactor	shock tube
ID:59	has_author	Author 94
ID:59	of_year	2018
ID:59	of_target	H2
ID:59	has_similarity	S_0.4
ID:59	has_uncertainty	U_0.4
ID:60	of_type	ignition delay measurement
ID:60	of_reactor	shock tube
ID:60	has_author	Author 57
ID:60	of_year	2022
ID:60	of_target	H2
ID:60	has_similarity	S_0.1
ID:60	has_uncertainty	U_0.1
ID:61	of_type	concentration time profile measurement
ID:61	of_reactor	shock tube
ID:61	has_author	Author 16
ID:61	of_year	2000
ID:61	of_target	H2
ID:61	has_similarity	S_0.3
ID:61	has_uncertainty	U_0.3
ID:62	of_type	jet stirred reactor measurement
ID:62	of_reactor	shock tube
ID:62	has_author	Author 76
ID:62	of_year	2003
ID:62	of_target	CH4
ID:62	has_similarity	S_0.3
ID:62	has_uncertainty	U_0.3
ID:63	of_type	outlet concentration measurement
ID:63	of_reactor	flow reactor
ID:63	has_author	Author 29
ID:63	of_year	1982
ID:63	of_target	C7H8
ID:63	has_similarity	S_0.3
ID:63	has_uncertainty	U_0.3
ID:64	of_type	concentration time profile measurement
ID:64	of_reactor	stirred reactor
ID:64	has_author	Author 64
ID:64	of_year	1979
ID:64	of_target	NH3
ID:64	has_similarity	S_0.8
ID:64	has_uncertainty	U_0.8
ID:65	of_type	laminar burning velocity measurement
ID:65	of_reactor	flame
ID:65	has_author	Author 14
ID:65	of_year	1982
ID:65	of_target	C0
ID:65	has_similarity	S_0.0
ID:65	has_uncertainty	U_0.0
ID:66	of_type	ignition delay measurement
ID:66	of_reactor	shock tube
ID:66	has_author	Author 23
ID:66	of_year	1956
ID:66	of_target	C5H6
ID:66	has_similarity	S_0.5
ID:66	has_uncertainty	U_0.5
ID:67	of_type	jet stirred reactor measurement
ID:67	of_reactor	shock tube
ID:67	has_author	Author 30
ID:67	of_year	2023
ID:67	of_target	H2S
ID:67	has_similarity	S_0.9
ID:67	has_uncertainty	U_0.9
ID:68	of_type	laminar burning velocity measurement
ID:68	of_reactor	flame
ID:68	has_author	Author 33
ID:68	of_year	2010
ID:68	of_target	C0
ID:68	has_similarity	S_0.3
ID:68	has_uncertainty	U_0.3
ID:69	of_type	outlet concentration measurement
ID:69	of_reactor	stirred reactor
ID:69	has_author	Author 2
ID:69	of_year	2023
ID:69	of_target	IDT
ID:69	has_similarity	S_0.2
ID:69	has_uncertainty	U_0.2
ID:70	of_type	concentration time profile measurement
ID:70	of_reactor	stirred reactor
ID:70	has_author	Author 38
ID:70	of_year	2000
ID:70	of_target	IDT
ID:70	has_similarity	S_0.3
ID:70	has_uncertainty	U_0.3
ID:71	of_type	jet stirred reactor measurement
ID:71	of_reactor	flow reactor
ID:71	has_author	Author 86
ID:71	of_year	1980
ID:71	of_target	H2
ID:71	has_similarity	S_0.0
ID:71	has_uncertainty	U_0.0
ID:72	of_type	concentration time profile measurement
ID:72	of_reactor	shock tube
ID:72	has_author	Author 16
ID:72	of_year	1995
ID:72	of_target	H2
ID:72	has_similarity	S_0.2
ID:72	has_uncertainty	U_0.2
ID:73	of_type	outlet concentration measurement
ID:73	of_reactor	flow reactor
ID:73	has_author	Author 6
ID:73	of_year	1980
ID:73	of_target	NH3
ID:73	has_similarity	S_1.0
ID:73	has_uncertainty	U_1.0
ID:74	of_type	burner stabilized flame speciation measurement
ID:74	of_reactor	flame
ID:74	has_author	Author 11
ID:74	of_year	1963
ID:74	of_target	C5H6
ID:74	has_similarity	S_0.4
ID:74	has_uncertainty	U_0.4
ID:75	of_type	concentration time profile measurement
ID:75	of_reactor	stirred reactor
ID:75	has_author	Author 33
ID:75	of_year	2006
ID:75	of_target	H2
ID:75	has_similarity	S_0.4
ID:75	has_uncertainty	U_0.4
ID:76	of_type	burner stabilized flame speciation measurement
ID:76	of_reactor	flame
ID:76	has_author	Author 68
ID:76	of_year	2003
ID:76	of_target	C0
ID:76	has_similarity	S_0.7
ID:76	has_uncertainty	U_0.7
ID:77	of_type	outlet concentration measurement
ID:77	of_reactor	stirred reactor
ID:77	has_author	Author 86
ID:77	of_year	1987
ID:77	of_target	NH3
ID:77	has_similarity	S_0.7
ID:77	has_uncertainty	U_0.7
ID:78	of_type	burner stabilized flame speciation measurement
ID:78	of_reactor	flame
ID:78	has_author	Author 17
ID:78	of_year	1951
ID:78	of_target	H2
ID:78	has_similarity	S_0.7
ID:78	has_uncertainty	U_0.7
ID:79	of_type	concentration time profile measurement
ID:79	of_reactor	stirred reactor
ID:79	has_author	Author 58
ID:79	of_year	1998
ID:79	of_target	H2S
ID:79	has_similarity	S_0.8
ID:79	has_uncertainty	U_0.8
ID:80	of_type	ignition delay measurement
ID:80	of_reactor	rapid compression machine
ID:80	has_author	Author 80
ID:80	of_year	1990
ID:80	of_target	C6H6
ID:80	has_similarity	S_0.1
ID:80	has_uncertainty	U_0.1
ID:81	of_type	laminar burning velocity measurement
ID:81	of_reactor	flame
ID:81	has_author	Author 34
ID:81	of_year	1996
ID:81	of_target	CH4
ID:81	has_similarity	S_0.7
ID:81	has_uncertainty	U_0.7
ID:82	of_type	concentration time profile measurement
ID:82	of_reactor	shock tube
ID:82	has_author	Author 41
ID:82	of_year	2000
ID:82	of_target	H2S
ID:82	has_similarity	S_0.8
ID:82	has_uncertainty	U_0.8
ID:83	of_type	laminar burning velocity measurement
ID:83	of_reactor	flame
ID:83	has_author	Author 19
ID:83	of_year	2008
ID:83	of_target	H2S
ID:83	has_similarity	S_1.0
ID:83	has_uncertainty	U_1.0
ID:84	of_type	outlet concentration measurement
ID:84	of_reactor	flow reactor
ID:84	has_author	Author 77
ID:84	of_year	1990
ID:84	of_target	C5H6
ID:84	has_similarity	S_0.6
ID:84	has_uncertainty	U_0.6
ID:85	of_type	outlet concentration measurement
ID:85	of_reactor	shock tube
ID:85	has_author	Author 65
ID:85	of_year	1990
ID:85	of_target	C0
ID:85	has_similarity	S_0.1
ID:85	has_uncertainty	U_0.1
ID:86	of_type	burner stabilized flame speciation measurement
ID:86	of_reactor	flame
ID:86	has_author	Author 47
ID:86	of_year	2026
ID:86	of_target	C7H8
ID:86	has_similarity	S_0.1
ID:86	has_uncertainty	U_0.1
ID:87	of_type	laminar burning velocity measurement
ID:87	of_reactor	flame
ID:87	has_author	Author 80
ID:87	of_year	1997
ID:87	of_target	C5H6
ID:87	has_similarity	S_0.3
ID:87	has_uncertainty	U_0.3
ID:88	of_type	concentration time profile measurement
ID:88	of_reactor	flow reactor
ID:88	has_author	Author 84
ID:88	of_year	1998
ID:88	of_target	NH3
ID:88	has_similarity	S_1.0
ID:88	has_uncertainty	U_1.0
ID:89	of_type	laminar burning velocity measurement
ID:89	of_reactor	flame
ID:89	has_author	Author 59
ID:89	of_year	1961
ID:89	of_target	C7H8
ID:89	has_similarity	S_0.3
ID:89	has_uncertainty	U_0.3
ID:90	of_type	jet stirred reactor measurement
ID:90	of_reactor	shock tube
ID:90	has_author	Author 82
ID:90	of_year	1988
ID:90	of_target	C6H6
ID:90	has_similarity	S_0.2
ID:90	has_uncertainty	U_0.2
ID:91	of_type	jet stirred reactor measurement
ID:91	of_reactor	shock tube
ID:91	has_author	Author 33
ID:91	of_year	2009
ID:91	of_target	CH3
ID:91	has_similarity	S_0.1
ID:91	has_uncertainty	U_0.1
ID:92	of_type	concentration time profile measurement
ID:92	of_reactor	flow reactor
ID:92	has_author	Author 10
ID:92	of_year	1961
ID:92	of_target	CH4
ID:92	has_similarity	S_0.4
ID:92	has_uncertainty	U_0.4
ID:93	of_type	burner stabilized flame speciation measurement
ID:93	of_reactor	flame
ID:93	has_author	Author 4
ID:93	of_year	1965
ID:93	of_target	C0
ID:93	has_similarity	S_0.0
ID:93	has_uncertainty	U_0.0
ID:94	of_type	burner stabilized flame speciation measurement
ID:94	of_reactor	flame
ID:94	has_author	Author 77
ID:94	of_year	1985
ID:94	of_target	CO2
ID:94	has_similarity	S_0.8
ID:94	has_uncertainty	U_0.8
ID:95	of_type	ignition delay measurement
ID:95	of_reactor	rapid compression machine
ID:95	has_author	Author 89
ID:95	of_year	1980
ID:95	of_target	C6H6
ID:95	has_similarity	S_0.9
ID:95	has_uncertainty	U_0.9
ID:96	of_type	ignition delay measurement
ID:96	of_reactor	shock tube
ID:96	has_author	Author 20
ID:96	of_year	1988
ID:96	of_target	C0
ID:96	has_similarity	S_0.3
ID:96	has_uncertainty	U_0.3
ID:97	of_type	concentration time profile measurement
ID:97	of_reactor	flow reactor
ID:97	has_author	Author 45
ID:97	of_year	1972
ID:97	of_target	CH3
ID:97	has_similarity	S_0.7
ID:97	has_uncertainty	U_0.7
ID:98	of_type	burner stabilized flame speciation measurement
ID:98	of_reactor	flame
ID:98	has_author	Author 65
ID:98	of_year	1990
ID:98	of_target	NH3
ID:98	has_similarity	S_0.2
ID:98	has_uncertainty	U_0.2
ID:99	of_type	jet stirred reactor measurement
ID:99	of_reactor	flow reactor
ID:99	has_author	Author 57
ID:99	of_year	2024
ID:99	of_target	IDT
ID:99	has_similarity	S_0.6
ID:99	has_uncertainty	U_0.6
ID:100	of_type	jet stirred reactor measurement
ID:100	of_reactor	flow reactor
ID:100	has_author	Author 78
ID:100	of_year	2005
ID:100	of_target	C0
ID:100	has_similarity	S_0.7
ID:100	has_uncertainty	U_0.7
ID:101	of_type	concentration time profile measurement
ID:101	of_reactor	shock tube
ID:101	has_author	Author 33
ID:101	of_year	2003
ID:101	of_target	H2
ID:101	has_similarity	S_0.4
ID:101	has_uncertainty	U_0.4
ID:102	of_type	jet stirred reactor measurement
ID:102	of_reactor	stirred reactor
ID:102	has_author	Author 88
ID:102	of_year	2004
ID:102	of_target	C0
ID:102	has_similarity	S_0.5
ID:102	has_uncertainty	U_0.5
ID:103	of_type	burner stabilized flame speciation measurement
ID:103	of_reactor	flame
ID:103	has_author	Author 30
ID:103	of_year	2021
ID:103	of_target	C5H6
ID:103	has_similarity	S_0.0
ID:103	has_uncertainty	U_0.0
ID:104	of_type	outlet concentration measurement
ID:104	of_reactor	shock tube
ID:104	has_author	Author 41
ID:104	of_year	1990
ID:104	of_target	NH3
ID:104	has_similarity	S_0.5
ID:104	has_uncertainty	U_0.5
ID:105	of_type	laminar burning velocity measurement
ID:105	of_reactor	flame
ID:105	has_author	Author 9
ID:105	of_year	2003
ID:105	of_target	H2S
ID:105	has_similarity	S_0.3
ID:105	has_uncertainty	U_0.3
ID:106	of_type	laminar burning velocity measurement
ID:106	of_reactor	flame
ID:106	has_author	Author 81
ID:106	of_year	2020
ID:106	of_target	C6H6
ID:106	has_similarity	S_0.8
ID:106	has_uncertainty	U_0.8
ID:107	of_type	concentration time profile measurement
ID:107	of_reactor	shock tube
ID:107	has_author	Author 27
ID:107	of_year	2025
ID:107	of_target	H20
ID:107	has_similarity	S_0.5
ID:107	has_uncertainty	U_0.5
ID:108	of_type	ignition delay measurement
ID:108	of_reactor	shock tube
ID:108	has_author	Author 89
ID:108	of_year	1971
ID:108	of_target	H20
ID:108	has_similarity	S_0.5
ID:108	has_uncertainty	U_0.5
ID:109	of_type	laminar burning velocity measurement
ID:109	of_reactor	flame
ID:109	has_author	Author 42
ID:109	of_year	2009
ID:109	of_target	CH4
ID:109	has_similarity	S_0.5
ID:109	has_uncertainty	U_0.5
ID:110	of_type	ignition delay measurement
ID:110	of_reactor	shock tube
ID:110	has_author	Author 61
ID:110	of_year	2026
ID:110	of_target	C7H8
ID:110	has_similarity	S_0.9
ID:110	has_uncertainty	U_0.9
ID:111	of_type	concentration time profile measurement
ID:111	of_reactor	flow reactor
ID:111	has_author	Author 5
ID:111	of_year	1999
ID:111	of_target	CH3
ID:111	has_similarity	S_0.8
ID:111	has_uncertainty	U_0.8
ID:112	of_type	laminar burning velocity measurement
ID:112	of_reactor	flame
ID:112	has_author	Author 42
ID:112	of_year	2008
ID:112	of_target	C5H6
ID:112	has_similarity	S_0.8
ID:112	has_uncertainty	U_0.8
ID:113	of_type	burner stabilized flame speciation measurement
ID:113	of_reactor	flame
ID:113	has_author	Author 42
ID:113	of_year	2004
ID:113	of_target	CO2
ID:113	has_similarity	S_0.7
ID:113	has_uncertainty	U_0.7
ID:114	of_type	outlet concentration measurement
ID:114	of_reactor	stirred reactor
ID:114	has_author	Author 52
ID:114	of_year	1963
ID:114	of_target	C6H6
ID:114	has_similarity	S_0.1
ID:114	has_uncertainty	U_0.1
ID:115	of_type	concentration time profile measurement
ID:115	of_reactor	shock tube
ID:115	has_author	Author 29
ID:115	of_year	1987
ID:115	of_target	C0
ID:115	has_similarity	S_0.1
ID:115	has_uncertainty	U_0.1
ID:116	of_type	ignition delay measurement
ID:116	of_reactor	rapid compression machine
ID:116	has_author	Author 11
ID:116	of_year	1968
ID:116	of_target	H2
ID:116	has_similarity	S_0.0
ID:116	has_uncertainty	U_0.0
ID:117	of_type	ignition delay measurement
ID:117	of_reactor	shock tube
ID:117	has_author	Author 31
ID:117	of_year	1984
ID:117	of_target	C6H6
ID:117	has_similarity	S_0.9
ID:117	has_uncertainty	U_0.9
ID:118	of_type	concentration time profile measurement
ID:118	of_reactor	shock tube
ID:118	has_author	Author 49
ID:118	of_year	1999
ID:118	of_target	CH3
ID:118	has_similarity	S_0.7
ID:118	has_uncertainty	U_0.7
ID:119	of_type	jet stirred reactor measurement
ID:119	of_reactor	stirred reactor
ID:119	has_author	Author 32
ID:119	of_year	1990
ID:119	of_target	CO2
ID:119	has_similarity	S_0.4
ID:119	has_uncertainty	U_0.4
ID:120	of_type	jet stirred reactor measurement
ID:120	of_reactor	stirred reactor
ID:120	has_author	Author 4
ID:120	of_year	1965
ID:120	of_target	H2
ID:120	has_similarity	S_0.2
ID:120	has_uncertainty	U_0.2
ID:121	of_type	concentration time profile measurement
ID:121	of_reactor	flow reactor
ID:121	has_author	Author 80
ID:121	of_year	2000
ID:121	of_target	H2
ID:121	has_similarity	S_0.6
ID:121	has_uncertainty	U_0.6
ID:122	of_type	ignition delay measurement
ID:122	of_reactor	shock tube
ID:122	has_author	Author 83
ID:122	of_year	2010
ID:122	of_target	C0
ID:122	has_similarity	S_0.7
ID:122	has_uncertainty	U_0.7
ID:123	of_type	jet stirred reactor measurement
ID:123	of_reactor	shock tube
ID:123	has_author	Author 5
ID:123	of_year	1995
ID:123	of_target	C0
ID:123	has_similarity	S_0.9
ID:123	has_uncertainty	U_0.9
ID:124	of_type	outlet concentration measurement
ID:124	of_reactor	stirred reactor
ID:124	has_author	Author 22
ID:124	of_year	2010
ID:124	of_target	NH3
ID:124	has_similarity	S_0.1
ID:124	has_uncertainty	U_0.1
ID:125	of_type	ignition delay measurement
ID:125	of_reactor	shock tube
ID:125	has_author	Author 91
ID:125	of_year	2006
ID:125	of_target	CH3
ID:125	has_similarity	S_0.8
ID:125	has_uncertainty	U_0.8
ID:126	of_type	ignition delay measurement
ID:126	of_reactor	rapid compression machine
ID:126	has_author	Author 26
ID:126	of_year	2029
ID:126	of_target	H2S
ID:126	has_similarity	S_0.4
ID:126	has_uncertainty	U_0.4
ID:127	of_type	burner stabilized flame speciation measurement
ID:127	of_reactor	flame
ID:127	has_author	Author 30
ID:127	of_year	2027
ID:127	of_target	CH4
ID:127	has_similarity	S_0.6
ID:127	has_uncertainty	U_0.6
ID:128	of_type	outlet concentration measurement
ID:128	of_reactor	flow reactor
ID:128	has_author	Author 33
ID:128	of_year	2001
ID:128	of_target	NH3
ID:128	has_similarity	S_0.9
ID:128	has_uncertainty	U_0.9
ID:129	of_type	concentration time profile measurement
ID:129	of_reactor	stirred reactor
ID:129	has_author	Author 31
ID:129	of_year	1987
ID:129	of_target	C7H8
ID:129	has_similarity	S_0.6
ID:129	has_uncertainty	U_0.6
ID:130	of_type	outlet concentration measurement
ID:130	of_reactor	shock tube
ID:130	has_author	Author 63
ID:130	of_year	1987
ID:130	of_target	IDT
ID:130	has_similarity	S_0.7
ID:130	has_uncertainty	U_0.7
ID:131	of_type	ignition delay measurement
ID:131	of_reactor	rapid compression machine
ID:131	has_author	Author 47
ID:131	of_year	2021
ID:131	of_target	C0
ID:131	has_similarity	S_0.3
ID:131	has_uncertainty	U_0.3
ID:132	of_type	ignition delay measurement
ID:132	of_reactor	rapid compression machine
ID:132	has_author	Author 47
ID:132	of_year	2023
ID:132	of_target	C6H6
ID:132	has_similarity	S_0.4
ID:132	has_uncertainty	U_0.4
ID:133	of_type	laminar burning velocity measurement
ID:133	of_reactor	flame
ID:133	has_author	Author 0
ID:133	of_year	1990
ID:133	of_target	C7H8
ID:133	has_similarity	S_0.2
ID:133	has_uncertainty	U_0.2
ID:134	of_type	ignition delay measurement
ID:134	of_reactor	shock tube
ID:134	has_author	Author 20
ID:134	of_year	1988
ID:134	of_target	C5H6
ID:134	has_similarity	S_0.8
ID:134	has_uncertainty	U_0.8
ID:135	of_type	burner stabilized flame speciation measurement
ID:135	of_reactor	flame
ID:135	has_author	Author 49
ID:135	of_year	1995
ID:135	of_target	CH3
ID:135	has_similarity	S_0.1
ID:135	has_uncertainty	U_0.1
ID:136	of_type	burner stabilized flame speciation measurement
ID:136	of_reactor	flame
ID:136	has_author	Author 79
ID:136	of_year	1966
ID:136	of_target	C5H6
ID:136	has_similarity	S_0.7
ID:136	has_uncertainty	U_0.7
ID:137	of_type	laminar burning velocity measurement
ID:137	of_reactor	flame
ID:137	has_author	Author 30
ID:137	of_year	2021
ID:137	of_target	C7H8
ID:137	has_similarity	S_0.8
ID:137	has_uncertainty	U_0.8
ID:138	of_type	ignition delay measurement
ID:138	of_reactor	rapid compression machine
ID:138	has_author	Author 26
ID:138	of_year	2028
ID:138	of_target	C0
ID:138	has_similarity	S_0.2
ID:138	has_uncertainty	U_0.2
ID:139	of_type	laminar burning velocity measurement
ID:139	of_reactor	flame
ID:139	has_author	Author 6
ID:139	of_year	1982
ID:139	of_target	C7H8
ID:139	has_similarity	S_0.1
ID:139	has_uncertainty	U_0.1
ID:140	of_type	laminar burning velocity measurement
ID:140	of_reactor	flame
ID:140	has_author	Author 87
ID:140	of_year	2027
ID:140	of_target	NH3
ID:140	has_similarity	S_0.6
ID:140	has_uncertainty	U_0.6
ID:141	of_type	outlet concentration measurement
ID:141	of_reactor	flow reactor
ID:141	has_author	Author 73
ID:141	of_year	2023
ID:141	of_target	H2
ID:141	has_similarity	S_0.5
ID:141	has_uncertainty	U_0.5
ID:142	of_type	jet stirred reactor measurement
ID:142	of_reactor	stirred reactor
ID:142	has_author	Author 52
ID:142	of_year	1960
ID:142	of_target	H2S
ID:142	has_similarity	S_0.5
ID:142	has_uncertainty	U_0.5
ID:143	of_type	laminar burning velocity measurement
ID:143	of_reactor	flame
ID:143	has_author	Author 90
ID:143	of_year	1951
ID:143	of_target	C7H8
ID:143	has_similarity	S_0.4
ID:143	has_uncertainty	U_0.4
ID:144	of_type	outlet concentration measurement
ID:144	of_reactor	stirred reactor
ID:144	has_author	Author 20
ID:144	of_year	1983
ID:144	of_target	IDT
ID:144	has_similarity	S_0.7
ID:144	has_uncertainty	U_0.7
ID:145	of_type	ignition delay measurement
ID:145	of_reactor	shock tube
ID:145	has_author	Author 5
ID:145	of_year	1999
ID:145	of_target	NH3
ID:145	has_similarity	S_0.6
ID:145	has_uncertainty	U_0.6
ID:146	of_type	concentration time profile measurement
ID:146	of_reactor	stirred reactor
ID:146	has_author	Author 66
ID:146	of_year	1967
ID:146	of_target	H2S
ID:146	has_similarity	S_0.0
ID:146	has_uncertainty	U_0.0
ID:147	of_type	ignition delay measurement
ID:147	of_reactor	rapid compression machine
ID:147	has_author	Author 28
ID:147	of_year	1962
ID:147	of_target	C5H6
ID:147	has_similarity	S_0.6
ID:147	has_uncertainty	U_0.6
ID:148	of_type	jet stirred reactor measurement
ID:148	of_reactor	flow reactor
ID:148	has_author	Author 63
ID:148	of_year	1986
ID:148	of_target	H2S
ID:148	has_similarity	S_0.1
ID:148	has_uncertainty	U_0.1
ID:149	of_type	outlet concentration measurement
ID:149	of_reactor	shock tube
ID:149	has_author	Author 15
ID:149	of_year	1980
ID:149	of_target	H2
ID:149	has_similarity	S_0.8
ID:149	has_uncertainty	U_0.8
ID:150	of_type	laminar burning velocity measurement
ID:150	of_reactor	flame
ID:150	has_author	Author 97
ID:150	of_year	2011
ID:150	of_target	H2S
ID:150	has_similarity	S_0.0
ID:150	has_uncertainty	U_0.0
ID:151	of_type	ignition delay measurement
ID:151	of_reactor	shock tube
ID:151	has_author	Author 17
ID:151	of_year	1960
ID:151	of_target	C5H6
ID:151	has_similarity	S_1.0
ID:151	has_uncertainty	U_1.0
ID:152	of_type	ignition delay measurement
ID:152	of_reactor	shock tube
ID:152	has_author	Author 3
ID:152	of_year	1963
ID:152	of_target	IDT
ID:152	has_similarity	S_0.0
ID:152	has_uncertainty	U_0.0
ID:153	of_type	concentration time profile measurement
ID:153	of_reactor	shock tube
ID:153	has_author	Author 63
ID:153	of_year	1981
ID:153	of_target	H2S
ID:153	has_similarity	S_0.5
ID:153	has_uncertainty	U_0.5
ID:154	of_type	burner stabilized flame speciation measurement
ID:154	of_reactor	flame
ID:154	has_author	Author 40
ID:154	of_year	2020
ID:154	of_target	CH4
ID:154	has_similarity	S_0.5
ID:154	has_uncertainty	U_0.5
ID:155	of_type	outlet concentration measurement
ID:155	of_reactor	shock tube
ID:155	has_author	Author 28
ID:155	of_year	1963
ID:155	of_target	C6H6
ID:155	has_similarity	S_0.2
ID:155	has_uncertainty	U_0.2
ID:156	of_type	laminar burning velocity measurement
ID:156	of_reactor	flame
ID:156	has_author	Author 63
ID:156	of_year	1980
ID:156	of_target	C6H6
ID:156	has_similarity	S_0.6
ID:156	has_uncertainty	U_0.6
ID:157	of_type	burner stabilized flame speciation measurement
ID:157	of_reactor	flame
ID:157	has_author	Author 85
ID:157	of_year	1992
ID:157	of_target	CH3
ID:157	has_similarity	S_0.0
ID:157	has_uncertainty	U_0.0
ID:158	of_type	concentration time profile measurement
ID:158	of_reactor	flow reactor
ID:158	has_author	Author 87
ID:158	of_year	2026
ID:158	of_target	C6H6
ID:158	has_similarity	S_0.6
ID:158	has_uncertainty	U_0.6
ID:159	of_type	laminar burning velocity measurement
ID:159	of_reactor	flame
ID:159	has_author	Author 11
ID:159	of_year	1963
ID:159	of_target	IDT
ID:159	has_similarity	S_0.1
ID:159	has_uncertainty	U_0.1
ID:160	of_type	outlet concentration measurement
ID:160	of_reactor	flow reactor
ID:160	has_author	Author 22
ID:160	of_year	2013
ID:160	of_target	H2S
ID:160	has_similarity	S_0.4
ID:160	has_uncertainty	U_0.4
ID:161	of_type	concentration time profile measurement
ID:161	of_reactor	stirred reactor
ID:161	has_author	Author 86
ID:161	of_year	1986
ID:161	of_target	CH4
ID:161	has_similarity	S_0.4
ID:161	has_uncertainty	U_0.4
ID:162	of_type	burner stabilized flame speciation measurement
ID:162	of_reactor	flame
ID:162	has_author	Author 61
ID:162	of_year	2027
ID:162	of_target	C5H6
ID:162	has_similarity	S_1.0
ID:162	has_uncertainty	U_1.0
ID:163	of_type	ignition delay measurement
ID:163	of_reactor	rapid compression machine
ID:163	has_author	Author 4
ID:163	of_year	1969
ID:163	of_target	NH3
ID:163	has_similarity	S_0.6
ID:163	has_uncertainty	U_0.6
ID:164	of_type	jet stirred reactor measurement
ID:164	of_reactor	stirred reactor
ID:164	has_author	Author 89
ID:164	of_year	1971
ID:164	of_target	NH3
ID:164	has_similarity	S_0.5
ID:164	has_uncertainty	U_0.5
ID:165	of_type	ignition delay measurement
ID:165	of_reactor	shock tube
ID:165	has_author	Author 63
ID:165	of_year	1988
ID:165	of_target	C6H6
ID:165	has_similarity	S_0.3
ID:165	has_uncertainty	U_0.3
ID:166	of_type	jet stirred reactor measurement
ID:166	of_reactor	stirred reactor
ID:166	has_author	Author 7
ID:166	of_year	1976
ID:166	of_target	CH3
ID:166	has_similarity	S_0.0
ID:166	has_uncertainty	U_0.0
ID:167	of_type	jet stirred reactor measurement
ID:167	of_reactor	stirred reactor
ID:167	has_author	Author 48
ID:167	of_year	2017
ID:167	of_target	CH4
ID:167	has_similarity	S_0.6
ID:167	has_uncertainty	U_0.6
ID:168	of_type	burner stabilized flame speciation measurement
ID:168	of_reactor	flame
ID:168	has_author	Author 87
ID:168	of_year	2030
ID:168	of_target	CH3
ID:168	has_similarity	S_0.4
ID:168	has_uncertainty	U_0.4
ID:169	of_type	outlet concentration measurement
ID:169	of_reactor	flow reactor
ID:169	has_author	Author 8
ID:169	of_year	1960
ID:169	of_target	CH4
ID:169	has_similarity	S_0.5
ID:169	has_uncertainty	U_0.5
ID:170	of_type	outlet concentration measurement
ID:170	of_reactor	flow reactor
ID:170	has_author	Author 18
ID:170	of_year	1987
ID:170	of_target	H20
ID:170	has_similarity	S_1.0
ID:170	has_uncertainty	U_1.0
ID:171	of_type	ignition delay measurement
ID:171	of_reactor	shock tube
ID:171	has_author	Author 90
ID:171	of_year	1959
ID:171	of_target	IDT
ID:171	has_similarity	S_0.2
ID:171	has_uncertainty	U_0.2
ID:172	of_type	concentration time profile measurement
ID:172	of_reactor	flow reactor
ID:172	has_author	Author 25
ID:172	of_year	1959
ID:172	of_target	C0
ID:172	has_similarity	S_0.7
ID:172	has_uncertainty	U_0.7
ID:173	of_type	concentration time profile measurement
ID:173	of_reactor	stirred reactor
ID:173	has_author	Author 44
ID:173	of_year	2030
ID:173	of_target	C6H6
ID:173	has_similarity	S_0.4
ID:173	has_uncertainty	U_0.4
ID:174	of_type	laminar burning velocity measurement
ID:174	of_reactor	flame
ID:174	has_author	Author 32
ID:174	of_year	1998
ID:174	of_target	C7H8
ID:174	has_similarity	S_0.9
ID:174	has_uncertainty	U_0.9
ID:175	of_type	laminar burning velocity measurement
ID:175	of_reactor	flame
ID:175	has_author	Author 45
ID:175	of_year	1970
ID:175	of_target	C5H6
ID:175	has_similarity	S_0.5
ID:175	has_uncertainty	U_0.5
ID:176	of_type	laminar burning velocity measurement
ID:176	of_reactor	flame
ID:176	has_author	Author 96
ID:176	of_year	1996
ID:176	of_target	C7H8
ID:176	has_similarity	S_0.4
ID:176	has_uncertainty	U_0.4
ID:177	of_type	ignition delay measurement
ID:177	of_reactor	rapid compression machine
ID:177	has_author	Author 86
ID:177	of_year	1984
ID:177	of_target	IDT
ID:177	has_similarity	S_0.7
ID:177	has_uncertainty	U_0.7
ID:178	of_type	outlet concentration measurement
ID:178	of_reactor	shock tube
ID:178	has_author	Author 84
ID:178	of_year	1991
ID:178	of_target	NH3
ID:178	has_similarity	S_0.8
ID:178	has_uncertainty	U_0.8
ID:179	of_type	laminar burning velocity measurement
ID:179	of_reactor	flame
ID:179	has_author	Author 45
ID:179	of_year	1973
ID:179	of_target	NH3
ID:179	has_similarity	S_0.6
ID:179	has_uncertainty	U_0.6
ID:180	of_type	burner stabilized flame speciation measurement
ID:180	of_reactor	flame
ID:180	has_author	Author 1
ID:180	of_year	1964
ID:180	of_target	CO2
ID:180	has_similarity	S_0.8
ID:180	has_uncertainty	U_0.8
ID:181	of_type	outlet concentration measurement
ID:181	of_reactor	flow reactor
ID:181	has_author	Author 39
ID:181	of_year	1994
ID:181	of_target	CH4
ID:181	has_similarity	S_0.3
ID:181	has_uncertainty	U_0.3
ID:182	of_type	outlet concentration measurement
ID:182	of_reactor	stirred reactor
ID:182	has_author	Author 74
ID:182	of_year	2001
ID:182	of_target	C5H6
ID:182	has_similarity	S_0.2
ID:182	has_uncertainty	U_0.2
ID:183	of_type	burner stabilized flame speciation measurement
ID:183	of_reactor	flame
ID:183	has_author	Author 98
ID:183	of_year	2024
ID:183	of_target	H2S
ID:183	has_similarity	S_0.1
ID:183	has_uncertainty	U_0.1
ID:184	of_type	concentration time profile measurement
ID:184	of_reactor	stirred reactor
ID:184	has_author	Author 21
ID:184	of_year	2023
ID:184	of_target	H20
ID:184	has_similarity	S_0.3
ID:184	has_uncertainty	U_0.3
ID:185	of_type	ignition delay measurement
ID:185	of_reactor	shock tube
ID:185	has_author	Author 90
ID:185	of_year	1960
ID:185	of_target	NH3
ID:185	has_similarity	S_0.1
ID:185	has_uncertainty	U_0.1
ID:186	of_type	laminar burning velocity measurement
ID:186	of_reactor	flame
ID:186	has_author	Author 24
ID:186	of_year	1977
ID:186	of_target	C0
ID:186	has_similarity	S_0.8
ID:186	has_uncertainty	U_0.8
ID:187	of_type	burner stabilized flame speciation measurement
ID:187	of_reactor	flame
ID:187	has_author	Author 47
ID:187	of_year	2029
ID:187	of_target	C5H6
ID:187	has_similarity	S_0.6
ID:187	has_uncertainty	U_0.6
ID:188	of_type	concentration time profile measurement
ID:188	of_reactor	stirred reactor
ID:188	has_author	Author 0
ID:188	of_year	1997
ID:188	of_target	H20
ID:188	has_similarity	S_0.5
ID:188	has_uncertainty	U_0.5
ID:189	of_type	jet stirred reactor measurement
ID:189	of_reactor	flow reactor
ID:189	has_author	Author 66
ID:189	of_year	1968
ID:189	of_target	H20
ID:189	has_similarity	S_0.3
ID:189	has_uncertainty	U_0.3
ID:190	of_type	jet stirred reactor measurement
ID:190	of_reactor	stirred reactor
ID:190	has_author	Author 60
ID:190	of_year	1987
ID:190	of_target	H2
ID:190	has_similarity	S_0.0
ID:190	has_uncertainty	U_0.0
ID:191	of_type	burner stabilized flame speciation measurement
ID:191	of_reactor	flame
ID:191	has_author	Author 34
ID:191	of_year	1999
ID:191	of_target	C5H6
ID:191	has_similarity	S_0.1
ID:191	has_uncertainty	U_0.1
ID:192	of_type	ignition delay measurement
ID:192	of_reactor	rapid compression machine
ID:192	has_author	Author 68
ID:192	of_year	2008
ID:192	of_target	C5H6
ID:192	has_similarity	S_0.5
ID:192	has_uncertainty	U_0.5
ID:193	of_type	ignition delay measurement
ID:193	of_reactor	rapid compression machine
ID:193	has_author	Author 89
ID:193	of_year	1973
ID:193	of_target	C0
ID:193	has_similarity	S_1.0
ID:193	has_uncertainty	U_1.0
ID:194	of_type	outlet concentration measurement
ID:194	of_reactor	flow reactor
ID:194	has_author	Author 99
ID:194	of_year	2007
ID:194	of_target	CH4
ID:194	has_similarity	S_0.7
ID:194	has_uncertainty	U_0.7
ID:195	of_type	burner stabilized flame speciation measurement
ID:195	of_reactor	flame
ID:195	has_author	Author 97
ID:195	of_year	2019
ID:195	of_target	C5H6
ID:195	has_similarity	S_0.2
ID:195	has_uncertainty	U_0.2
ID:196	of_type	jet stirred reactor measurement
ID:196	of_reactor	flow reactor
ID:196	has_author	Author 16
ID:196	of_year	1997
ID:196	of_target	H20
ID:196	has_similarity	S_0.5
ID:196	has_uncertainty	U_0.5
ID:197	of_type	outlet concentration measurement
ID:197	of_reactor	shock tube
ID:197	has_author	Author 65
ID:197	of_year	1991
ID:197	of_target	NH3
ID:197	has_similarity	S_0.3
ID:197	has_uncertainty	U_0.3
ID:198	of_type	outlet concentration measurement
ID:198	of_reactor	flow reactor
ID:198	has_author	Author 55
ID:198	of_year	1952
ID:198	of_target	C7H8
ID:198	has_similarity	S_0.2
ID:198	has_uncertainty	U_0.2
ID:199	of_type	concentration time profile measurement
ID:199	of_reactor	stirred reactor
ID:199	has_author	Author 94
ID:199	of_year	2013
ID:199	of_target	C7H8
ID:199	has_similarity	S_0.5
ID:199	has_uncertainty	U_0.5
ID:200	of_type	outlet concentration measurement
ID:200	of_reactor	stirred reactor
ID:200	has_author	Author 4
ID:200	of_year	1965
ID:200	of_target	CO2
ID:200	has_similarity	S_0.3
ID:200	has_uncertainty	U_0.3
ID:201	of_type	ignition delay measurement
ID:201	of_reactor	rapid compression machine
ID:201	has_author	Author 4
ID:201	of_year	1966
ID:201	of_target	C5H6
ID:201	has_similarity	S_0.5
ID:201	has_uncertainty	U_0.5
ID:202	of_type	laminar burning velocity measurement
ID:202	of_reactor	flame
ID:202	has_author	Author 35
ID:202	of_year	1954
ID:202	of_target	C0
ID:202	has_similarity	S_0.5
ID:202	has_uncertainty	U_0.5
ID:203	of_type	outlet concentration measurement
ID:203	of_reactor	shock tube
ID:203	has_author	Author 59
ID:203	of_year	1967
ID:203	of_target	CH3
ID:203	has_similarity	S_0.7
ID:203	has_uncertainty	U_0.7
ID:204	of_type	burner stabilized flame speciation measurement
ID:204	of_reactor	flame
ID:204	has_author	Author 53
ID:204	of_year	2002
ID:204	of_target	C5H6
ID:204	has_similarity	S_0.3
ID:204	has_uncertainty	U_0.3
ID:205	of_type	ignition delay measurement
ID:205	of_reactor	shock tube
ID:205	has_author	Author 83
ID:205	of_year	2019
ID:205	of_target	C7H8
ID:205	has_similarity	S_1.0
ID:205	has_uncertainty	U_1.0
ID:206	of_type	jet stirred reactor measurement
ID:206	of_reactor	flow reactor
ID:206	has_author	Author 52
ID:206	of_year	1964
ID:206	of_target	C0
ID:206	has_similarity	S_0.0
ID:206	has_uncertainty	U_0.0
ID:207	of_type	jet stirred reactor measurement
ID:207	of_reactor	flow reactor
ID:207	has_author	Author 4
ID:207	of_year	1967
ID:207	of_target	C7H8
ID:207	has_similarity	S_0.4
ID:207	has_uncertainty	U_0.4
ID:208	of_type	ignition delay measurement
ID:208	of_reactor	shock tube
ID:208	has_author	Author 5
ID:208	of_year	1999
ID:208	of_target	NH3
ID:208	has_similarity	S_0.0
ID:208	has_uncertainty	U_0.0
ID:209	of_type	outlet concentration measurement
ID:209	of_reactor	shock tube
ID:209	has_author	Author 97
ID:209	of_year	2020
ID:209	of_target	NH3
ID:209	has_similarity	S_0.1
ID:209	has_uncertainty	U_0.1
ID:210	of_type	concentration time profile measurement
ID:210	of_reactor	shock tube
ID:210	has_author	Author 87
ID:210	of_year	2020
ID:210	of_target	H20
ID:210	has_similarity	S_0.2
ID:210	has_uncertainty	U_0.2
ID:211	of_type	concentration time profile measurement
ID:211	of_reactor	shock tube
ID:211	has_author	Author 57
ID:211	of_year	2028
ID:211	of_target	IDT
ID:211	has_similarity	S_0.7
ID:211	has_uncertainty	U_0.7
ID:212	of_type	jet stirred reactor measurement
ID:212	of_reactor	stirred reactor
ID:212	has_author	Author 81
ID:212	of_year	2015
ID:212	of_target	H20
ID:212	has_similarity	S_0.9
ID:212	has_uncertainty	U_0.9
ID:213	of_type	outlet concentration measurement
ID:213	of_reactor	flow reactor
ID:213	has_author	Author 29
ID:213	of_year	1989
ID:213	of_target	NH3
ID:213	has_similarity	S_0.8
ID:213	has_uncertainty	U_0.8
ID:214	of_type	ignition delay measurement
ID:214	of_reactor	rapid compression machine
ID:214	has_author	Author 92
ID:214	of_year	1964
ID:214	of_target	CO2
ID:214	has_similarity	S_0.1
ID:214	has_uncertainty	U_0.1
ID:215	of_type	outlet concentration measurement
ID:215	of_reactor	flow reactor
ID:215	has_author	Author 56
ID:215	of_year	1983
ID:215	of_target	H20
ID:215	has_similarity	S_0.3
ID:215	has_uncertainty	U_0.3
ID:216	of_type	outlet concentration measurement
ID:216	of_reactor	stirred reactor
ID:216	has_author	Author 48
ID:216	of_year	2014
ID:216	of_target	NH3
ID:216	has_similarity	S_0.6
ID:216	has_uncertainty	U_0.6
ID:217	of_type	burner stabilized flame speciation measurement
ID:217	of_reactor	flame
ID:217	has_author	Author 45
ID:217	of_year	1976
ID:217	of_target	CO2
ID:217	has_similarity	S_0.1
ID:217	has_uncertainty	U_0.1
ID:218	of_type	concentration time profile measurement
ID:218	of_reactor	stirred reactor
ID:218	has_author	Author 85
ID:218	of_year	1999
ID:218	of_target	CO2
ID:218	has_similarity	S_0.4
ID:218	has_uncertainty	U_0.4
ID:219	of_type	ignition delay measurement
ID:219	of_reactor	shock tube
ID:219	has_author	Author 86
ID:219	of_year	1987
ID:219	of_target	H20
ID:219	has_similarity	S_0.5
ID:219	has_uncertainty	U_0.5
ID:220	of_type	jet stirred reactor measurement
ID:220	of_reactor	flow reactor
ID:220	has_author	Author 60
ID:220	of_year	1989
ID:220	of_target	H20
ID:220	has_similarity	S_0.1
ID:220	has_uncertainty	U_0.1
ID:221	of_type	laminar burning velocity measurement
ID:221	of_reactor	flame
ID:221	has_author	Author 48
ID:221	of_year	2017
ID:221	of_target	CH3
ID:221	has_similarity	S_0.9
ID:221	has_uncertainty	U_0.9
ID:222	of_type	ignition delay measurement
ID:222	of_reactor	shock tube
ID:222	has_author	Author 70
ID:222	of_year	1991
ID:222	of_target	C6H6
ID:222	has_similarity	S_0.5
ID:222	has_uncertainty	U_0.5
ID:223	of_type	outlet concentration measurement
ID:223	of_reactor	flow reactor
ID:223	has_author	Author 25
ID:223	of_year	1954
ID:223	of_target	IDT
ID:223	has_similarity	S_0.2
ID:223	has_uncertainty	U_0.2
ID:224	of_type	ignition delay measurement
ID:224	of_reactor	rapid compression machine
ID:224	has_author	Author 60
ID:224	of_year	1980
ID:224	of_target	C6H6
ID:224	has_similarity	S_0.9
ID:224	has_uncertainty	U_0.9
ID:225	of_type	concentration time profile measurement
ID:225	of_reactor	shock tube
ID:225	has_author	Author 50
ID:225	of_year	1973
ID:225	of_target	CH4
ID:225	has_similarity	S_0.0
ID:225	has_uncertainty	U_0.0
ID:226	of_type	burner stabilized flame speciation measurement
ID:226	of_reactor	flame
ID:226	has_author	Author 13
ID:226	of_year	1950
ID:226	of_target	NH3
ID:226	has_similarity	S_0.3
ID:226	has_uncertainty	U_0.3
ID:227	of_type	burner stabilized flame speciation measurement
ID:227	of_reactor	flame
ID:227	has_author	Author 23
ID:227	of_year	1955
ID:227	of_target	CH3
ID:227	has_similarity	S_0.2
ID:227	has_uncertainty	U_0.2
ID:228	of_type	burner stabilized flame speciation measurement
ID:228	of_reactor	flame
ID:228	has_author	Author 89
ID:228	of_year	1972
ID:228	of_target	CH4
ID:228	has_similarity	S_0.9
ID:228	has_uncertainty	U_0.9
ID:229	of_type	laminar burning velocity measurement
ID:229	of_reactor	flame
ID:229	has_author	Author 72
ID:229	of_year	1964
ID:229	of_target	CH3
ID:229	has_similarity	S_0.3
ID:229	has_uncertainty	U_0.3
ID:230	of_type	outlet concentration measurement
ID:230	of_reactor	flow reactor
ID:230	has_author	Author 25
ID:230	of_year	1952
ID:230	of_target	CO2
ID:230	has_similarity	S_0.7
ID:230	has_uncertainty	U_0.7
ID:231	of_type	concentration time profile measurement
ID:231	of_reactor	shock tube
ID:231	has_author	Author 93
ID:231	of_year	2026
ID:231	of_target	C6H6
ID:231	has_similarity	S_0.6
ID:231	has_uncertainty	U_0.6
ID:232	of_type	jet stirred reactor measurement
ID:232	of_reactor	flow reactor
ID:232	has_author	Author 89
ID:232	of_year	1972
ID:232	of_target	CH3
ID:232	has_similarity	S_0.1
ID:232	has_uncertainty	U_0.1
ID:233	of_type	concentration time profile measurement
ID:233	of_reactor	shock tube
ID:233	has_author	Author 44
ID:233	of_year	2023
ID:233	of_target	IDT
ID:233	has_similarity	S_0.0
ID:233	has_uncertainty	U_0.0
ID:234	of_type	outlet concentration measurement
ID:234	of_reactor	stirred reactor
ID:234	has_author	Author 94
ID:234	of_year	2018
ID:234	of_target	C6H6
ID:234	has_similarity	S_0.0
ID:234	has_uncertainty	U_0.0
ID:235	of_type	jet stirred reactor measurement
ID:235	of_reactor	stirred reactor
ID:235	has_author	Author 13
ID:235	of_year	1959
ID:235	of_target	NH3
ID:235	has_similarity	S_0.0
ID:235	has_uncertainty	U_0.0
ID:236	of_type	laminar burning velocity measurement
ID:236	of_reactor	flame
ID:236	has_author	Author 0
ID:236	of_year	1999
ID:236	of_target	NH3
ID:236	has_similarity	S_0.7
ID:236	has_uncertainty	U_0.7
ID:237	of_type	laminar burning velocity measurement
ID:237	of_reactor	flame
ID:237	has_author	Author 66
ID:237	of_year	1967
ID:237	of_target	C7H8
ID:237	has_similarity	S_0.3
ID:237	has_uncertainty	U_0.3
ID:238	of_type	laminar burning velocity measurement
ID:238	of_reactor	flame
ID:238	has_author	Author 33
ID:238	of_year	2010
ID:238	of_target	H20
ID:238	has_similarity	S_0.4
ID:238	has_uncertainty	U_0.4
ID:239	of_type	laminar burning velocity measurement
ID:239	of_reactor	flame
ID:239	has_author	Author 95
ID:239	of_year	2004
ID:239	of_target	H20
ID:239	has_similarity	S_0.8
ID:239	has_uncertainty	U_0.8
ID:240	of_type	burner stabilized flame speciation measurement
ID:240	of_reactor	flame
ID:240	has_author	Author 81
ID:240	of_year	2019
ID:240	of_target	CO2
ID:240	has_similarity	S_0.6
ID:240	has_uncertainty	U_0.6
ID:241	of_type	ignition delay measurement
ID:241	of_reactor	rapid compression machine
ID:241	has_author	Author 53
ID:241	of_year	2007
ID:241	of_target	CH3
ID:241	has_similarity	S_0.2
ID:241	has_uncertainty	U_0.2
ID:242	of_type	ignition delay measurement
ID:242	of_reactor	shock tube
ID:242	has_author	Author 35
ID:242	of_year	1950
ID:242	of_target	C7H8
ID:242	has_similarity	S_0.6
ID:242	has_uncertainty	U_0.6
ID:243	of_type	laminar burning velocity measurement
ID:243	of_reactor	flame
ID:243	has_author	Author 66
ID:243	of_year	1965
ID:243	of_target	IDT
ID:243	has_similarity	S_0.2
ID:243	has_uncertainty	U_0.2
ID:244	of_type	laminar burning velocity measurement
ID:244	of_reactor	flame
ID:244	has_author	Author 18
ID:244	of_year	1981
ID:244	of_target	H20
ID:244	has_similarity	S_0.1
ID:244	has_uncertainty	U_0.1
ID:245	of_type	concentration time profile measurement
ID:245	of_reactor	flow reactor
ID:245	has_author	Author 73
ID:245	of_year	2023
ID:245	of_target	C5H6
ID:245	has_similarity	S_1.0
ID:245	has_uncertainty	U_1.0
ID:246	of_type	outlet concentration measurement
ID:246	of_reactor	flow reactor
ID:246	has_author	Author 68
ID:246	of_year	2000
ID:246	of_target	C0
ID:246	has_similarity	S_0.1
ID:246	has_uncertainty	U_0.1
ID:247	of_type	jet stirred reactor measurement
ID:247	of_reactor	flow reactor
ID:247	has_author	Author 38
ID:247	of_year	1998
ID:247	of_target	H2
ID:247	has_similarity	S_0.5
ID:247	has_uncertainty	U_0.5
ID:248	of_type	ignition delay measurement
ID:248	of_reactor	rapid compression machine
ID:248	has_author	Author 56
ID:248	of_year	1987
ID:248	of_target	H20
ID:248	has_similarity	S_0.5
ID:248	has_uncertainty	U_0.5
ID:249	of_type	outlet concentration measurement
ID:249	of_reactor	flow reactor
ID:249	has_author	Author 94
ID:249	of_year	2012
ID:249	of_target	C5H6
ID:249	has_similarity	S_0.2
ID:249	has_uncertainty	U_0.2
ID:250	of_type	laminar burning velocity measurement
ID:250	of_reactor	flame
ID:250	has_author	Author 96
ID:250	of_year	1995
ID:250	of_target	IDT
ID:250	has_similarity	S_0.6
ID:250	has_uncertainty	U_0.6
ID:251	of_type	ignition delay measurement
ID:251	of_reactor	rapid compression machine
ID:251	has_author	Author 6
ID:251	of_year	1987
ID:251	of_target	H2S
ID:251	has_similarity	S_0.7
ID:251	has_uncertainty	U_0.7
ID:252	of_type	outlet concentration measurement
ID:252	of_reactor	stirred reactor
ID:252	has_author	Author 49
ID:252	of_year	1992
ID:252	of_target	NH3
ID:252	has_similarity	S_0.6
ID:252	has_uncertainty	U_0.6
ID:253	of_type	burner stabilized flame speciation measurement
ID:253	of_reactor	flame
ID:253	has_author	Author 1
ID:253	of_year	1964
ID:253	of_target	H20
ID:253	has_similarity	S_0.2
ID:253	has_uncertainty	U_0.2
ID:254	of_type	laminar burning velocity measurement
ID:254	of_reactor	flame
ID:254	has_author	Author 12
ID:254	of_year	2003
ID:254	of_target	CH4
ID:254	has_similarity	S_0.5
ID:254	has_uncertainty	U_0.5
ID:255	of_type	laminar burning velocity measurement
ID:255	of_reactor	flame
ID:255	has_author	Author 20
ID:255	of_year	1988
ID:255	of_target	H20
ID:255	has_similarity	S_0.6
ID:255	has_uncertainty	U_0.6
ID:256	of_type	ignition delay measurement
ID:256	of_reactor	shock tube
ID:256	has_author	Author 74
ID:256	of_year	2005
ID:256	of_target	H2
ID:256	has_similarity	S_1.0
ID:256	has_uncertainty	U_1.0
ID:257	of_type	laminar burning velocity measurement
ID:257	of_reactor	flame
ID:257	has_author	Author 29
ID:257	of_year	1986
ID:257	of_target	CO2
ID:257	has_similarity	S_0.8
ID:257	has_uncertainty	U_0.8
ID:258	of_type	concentration time profile measurement
ID:258	of_reactor	flow reactor
ID:258	has_author	Author 66
ID:258	of_year	1961
ID:258	of_target	C5H6
ID:258	has_similarity	S_0.4
ID:258	has_uncertainty	U_0.4
ID:259	of_type	concentration time profile measurement
ID:259	of_reactor	shock tube
ID:259	has_author	Author 50
ID:259	of_year	1980
ID:259	of_target	C0
ID:259	has_similarity	S_0.5
ID:259	has_uncertainty	U_0.5
ID:260	of_type	burner stabilized flame speciation measurement
ID:260	of_reactor	flame
ID:260	has_author	Author 89
ID:260	of_year	1980
ID:260	of_target	CH3
ID:260	has_similarity	S_0.2
ID:260	has_uncertainty	U_0.2
ID:261	of_type	ignition delay measurement
ID:261	of_reactor	rapid compression machine
ID:261	has_author	Author 19
ID:261	of_year	2000
ID:261	of_target	H20
ID:261	has_similarity	S_0.9
ID:261	has_uncertainty	U_0.9
ID:262	of_type	outlet concentration measurement
ID:262	of_reactor	flow reactor
ID:262	has_author	Author 86
ID:262	of_year	1989
ID:262	of_target	NH3
ID:262	has_similarity	S_0.9
ID:262	has_uncertainty	U_0.9
ID:263	of_type	laminar burning velocity measurement
ID:263	of_reactor	flame
ID:263	has_author	Author 64
ID:263	of_year	1975
ID:263	of_target	IDT
ID:263	has_similarity	S_0.6
ID:263	has_uncertainty	U_0.6
ID:264	of_type	burner stabilized flame speciation measurement
ID:264	of_reactor	flame
ID:264	has_author	Author 58
ID:264	of_year	1990
ID:264	of_target	CH4
ID:264	has_similarity	S_0.7
ID:264	has_uncertainty	U_0.7
ID:265	of_type	outlet concentration measurement
ID:265	of_reactor	flow reactor
ID:265	has_author	Author 61
ID:265	of_year	2027
ID:265	of_target	IDT
ID:265	has_similarity	S_0.6
ID:265	has_uncertainty	U_0.6
ID:266	of_type	burner stabilized flame speciation measurement
ID:266	of_reactor	flame
ID:266	has_author	Author 97
ID:266	of_year	2010
ID:266	of_target	CH4
ID:266	has_similarity	S_0.6
ID:266	has_uncertainty	U_0.6
ID:267	of_type	concentration time profile measurement
ID:267	of_reactor	stirred reactor
ID:267	has_author	Author 50
ID:267	of_year	1975
ID:267	of_target	H2
ID:267	has_similarity	S_0.4
ID:267	has_uncertainty	U_0.4
ID:268	of_type	laminar burning velocity measurement
ID:268	of_reactor	flame
ID:268	has_author	Author 2
ID:268	of_year	2021
ID:268	of_target	NH3
ID:268	has_similarity	S_1.0
ID:268	has_uncertainty	U_1.0
ID:269	of_type	jet stirred reactor measurement
ID:269	of_reactor	flow reactor
ID:269	has_author	Author 2
ID:269	of_year	2030
ID:269	of_target	H2S
ID:269	has_similarity	S_0.7
ID:269	has_uncertainty	U_0.7
ID:270	of_type	ignition delay measurement
ID:270	of_reactor	shock tube
ID:270	has_author	Author 54
ID:270	of_year	1991
ID:270	of_target	NH3
ID:270	has_similarity	S_0.9
ID:270	has_uncertainty	U_0.9
ID:271	of_type	concentration time profile measurement
ID:271	of_reactor	flow reactor
ID:271	has_author	Author 96
ID:271	of_year	1995
ID:271	of_target	IDT
ID:271	has_similarity	S_0.9
ID:271	has_uncertainty	U_0.9
ID:272	of_type	burner stabilized flame speciation measurement
ID:272	of_reactor	flame
ID:272	has_author	Author 6
ID:272	of_year	1990
ID:272	of_target	C0
ID:272	has_similarity	S_0.6
ID:272	has_uncertainty	U_0.6
ID:273	of_type	outlet concentration measurement
ID:273	of_reactor	flow reactor
ID:273	has_author	Author 69
ID:273	of_year	2008
ID:273	of_target	CH3
ID:273	has_similarity	S_0.4
ID:273	has_uncertainty	U_0.4
ID:274	of_type	burner stabilized flame speciation measurement
ID:274	of_reactor	flame
ID:274	has_author	Author 43
ID:274	of_year	1984
ID:274	of_target	CH4
ID:274	has_similarity	S_0.3
ID:274	has_uncertainty	U_0.3
ID:275	of_type	jet stirred reactor measurement
ID:275	of_reactor	stirred reactor
ID:275	has_author	Author 95
ID:275	of_year	2001
ID:275	of_target	H2
ID:275	has_similarity	S_0.9
ID:275	has_uncertainty	U_0.9
ID:276	of_type	ignition delay measurement
ID:276	of_reactor	rapid compression machine
ID:276	has_author	Author 65
ID:276	of_year	1994
ID:276	of_target	C5H6
ID:276	has_similarity	S_0.4
ID:276	has_uncertainty	U_0.4
ID:277	of_type	burner stabilized flame speciation measurement
ID:277	of_reactor	flame
ID:277	has_author	Author 24
ID:277	of_year	1970
ID:277	of_target	H2S
ID:277	has_similarity	S_0.2
ID:277	has_uncertainty	U_0.2
ID:278	of_type	concentration time profile measurement
ID:278	of_reactor	flow reactor
ID:278	has_author	Author 61
ID:278	of_year	2028
ID:278	of_target	CO2
ID:278	has_similarity	S_0.9
ID:278	has_uncertainty	U_0.9
ID:279	of_type	outlet concentration measurement
ID:279	of_reactor	flow reactor
ID:279	has_author	Author 4
ID:279	of_year	1968
ID:279	of_target	C7H8
ID:279	has_similarity	S_0.5
ID:279	has_uncertainty	U_0.5
ID:280	of_type	jet stirred reactor measurement
ID:280	of_reactor	stirred reactor
ID:280	has_author	Author 70
ID:280	of_year	1998
ID:280	of_target	H2
ID:280	has_similarity	S_0.4
ID:280	has_uncertainty	U_0.4
ID:281	of_type	concentration time profile measurement
ID:281	of_reactor	flow reactor
ID:281	has_author	Author 44
ID:281	of_year	2030
ID:281	of_target	CH3
ID:281	has_similarity	S_0.2
ID:281	has_uncertainty	U_0.2
ID:282	of_type	ignition delay measurement
ID:282	of_reactor	rapid compression machine
ID:282	has_author	Author 93
ID:282	of_year	2021
ID:282	of_target	C7H8
ID:282	has_similarity	S_0.9
ID:282	has_uncertainty	U_0.9
ID:283	of_type	burner stabilized flame speciation measurement
ID:283	of_reactor	flame
ID:283	has_author	Author 61
ID:283	of_year	2022
ID:283	of_target	NH3
ID:283	has_similarity	S_0.8
ID:283	has_uncertainty	U_0.8
ID:284	of_type	laminar burning velocity measurement
ID:284	of_reactor	flame
ID:284	has_author	Author 49
ID:284	of_year	1992
ID:284	of_target	C7H8
ID:284	has_similarity	S_0.1
ID:284	has_uncertainty	U_0.1
ID:285	of_type	burner stabilized flame speciation measurement
ID:285	of_reactor	flame
ID:285	has_author	Author 49
ID:285	of_year	2000
ID:285	of_target	IDT
ID:285	has_similarity	S_0.8
ID:285	has_uncertainty	U_0.8
ID:286	of_type	jet stirred reactor measurement
ID:286	of_reactor	flow reactor
ID:286	has_author	Author 70
ID:286	of_year	1994
ID:286	of_target	H2
ID:286	has_similarity	S_0.7
ID:286	has_uncertainty	U_0.7
ID:287	of_type	laminar burning velocity measurement
ID:287	of_reactor	flame
ID:287	has_author	Author 98
ID:287	of_year	2021
ID:287	of_target	C7H8
ID:287	has_similarity	S_0.5
ID:287	has_uncertainty	U_0.5
ID:288	of_type	burner stabilized flame speciation measurement
ID:288	of_reactor	flame
ID:288	has_author	Author 94
ID:288	of_year	2015
ID:288	of_target	C7H8
ID:288	has_similarity	S_0.9
ID:288	has_uncertainty	U_0.9
ID:289	of_type	jet stirred reactor measurement
ID:289	of_reactor	shock tube
ID:289	has_author	Author 12
ID:289	of_year	2004
ID:289	of_target	C0
ID:289	has_similarity	S_0.6
ID:289	has_uncertainty	U_0.6
ID:290	of_type	concentration time profile measurement
ID:290	of_reactor	stirred reactor
ID:290	has_author	Author 62
ID:290	of_year	2023
ID:290	of_target	H20
ID:290	has_similarity	S_0.1
ID:290	has_uncertainty	U_0.1
ID:291	of_type	jet stirred reactor measurement
ID:291	of_reactor	shock tube
ID:291	has_author	Author 92
ID:291	of_year	1968
ID:291	of_target	CH3
ID:291	has_similarity	S_0.7
ID:291	has_uncertainty	U_0.7
ID:292	of_type	laminar burning velocity measurement
ID:292	of_reactor	flame
ID:292	has_author	Author 14
ID:292	of_year	1980
ID:292	of_target	IDT
ID:292	has_similarity	S_0.0
ID:292	has_uncertainty	U_0.0
ID:293	of_type	jet stirred reactor measurement
ID:293	of_reactor	flow reactor
ID:293	has_author	Author 90
ID:293	of_year	1956
ID:293	of_target	NH3
ID:293	has_similarity	S_0.5
ID:293	has_uncertainty	U_0.5
ID:294	of_type	ignition delay measurement
ID:294	of_reactor	rapid compression machine
ID:294	has_author	Author 98
ID:294	of_year	2020
ID:294	of_target	H2S
ID:294	has_similarity	S_0.6
ID:294	has_uncertainty	U_0.6
ID:295	of_type	burner stabilized flame speciation measurement
ID:295	of_reactor	flame
ID:295	has_author	Author 71
ID:295	of_year	2021
ID:295	of_target	NH3
ID:295	has_similarity	S_0.4
ID:295	has_uncertainty	U_0.4
ID:296	of_type	ignition delay measurement
ID:296	of_reactor	shock tube
ID:296	has_author	Author 58
ID:296	of_year	1997
ID:296	of_target	H2
ID:296	has_similarity	S_0.8
ID:296	has_uncertainty	U_0.8
ID:297	of_type	burner stabilized flame speciation measurement
ID:297	of_reactor	flame
ID:297	has_author	Author 59
ID:297	of_year	1961
ID:297	of_target	IDT
ID:297	has_similarity	S_0.2
ID:297	has_uncertainty	U_0.2
ID:298	of_type	jet stirred reactor measurement
ID:298	of_reactor	stirred reactor
ID:298	has_author	Author 10
ID:298	of_year	1962
ID:298	of_target	H2S
ID:298	has_similarity	S_0.6
ID:298	has_uncertainty	U_0.6
ID:299	of_type	outlet concentration measurement
ID:299	of_reactor	shock tube
ID:299	has_author	Author 30
ID:299	of_year	2027
ID:299	of_target	H20
ID:299	has_similarity	S_1.0
ID:299	has_uncertainty	U_1.0
ID:300	of_type	outlet concentration measurement
ID:300	of_reactor	shock tube
ID:300	has_author	Author 39
ID:300	of_year	1991
ID:300	of_target	H2S
ID:300	has_similarity	S_0.7
ID:300	has_uncertainty	U_0.7
ID:301	of_type	jet stirred reactor measurement
ID:301	of_reactor	shock tube
ID:301	has_author	Author 55
ID:301	of_year	1951
ID:301	of_target	H2
ID:301	has_similarity	S_0.1
ID:301	has_uncertainty	U_0.1
ID:302	of_type	outlet concentration measurement
ID:302	of_reactor	shock tube
ID:302	has_author	Author 28
ID:302	of_year	1969
ID:302	of_target	H2S
ID:302	has_similarity	S_0.9
ID:302	has_uncertainty	U_0.9
ID:303	of_type	concentration time profile measurement
ID:303	of_reactor	flow reactor
ID:303	has_author	Author 93
ID:303	of_year	2020
ID:303	of_target	CH3
ID:303	has_similarity	S_0.6
ID:303	has_uncertainty	U_0.6
ID:304	of_type	concentration time profile measurement
ID:304	of_reactor	shock tube
ID:304	has_author	Author 84
ID:304	of_year	1990
ID:304	of_target	C6H6
ID:304	has_similarity	S_0.8
ID:304	has_uncertainty	U_0.8
ID:305	of_type	ignition delay measurement
ID:305	of_reactor	rapid compression machine
ID:305	has_author	Author 54
ID:305	of_year	1990
ID:305	of_target	CO2
ID:305	has_similarity	S_0.4
ID:305	has_uncertainty	U_0.4
ID:306	of_type	ignition delay measurement
ID:306	of_reactor	shock tube
ID:306	has_author	Author 11
ID:306	of_year	1965
ID:306	of_target	C7H8
ID:306	has_similarity	S_0.1
ID:306	has_uncertainty	U_0.1
ID:307	of_type	outlet concentration measurement
ID:307	of_reactor	shock tube
ID:307	has_author	Author 16
ID:307	of_year	2000
ID:307	of_target	H2S
ID:307	has_similarity	S_0.7
ID:307	has_uncertainty	U_0.7
ID:308	of_type	laminar burning velocity measurement
ID:308	of_reactor	flame
ID:308	has_author	Author 89
ID:308	of_year	1979
ID:308	of_target	H2
ID:308	has_similarity	S_0.7
ID:308	has_uncertainty	U_0.7
ID:309	of_type	concentration time profile measurement
ID:309	of_reactor	shock tube
ID:309	has_author	Author 5
ID:309	of_year	1998
ID:309	of_target	C6H6
ID:309	has_similarity	S_0.3
ID:309	has_uncertainty	U_0.3
ID:310	of_type	burner stabilized flame speciation measurement
ID:310	of_reactor	flame
ID:310	has_author	Author 27
ID:310	of_year	2026
ID:310	of_target	H20
ID:310	has_similarity	S_0.9
ID:310	has_uncertainty	U_0.9
ID:311	of_type	laminar burning velocity measurement
ID:311	of_reactor	flame
ID:311	has_author	Author 12
ID:311	of_year	2006
ID:311	of_target	H20
ID:311	has_similarity	S_1.0
ID:311	has_uncertainty	U_1.0
ID:312	of_type	burner stabilized flame speciation measurement
ID:312	of_reactor	flame
ID:312	has_author	Author 40
ID:312	of_year	2022
ID:312	of_target	C6H6
ID:312	has_similarity	S_0.6
ID:312	has_uncertainty	U_0.6
ID:313	of_type	concentration time profile measurement
ID:313	of_reactor	flow reactor
ID:313	has_author	Author 19
ID:313	of_year	2005
ID:313	of_target	C5H6
ID:313	has_similarity	S_0.5
ID:313	has_uncertainty	U_0.5
ID:314	of_type	concentration time profile measurement
ID:314	of_reactor	stirred reactor
ID:314	has_author	Author 0
ID:314	of_year	1990
ID:314	of_target	C6H6
ID:314	has_similarity	S_0.4
ID:314	has_uncertainty	U_0.4
ID:315	of_type	burner stabilized flame speciation measurement
ID:315	of_reactor	flame
ID:315	has_author	Author 85
ID:315	of_year	1995
ID:315	of_target	C6H6
ID:315	has_similarity	S_0.1
ID:315	has_uncertainty	U_0.1
ID:316	of_type	outlet concentration measurement
ID:316	of_reactor	stirred reactor
ID:316	has_author	Author 7
ID:316	of_year	1975
ID:316	of_target	H2S
ID:316	has_similarity	S_0.5
ID:316	has_uncertainty	U_0.5
ID:317	of_type	jet stirred reactor measurement
ID:317	of_reactor	stirred reactor
ID:317	has_author	Author 27
ID:317	of_year	2022
ID:317	of_target	IDT
ID:317	has_similarity	S_0.6
ID:317	has_uncertainty	U_0.6
ID:318	of_type	concentration time profile measurement
ID:318	of_reactor	stirred reactor
ID:318	has_author	Author 98
ID:318	of_year	2029
ID:318	of_target	IDT
ID:318	has_similarity	S_0.1
ID:318	has_uncertainty	U_0.1
ID:319	of_type	concentration time profile measurement
ID:319	of_reactor	stirred reactor
ID:319	has_author	Author 41
ID:319	of_year	1992
ID:319	of_target	NH3
ID:319	has_similarity	S_0.8
ID:319	has_uncertainty	U_0.8
ID:320	of_type	concentration time profile measurement
ID:320	of_reactor	shock tube
ID:320	has_author	Author 88
ID:320	of_year	2001
ID:320	of_target	H2S
ID:320	has_similarity	S_0.7
ID:320	has_uncertainty	U_0.7
ID:321	of_type	laminar burning velocity measurement
ID:321	of_reactor	flame
ID:321	has_author	Author 14
ID:321	of_year	1984
ID:321	of_target	CH4
ID:321	has_similarity	S_0.6
ID:321	has_uncertainty	U_0.6
ID:322	of_type	concentration time profile measurement
ID:322	of_reactor	shock tube
ID:322	has_author	Author 52
ID:322	of_year	1966
ID:322	of_target	CO2
ID:322	has_similarity	S_0.6
ID:322	has_uncertainty	U_0.6
ID:323	of_type	outlet concentration measurement
ID:323	of_reactor	flow reactor
ID:323	has_author	Author 45
ID:323	of_year	1978
ID:323	of_target	H20
ID:323	has_similarity	S_0.0
ID:323	has_uncertainty	U_0.0
ID:324	of_type	burner stabilized flame speciation measurement
ID:324	of_reactor	flame
ID:324	has_author	Author 75
ID:324	of_year	1971
ID:324	of_target	CH4
ID:324	has_similarity	S_0.6
ID:324	has_uncertainty	U_0.6
ID:325	of_type	burner stabilized flame speciation measurement
ID:325	of_reactor	flame
ID:325	has_author	Author 18
ID:325	of_year	1983
ID:325	of_target	H2
ID:325	has_similarity	S_0.6
ID:325	has_uncertainty	U_0.6
ID:326	of_type	ignition delay measurement
ID:326	of_reactor	rapid compression machine
ID:326	has_author	Author 25
ID:326	of_year	1958
ID:326	of_target	C5H6
ID:326	has_similarity	S_1.0
ID:326	has_uncertainty	U_1.0
ID:327	of_type	laminar burning velocity measurement
ID:327	of_reactor	flame
ID:327	has_author	Author 27
ID:327	of_year	2024
ID:327	of_target	CO2
ID:327	has_similarity	S_0.8
ID:327	has_uncertainty	U_0.8
ID:328	of_type	jet stirred reactor measurement
ID:328	of_reactor	stirred reactor
ID:328	has_author	Author 82
ID:328	of_year	1984
ID:328	of_target	H20
ID:328	has_similarity	S_0.9
ID:328	has_uncertainty	U_0.9
ID:329	of_type	outlet concentration measurement
ID:329	of_reactor	shock tube
ID:329	has_author	Author 76
ID:329	of_year	2000
ID:329	of_target	H2S
ID:329	has_similarity	S_0.2
ID:329	has_uncertainty	U_0.2
ID:330	of_type	concentration time profile measurement
ID:330	of_reactor	shock tube
ID:330	has_author	Author 99
ID:330	of_year	2002
ID:330	of_target	C0
ID:330	has_similarity	S_1.0
ID:330	has_uncertainty	U_1.0
ID:331	of_type	concentration time profile measurement
ID:331	of_reactor	shock tube
ID:331	has_author	Author 53
ID:331	of_year	2005
ID:331	of_target	CH4
ID:331	has_similarity	S_0.6
ID:331	has_uncertainty	U_0.6
ID:332	of_type	concentration time profile measurement
ID:332	of_reactor	shock tube
ID:332	has_author	Author 53
ID:332	of_year	2009
ID:332	of_target	CH4
ID:332	has_similarity	S_0.7
ID:332	has_uncertainty	U_0.7
ID:333	of_type	outlet concentration measurement
ID:333	of_reactor	flow reactor
ID:333	has_author	Author 26
ID:333	of_year	2030
ID:333	of_target	C0
ID:333	has_similarity	S_0.4
ID:333	has_uncertainty	U_0.4
ID:334	of_type	ignition delay measurement
ID:334	of_reactor	rapid compression machine
ID:334	has_author	Author 24
ID:334	of_year	1970
ID:334	of_target	CH3
ID:334	has_similarity	S_0.5
ID:334	has_uncertainty	U_0.5
ID:335	of_type	burner stabilized flame speciation measurement
ID:335	of_reactor	flame
ID:335	has_author	Author 6
ID:335	of_year	1990
ID:335	of_target	C5H6
ID:335	has_similarity	S_0.1
ID:335	has_uncertainty	U_0.1
ID:336	of_type	ignition delay measurement
ID:336	of_reactor	rapid compression machine
ID:336	has_author	Author 65
ID:336	of_year	2000
ID:336	of_target	H2
ID:336	has_similarity	S_1.0
ID:336	has_uncertainty	U_1.0
ID:337	of_type	outlet concentration measurement
ID:337	of_reactor	stirred reactor
ID:337	has_author	Author 2
ID:337	of_year	2025
ID:337	of_target	H20
ID:337	has_similarity	S_0.3
ID:337	has_uncertainty	U_0.3
ID:338	of_type	outlet concentration measurement
ID:338	of_reactor	flow reactor
ID:338	has_author	Author 42
ID:338	of_year	2006
ID:338	of_target	C5H6
ID:338	has_similarity	S_0.3
ID:338	has_uncertainty	U_0.3
ID:339	of_type	ignition delay measurement
ID:339	of_reactor	shock tube
ID:339	has_author	Author 10
ID:339	of_year	1969
ID:339	of_target	H2S
ID:339	has_similarity	S_0.5
ID:339	has_uncertainty	U_0.5
ID:340	of_type	jet stirred reactor measurement
ID:340	of_reactor	flow reactor
ID:340	has_author	Author 68
ID:340	of_year	2007
ID:340	of_target	CO2
ID:340	has_similarity	S_0.2
ID:340	has_uncertainty	U_0.2
ID:341	of_type	concentration time profile measurement
ID:341	of_reactor	stirred reactor
ID:341	has_author	Author 36
ID:341	of_year	1963
ID:341	of_target	IDT
ID:341	has_similarity	S_0.4
ID:341	has_uncertainty	U_0.4
ID:342	of_type	outlet concentration measurement
ID:342	of_reactor	shock tube
ID:342	has_author	Author 62
ID:342	of_year	2023
ID:342	of_target	NH3
ID:342	has_similarity	S_0.7
ID:342	has_uncertainty	U_0.7
ID:343	of_type	outlet concentration measurement
ID:343	of_reactor	shock tube
ID:343	has_author	Author 37
ID:343	of_year	1993
ID:343	of_target	IDT
ID:343	has_similarity	S_0.4
ID:343	has_uncertainty	U_0.4
ID:344	of_type	concentration time profile measurement
ID:344	of_reactor	stirred reactor
ID:344	has_author	Author 6
ID:344	of_year	1982
ID:344	of_target	C6H6
ID:344	has_similarity	S_0.9
ID:344	has_uncertainty	U_0.9
ID:345	of_type	laminar burning velocity measurement
ID:345	of_reactor	flame
ID:345	has_author	Author 73
ID:345	of_year	2028
ID:345	of_target	H2
ID:345	has_similarity	S_0.8
ID:345	has_uncertainty	U_0.8
ID:346	of_type	laminar burning velocity measurement
ID:346	of_reactor	flame
ID:346	has_author	Author 85
ID:346	of_year	1996
ID:346	of_target	CO2
ID:346	has_similarity	S_0.9
ID:346	has_uncertainty	U_0.9
ID:347	of_type	outlet concentration measurement
ID:347	of_reactor	stirred reactor
ID:347	has_author	Author 89
ID:347	of_year	1980
ID:347	of_target	C0
ID:347	has_similarity	S_0.6
ID:347	has_uncertainty	U_0.6
ID:348	of_type	ignition delay measurement
ID:348	of_reactor	rapid compression machine
ID:348	has_author	Author 25
ID:348	of_year	1951
ID:348	of_target	C7H8
ID:348	has_similarity	S_0.9
ID:348	has_uncertainty	U_0.9
ID:349	of_type	outlet concentration measurement
ID:349	of_reactor	shock tube
ID:349	has_author	Author 94
ID:349	of_year	2020
ID:349	of_target	C0
ID:349	has_similarity	S_0.1
ID:349	has_uncertainty	U_0.1
ID:350	of_type	jet stirred reactor measurement
ID:350	of_reactor	stirred reactor
ID:350	has_author	Author 91
ID:350	of_year	2007
ID:350	of_target	CH4
ID:350	has_similarity	S_0.8
ID:350	has_uncertainty	U_0.8
ID:351	of_type	burner stabilized flame speciation measurement
ID:351	of_reactor	flame
ID:351	has_author	Author 92
ID:351	of_year	1970
ID:351	of_target	IDT
ID:351	has_similarity	S_1.0
ID:351	has_uncertainty	U_1.0
ID:352	of_type	outlet concentration measurement
ID:352	of_reactor	flow reactor
ID:352	has_author	Author 8
ID:352	of_year	1954
ID:352	of_target	H20
ID:352	has_similarity	S_0.3
ID:352	has_uncertainty	U_0.3
ID:353	of_type	concentration time profile measurement
ID:353	of_reactor	stirred reactor
ID:353	has_author	Author 93
ID:353	of_year	2024
ID:353	of_target	IDT
ID:353	has_similarity	S_1.0
ID:353	has_uncertainty	U_1.0
ID:354	of_type	outlet concentration measurement
ID:354	of_reactor	flow reactor
ID:354	has_author	Author 41
ID:354	of_year	1998
ID:354	of_target	C7H8
ID:354	has_similarity	S_0.8
ID:354	has_uncertainty	U_0.8
ID:355	of_type	laminar burning velocity measurement
ID:355	of_reactor	flame
ID:355	has_author	Author 15
ID:355	of_year	1973
ID:355	of_target	H2S
ID:355	has_similarity	S_0.5
ID:355	has_uncertainty	U_0.5
ID:356	of_type	outlet concentration measurement
ID:356	of_reactor	stirred reactor
ID:356	has_author	Author 41
ID:356	of_year	1993
ID:356	of_target	C0
ID:356	has_similarity	S_0.6
ID:356	has_uncertainty	U_0.6
ID:357	of_type	laminar burning velocity measurement
ID:357	of_reactor	flame
ID:357	has_author	Author 2
ID:357	of_year	2024
ID:357	of_target	C6H6
ID:357	has_similarity	S_1.0
ID:357	has_uncertainty	U_1.0
ID:358	of_type	ignition delay measurement
ID:358	of_reactor	shock tube
ID:358	has_author	Author 88
ID:358	of_year	2008
ID:358	of_target	CO2
ID:358	has_similarity	S_0.4
ID:358	has_uncertainty	U_0.4
ID:359	of_type	ignition delay measurement
ID:359	of_reactor	rapid compression machine
ID:359	has_author	Author 15
ID:359	of_year	1971
ID:359	of_target	C0
ID:359	has_similarity	S_0.7
ID:359	has_uncertainty	U_0.7
ID:360	of_type	ignition delay measurement
ID:360	of_reactor	shock tube
ID:360	has_author	Author 29
ID:360	of_year	1982
ID:360	of_target	NH3
ID:360	has_similarity	S_0.6
ID:360	has_uncertainty	U_0.6
ID:361	of_type	concentration time profile measurement
ID:361	of_reactor	stirred reactor
ID:361	has_author	Author 53
ID:361	of_year	2006
ID:361	of_target	CH4
ID:361	has_similarity	S_0.0
ID:361	has_uncertainty	U_0.0
ID:362	of_type	concentration time profile measurement
ID:362	of_reactor	shock tube
ID:362	has_author	Author 21
ID:362	of_year	2022
ID:362	of_target	H20
ID:362	has_similarity	S_0.4
ID:362	has_uncertainty	U_0.4
ID:363	of_type	burner stabilized flame speciation measurement
ID:363	of_reactor	flame
ID:363	has_author	Author 29
ID:363	of_year	1981
ID:363	of_target	CH4
ID:363	has_similarity	S_0.9
ID:363	has_uncertainty	U_0.9
ID:364	of_type	jet stirred reactor measurement
ID:364	of_reactor	shock tube
ID:364	has_author	Author 28
ID:364	of_year	1970
ID:364	of_target	H20
ID:364	has_similarity	S_0.7
ID:364	has_uncertainty	U_0.7
ID:365	of_type	burner stabilized flame speciation measurement
ID:365	of_reactor	flame
ID:365	has_author	Author 35
ID:365	of_year	1958
ID:365	of_target	CO2
ID:365	has_similarity	S_0.5
ID:365	has_uncertainty	U_0.5
ID:366	of_type	outlet concentration measurement
ID:366	of_reactor	shock tube
ID:366	has_author	Author 45
ID:366	of_year	1980
ID:366	of_target	C5H6
ID:366	has_similarity	S_0.7
ID:366	has_uncertainty	U_0.7
ID:367	of_type	burner stabilized flame speciation measurement
ID:367	of_reactor	flame
ID:367	has_author	Author 38
ID:367	of_year	1999
ID:367	of_target	CH4
ID:367	has_similarity	S_0.8
ID:367	has_uncertainty	U_0.8
ID:368	of_type	outlet concentration measurement
ID:368	of_reactor	stirred reactor
ID:368	has_author	Author 70
ID:368	of_year	1999
ID:368	of_target	H20
ID:368	has_similarity	S_0.5
ID:368	has_uncertainty	U_0.5
ID:369	of_type	ignition delay measurement
ID:369	of_reactor	shock tube
ID:369	has_author	Author 28
ID:369	of_year	1964
ID:369	of_target	C6H6
ID:369	has_similarity	S_0.4
ID:369	has_uncertainty	U_0.4
ID:370	of_type	burner stabilized flame speciation measurement
ID:370	of_reactor	flame
ID:370	has_author	Author 37
ID:370	of_year	1995
ID:370	of_target	C7H8
ID:370	has_similarity	S_0.7
ID:370	has_uncertainty	U_0.7
ID:371	of_type	jet stirred reactor measurement
ID:371	of_reactor	shock tube
ID:371	has_author	Author 50
ID:371	of_year	1975
ID:371	of_target	IDT
ID:371	has_similarity	S_0.9
ID:371	has_uncertainty	U_0.9
ID:372	of_type	outlet concentration measurement
ID:372	of_reactor	shock tube
ID:372	has_author	Author 72
ID:372	of_year	1967
ID:372	of_target	CH4
ID:372	has_similarity	S_0.1
ID:372	has_uncertainty	U_0.1
ID:373	of_type	burner stabilized flame speciation measurement
ID:373	of_reactor	flame
ID:373	has_author	Author 85
ID:373	of_year	1995
ID:373	of_target	CO2
ID:373	has_similarity	S_0.4
ID:373	has_uncertainty	U_0.4
ID:374	of_type	ignition delay measurement
ID:374	of_reactor	rapid compression machine
ID:374	has_author	Author 75
ID:374	of_year	1976
ID:374	of_target	H20
ID:374	has_similarity	S_0.1
ID:374	has_uncertainty	U_0.1
ID:375	of_type	burner stabilized flame speciation measurement
ID:375	of_reactor	flame
ID:375	has_author	Author 39
ID:375	of_year	1991
ID:375	of_target	CH3
ID:375	has_similarity	S_0.6
ID:375	has_uncertainty	U_0.6
ID:376	of_type	outlet concentration measurement
ID:376	of_reactor	flow reactor
ID:376	has_author	Author 17
ID:376	of_year	1953
ID:376	of_target	C0
ID:376	has_similarity	S_0.2
ID:376	has_uncertainty	U_0.2
ID:377	of_type	jet stirred reactor measurement
ID:377	of_reactor	flow reactor
ID:377	has_author	Author 12
ID:377	of_year	2004
ID:377	of_target	CH3
ID:377	has_similarity	S_0.6
ID:377	has_uncertainty	U_0.6
ID:378	of_type	concentration time profile measurement
ID:378	of_reactor	shock tube
ID:378	has_author	Author 79
ID:378	of_year	1961
ID:378	of_target	CO2
ID:378	has_similarity	S_0.5
ID:378	has_uncertainty	U_0.5
ID:379	of_type	ignition delay measurement
ID:379	of_reactor	shock tube
ID:379	has_author	Author 39
ID:379	of_year	1994
ID:379	of_target	H20
ID:379	has_similarity	S_0.0
ID:379	has_uncertainty	U_0.0
ID:380	of_type	burner stabilized flame speciation measurement
ID:380	of_reactor	flame
ID:380	has_author	Author 92
ID:380	of_year	1960
ID:380	of_target	H20
ID:380	has_similarity	S_0.1
ID:380	has_uncertainty	U_0.1
ID:381	of_type	ignition delay measurement
ID:381	of_reactor	rapid compression machine
ID:381	has_author	Author 19
ID:381	of_year	2002
ID:381	of_target	H20
ID:381	has_similarity	S_0.5
ID:381	has_uncertainty	U_0.5
ID:382	of_type	laminar burning velocity measurement
ID:382	of_reactor	flame
ID:382	has_author	Author 81
ID:382	of_year	2020
ID:382	of_target	NH3
ID:382	has_similarity	S_0.4
ID:382	has_uncertainty	U_0.4
ID:383	of_type	concentration time profile measurement
ID:383	of_reactor	flow reactor
ID:383	has_author	Author 92
ID:383	of_year	1969
ID:383	of_target	C7H8
ID:383	has_similarity	S_0.6
ID:383	has_uncertainty	U_0.6
ID:384	of_type	laminar burning velocity measurement
ID:384	of_reactor	flame
ID:384	has_author	Author 97
ID:384	of_year	2013
ID:384	of_target	C7H8
ID:384	has_similarity	S_0.6
ID:384	has_uncertainty	U_0.6
ID:385	of_type	burner stabilized flame speciation measurement
ID:385	of_reactor	flame
ID:385	has_author	Author 54
ID:385	of_year	1994
ID:385	of_target	H2
ID:385	has_similarity	S_0.9
ID:385	has_uncertainty	U_0.9
ID:386	of_type	laminar burning velocity measurement
ID:386	of_reactor	flame
ID:386	has_author	Author 12
ID:386	of_year	2000
ID:386	of_target	CH3
ID:386	has_similarity	S_0.1
ID:386	has_uncertainty	U_0.1
ID:387	of_type	burner stabilized flame speciation measurement
ID:387	of_reactor	flame
ID:387	has_author	Author 71
ID:387	of_year	2027
ID:387	of_target	C5H6
ID:387	has_similarity	S_0.4
ID:387	has_uncertainty	U_0.4
ID:388	of_type	outlet concentration measurement
ID:388	of_reactor	flow reactor
ID:388	has_author	Author 41
ID:388	of_year	1995
ID:388	of_target	NH3
ID:388	has_similarity	S_0.6
ID:388	has_uncertainty	U_0.6
ID:389	of_type	concentration time profile measurement
ID:389	of_reactor	stirred reactor
ID:389	has_author	Author 37
ID:389	of_year	1990
ID:389	of_target	CH3
ID:389	has_similarity	S_0.6
ID:389	has_uncertainty	U_0.6
ID:390	of_type	burner stabilized flame speciation measurement
ID:390	of_reactor	flame
ID:390	has_author	Author 33
ID:390	of_year	2004
ID:390	of_target	H20
ID:390	has_similarity	S_0.1
ID:390	has_uncertainty	U_0.1
ID:391	of_type	jet stirred reactor measurement
ID:391	of_reactor	shock tube
ID:391	has_author	Author 16
ID:391	of_year	2000
ID:391	of_target	NH3
ID:391	has_similarity	S_0.6
ID:391	has_uncertainty	U_0.6
ID:392	of_type	outlet concentration measurement
ID:392	of_reactor	stirred reactor
ID:392	has_author	Author 81
ID:392	of_year	2017
ID:392	of_target	IDT
ID:392	has_similarity	S_0.1
ID:392	has_uncertainty	U_0.1
ID:393	of_type	burner stabilized flame speciation measurement
ID:393	of_reactor	flame
ID:393	has_author	Author 60
ID:393	of_year	1986
ID:393	of_target	C0
ID:393	has_similarity	S_0.3
ID:393	has_uncertainty	U_0.3
ID:394	of_type	outlet concentration measurement
ID:394	of_reactor	stirred reactor
ID:394	has_author	Author 43
ID:394	of_year	1984
ID:394	of_target	IDT
ID:394	has_similarity	S_0.4
ID:394	has_uncertainty	U_0.4
ID:395	of_type	concentration time profile measurement
ID:395	of_reactor	stirred reactor
ID:395	has_author	Author 54
ID:395	of_year	2000
ID:395	of_target	C7H8
ID:395	has_similarity	S_0.5
ID:395	has_uncertainty	U_0.5
ID:396	of_type	outlet concentration measurement
ID:396	of_reactor	shock tube
ID:396	has_author	Author 63
ID:396	of_year	1984
ID:396	of_target	CO2
ID:396	has_similarity	S_0.2
ID:396	has_uncertainty	U_0.2
ID:397	of_type	laminar burning velocity measurement
ID:397	of_reactor	flame
ID:397	has_author	Author 29
ID:397	of_year	1989
ID:397	of_target	IDT
ID:397	has_similarity	S_0.1
ID:397	has_uncertainty	U_0.1
ID:398	of_type	laminar burning velocity measurement
ID:398	of_reactor	flame
ID:398	has_author	Author 70
ID:398	of_year	1993
ID:398	of_target	CH4
ID:398	has_similarity	S_0.2
ID:398	has_uncertainty	U_0.2
ID:399	of_type	jet stirred reactor measurement
ID:399	of_reactor	stirred reactor
ID:399	has_author	Author 5
ID:399	of_year	1995
ID:399	of_target	CO2
ID:399	has_similarity	S_0.5
ID:399	has_uncertainty	U_0.5
ID:400	of_type	ignition delay measurement
ID:400	of_reactor	shock tube
ID:400	has_author	Author 79
ID:400	of_year	1969
ID:400	of_target	C7H8
ID:400	has_similarity	S_1.0
ID:400	has_uncertainty	U_1.0
ID:401	of_type	ignition delay measurement
ID:401	of_reactor	shock tube
ID:401	has_author	Author 79
ID:401	of_year	1962
ID:401	of_target	CH3
ID:401	has_similarity	S_0.9
ID:401	has_uncertainty	U_0.9
ID:402	of_type	outlet concentration measurement
ID:402	of_reactor	flow reactor
ID:402	has_author	Author 12
ID:402	of_year	2000
ID:402	of_target	C0
ID:402	has_similarity	S_0.5
ID:402	has_uncertainty	U_0.5
ID:403	of_type	outlet concentration measurement
ID:403	of_reactor	flow reactor
ID:403	has_author	Author 82
ID:403	of_year	1986
ID:403	of_target	CO2
ID:403	has_similarity	S_0.1
ID:403	has_uncertainty	U_0.1
ID:404	of_type	burner stabilized flame speciation measurement
ID:404	of_reactor	flame
ID:404	has_author	Author 52
ID:404	of_year	1968
ID:404	of_target	CO2
ID:404	has_similarity	S_0.8
ID:404	has_uncertainty	U_0.8
ID:405	of_type	ignition delay measurement
ID:405	of_reactor	rapid compression machine
ID:405	has_author	Author 2
ID:405	of_year	2025
ID:405	of_target	H2
ID:405	has_similarity	S_0.3
ID:405	has_uncertainty	U_0.3
ID:406	of_type	jet stirred reactor measurement
ID:406	of_reactor	shock tube
ID:406	has_author	Author 47
ID:406	of_year	2021
ID:406	of_target	C0
ID:406	has_similarity	S_0.2
ID:406	has_uncertainty	U_0.2
ID:407	of_type	laminar burning velocity measurement
ID:407	of_reactor	flame
ID:407	has_author	Author 21
ID:407	of_year	2020
ID:407	of_target	H2
ID:407	has_similarity	S_0.3
ID:407	has_uncertainty	U_0.3
ID:408	of_type	burner stabilized flame speciation measurement
ID:408	of_reactor	flame
ID:408	has_author	Author 60
ID:408	of_year	1986
ID:408	of_target	C5H6
ID:408	has_similarity	S_0.4
ID:408	has_uncertainty	U_0.4
ID:409	of_type	ignition delay measurement
ID:409	of_reactor	shock tube
ID:409	has_author	Author 83
ID:409	of_year	2012
ID:409	of_target	NH3
ID:409	has_similarity	S_0.5
ID:409	has_uncertainty	U_0.5
ID:410	of_type	concentration time profile measurement
ID:410	of_reactor	stirred reactor
ID:410	has_author	Author 38
ID:410	of_year	1999
ID:410	of_target	NH3
ID:410	has_similarity	S_0.2
ID:410	has_uncertainty	U_0.2
ID:411	of_type	jet stirred reactor measurement
ID:411	of_reactor	shock tube
ID:411	has_author	Author 47
ID:411	of_year	2027
ID:411	of_target	CH3
ID:411	has_similarity	S_0.8
ID:411	has_uncertainty	U_0.8
ID:412	of_type	laminar burning velocity measurement
ID:412	of_reactor	flame
ID:412	has_author	Author 71
ID:412	of_year	2026
ID:412	of_target	CH3
ID:412	has_similarity	S_0.9
ID:412	has_uncertainty	U_0.9
ID:413	of_type	burner stabilized flame speciation measurement
ID:413	of_reactor	flame
ID:413	has_author	Author 46
ID:413	of_year	1983
ID:413	of_target	C7H8
ID:413	has_similarity	S_0.2
ID:413	has_uncertainty	U_0.2
ID:414	of_type	concentration time profile measurement
ID:414	of_reactor	flow reactor
ID:414	has_author	Author 80
ID:414	of_year	1994
ID:414	of_target	CO2
ID:414	has_similarity	S_0.8
ID:414	has_uncertainty	U_0.8
ID:415	of_type	ignition delay measurement
ID:415	of_reactor	shock tube
ID:415	has_author	Author 38
ID:415	of_year	1996
ID:415	of_target	C0
ID:415	has_similarity	S_0.7
ID:415	has_uncertainty	U_0.7
ID:416	of_type	outlet concentration measurement
ID:416	of_reactor	shock tube
ID:416	has_author	Author 48
ID:416	of_year	2017
ID:416	of_target	C6H6
ID:416	has_similarity	S_0.9
ID:416	has_uncertainty	U_0.9
ID:417	of_type	jet stirred reactor measurement
ID:417	of_reactor	shock tube
ID:417	has_author	Author 50
ID:417	of_year	1971
ID:417	of_target	C7H8
ID:417	has_similarity	S_0.4
ID:417	has_uncertainty	U_0.4
ID:418	of_type	outlet concentration measurement
ID:418	of_reactor	shock tube
ID:418	has_author	Author 81
ID:418	of_year	2013
ID:418	of_target	CH4
ID:418	has_similarity	S_0.3
ID:418	has_uncertainty	U_0.3
ID:419	of_type	burner stabilized flame speciation measurement
ID:419	of_reactor	flame
ID:419	has_author	Author 8
ID:419	of_year	1954
ID:419	of_target	H2
ID:419	has_similarity	S_0.7
ID:419	has_uncertainty	U_0.7
ID:420	of_type	jet stirred reactor measurement
ID:420	of_reactor	shock tube
ID:420	has_author	Author 23
ID:420	of_year	1959
ID:420	of_target	H2
ID:420	has_similarity	S_0.6
ID:420	has_uncertainty	U_0.6
ID:421	of_type	laminar burning velocity measurement
ID:421	of_reactor	flame
ID:421	has_author	Author 71
ID:421	of_year	2022
ID:421	of_target	IDT
ID:421	has_similarity	S_0.1
ID:421	has_uncertainty	U_0.1
ID:422	of_type	laminar burning velocity measurement
ID:422	of_reactor	flame
ID:422	has_author	Author 3
ID:422	of_year	1962
ID:422	of_target	C0
ID:422	has_similarity	S_0.9
ID:422	has_uncertainty	U_0.9
ID:423	of_type	ignition delay measurement
ID:423	of_reactor	shock tube
ID:423	has_author	Author 69
ID:423	of_year	2003
ID:423	of_target	C7H8
ID:423	has_similarity	S_0.6
ID:423	has_uncertainty	U_0.6
ID:424	of_type	jet stirred reactor measurement
ID:424	of_reactor	shock tube
ID:424	has_author	Author 29
ID:424	of_year	1984
ID:424	of_target	CO2
ID:424	has_similarity	S_0.5
ID:424	has_uncertainty	U_0.5
ID:425	of_type	jet stirred reactor measurement
ID:425	of_reactor	stirred reactor
ID:425	has_author	Author 31
ID:425	of_year	1980
ID:425	of_target	CO2
ID:425	has_similarity	S_0.2
ID:425	has_uncertainty	U_0.2
ID:426	of_type	burner stabilized flame speciation measurement
ID:426	of_reactor	flame
ID:426	has_author	Author 29
ID:426	of_year	1985
ID:426	of_target	CO2
ID:426	has_similarity	S_0.7
ID:426	has_uncertainty	U_0.7
ID:427	of_type	laminar burning velocity measurement
ID:427	of_reactor	flame
ID:427	has_author	Author 24
ID:427	of_year	1973
ID:427	of_target	NH3
ID:427	has_similarity	S_0.1
ID:427	has_uncertainty	U_0.1
ID:428	of_type	burner stabilized flame speciation measurement
ID:428	of_reactor	flame
ID:428	has_author	Author 89
ID:428	of_year	1978
ID:428	of_target	C0
ID:428	has_similarity	S_0.7
ID:428	has_uncertainty	U_0.7
ID:429	of_type	ignition delay measurement
ID:429	of_reactor	rapid compression machine
ID:429	has_author	Author 52
ID:429	of_year	1965
ID:429	of_target	NH3
ID:429	has_similarity	S_1.0
ID:429	has_uncertainty	U_1.0
ID:430	of_type	laminar burning velocity measurement
ID:430	of_reactor	flame
ID:430	has_author	Author 79
ID:430	of_year	1963
ID:430	of_target	C6H6
ID:430	has_similarity	S_0.7
ID:430	has_uncertainty	U_0.7
ID:431	of_type	outlet concentration measurement
ID:431	of_reactor	stirred reactor
ID:431	has_author	Author 73
ID:431	of_year	2024
ID:431	of_target	C6H6
ID:431	has_similarity	S_0.7
ID:431	has_uncertainty	U_0.7
ID:432	of_type	concentration time profile measurement
ID:432	of_reactor	shock tube
ID:432	has_author	Author 93
ID:432	of_year	2021
ID:432	of_target	CH4
ID:432	has_similarity	S_1.0
ID:432	has_uncertainty	U_1.0
ID:433	of_type	ignition delay measurement
ID:433	of_reactor	shock tube
ID:433	has_author	Author 72
ID:433	of_year	1963
ID:433	of_target	H2S
ID:433	has_similarity	S_0.9
ID:433	has_uncertainty	U_0.9
ID:434	of_type	burner stabilized flame speciation measurement
ID:434	of_reactor	flame
ID:434	has_author	Author 5
ID:434	of_year	2000
ID:434	of_target	IDT
ID:434	has_similarity	S_0.1
ID:434	has_uncertainty	U_0.1
ID:435	of_type	outlet concentration measurement
ID:435	of_reactor	shock tube
ID:435	has_author	Author 91
ID:435	of_year	2008
ID:435	of_target	C7H8
ID:435	has_similarity	S_0.9
ID:435	has_uncertainty	U_0.9
ID:436	of_type	laminar burning velocity measurement
ID:436	of_reactor	flame
ID:436	has_author	Author 4
ID:436	of_year	1965
ID:436	of_target	H20
ID:436	has_similarity	S_0.7
ID:436	has_uncertainty	U_0.7
ID:437	of_type	laminar burning velocity measurement
ID:437	of_reactor	flame
ID:437	has_author	Author 33
ID:437	of_year	2005
ID:437	of_target	CH4
ID:437	has_similarity	S_0.4
ID:437	has_uncertainty	U_0.4
ID:438	of_type	outlet concentration measurement
ID:438	of_reactor	stirred reactor
ID:438	has_author	Author 13
ID:438	of_year	1959
ID:438	of_target	CH4
ID:438	has_similarity	S_0.1
ID:438	has_uncertainty	U_0.1
ID:439	of_type	jet stirred reactor measurement
ID:439	of_reactor	stirred reactor
ID:439	has_author	Author 63
ID:439	of_year	1980
ID:439	of_target	IDT
ID:439	has_similarity	S_0.5
ID:439	has_uncertainty	U_0.5
ID:440	of_type	ignition delay measurement
ID:440	of_reactor	shock tube
ID:440	has_author	Author 19
ID:440	of_year	2009
ID:440	of_target	CH3
ID:440	has_similarity	S_0.6
ID:440	has_uncertainty	U_0.6
ID:441	of_type	laminar burning velocity measurement
ID:441	of_reactor	flame
ID:441	has_author	Author 18
ID:441	of_year	1981
ID:441	of_target	C0
ID:441	has_similarity	S_0.8
ID:441	has_uncertainty	U_0.8
ID:442	of_type	burner stabilized flame speciation measurement
ID:442	of_reactor	flame
ID:442	has_author	Author 42
ID:442	of_year	2009
ID:442	of_target	C0
ID:442	has_similarity	S_0.2
ID:442	has_uncertainty	U_0.2
ID:443	of_type	concentration time profile measurement
ID:443	of_reactor	shock tube
ID:443	has_author	Author 53
ID:443	of_year	2007
ID:443	of_target	C6H6
ID:443	has_similarity	S_0.9
ID:443	has_uncertainty	U_0.9
ID:444	of_type	jet stirred reactor measurement
ID:444	of_reactor	flow reactor
ID:444	has_author	Author 80
ID:444	of_year	1990
ID:444	of_target	C6H6
ID:444	has_similarity	S_0.4
ID:444	has_uncertainty	U_0.4
ID:445	of_type	ignition delay measurement
ID:445	of_reactor	rapid compression machine
ID:445	has_author	Author 66
ID:445	of_year	1966
ID:445	of_target	CO2
ID:445	has_similarity	S_0.2
ID:445	has_uncertainty	U_0.2
ID:446	of_type	jet stirred reactor measurement
ID:446	of_reactor	stirred reactor
ID:446	has_author	Author 24
ID:446	of_year	1979
ID:446	of_target	C6H6
ID:446	has_similarity	S_0.3
ID:446	has_uncertainty	U_0.3
ID:447	of_type	jet stirred reactor measurement
ID:447	of_reactor	flow reactor
ID:447	has_author	Author 62
ID:447	of_year	2028
ID:447	of_target	CH4
ID:447	has_similarity	S_0.0
ID:447	has_uncertainty	U_0.0
ID:448	of_type	ignition delay measurement
ID:448	of_reactor	shock tube
ID:448	has_author	Author 33
ID:448	of_year	2002
ID:448	of_target	CO2
ID:448	has_similarity	S_0.7
ID:448	has_uncertainty	U_0.7
ID:449	of_type	burner stabilized flame speciation measurement
ID:449	of_reactor	flame
ID:449	has_author	Author 69
ID:449	of_year	2010
ID:449	of_target	C6H6
ID:449	has_similarity	S_0.5
ID:449	has_uncertainty	U_0.5
ID:450	of_type	ignition delay measurement
ID:450	of_reactor	shock tube
ID:450	has_author	Author 67
ID:450	of_year	1953
ID:450	of_target	CO2
ID:450	has_similarity	S_0.7
ID:450	has_uncertainty	U_0.7
ID:451	of_type	concentration time profile measurement
ID:451	of_reactor	stirred reactor
ID:451	has_author	Author 51
ID:451	of_year	1985
ID:451	of_target	IDT
ID:451	has_similarity	S_0.7
ID:451	has_uncertainty	U_0.7
ID:452	of_type	laminar burning velocity measurement
ID:452	of_reactor	flame
ID:452	has_author	Author 24
ID:452	of_year	1980
ID:452	of_target	C0
ID:452	has_similarity	S_0.4
ID:452	has_uncertainty	U_0.4
ID:453	of_type	laminar burning velocity measurement
ID:453	of_reactor	flame
ID:453	has_author	Author 80
ID:453	of_year	1991
ID:453	of_target	CO2
ID:453	has_similarity	S_0.6
ID:453	has_uncertainty	U_0.6
ID:454	of_type	laminar burning velocity measurement
ID:454	of_reactor	flame
ID:454	has_author	Author 41
ID:454	of_year	1995
ID:454	of_target	CH4
ID:454	has_similarity	S_0.9
ID:454	has_uncertainty	U_0.9
ID:455	of_type	ignition delay measurement
ID:455	of_reactor	rapid compression machine
ID:455	has_author	Author 91
ID:455	of_year	2002
ID:455	of_target	C5H6
ID:455	has_similarity	S_0.5
ID:455	has_uncertainty	U_0.5
ID:456	of_type	ignition delay measurement
ID:456	of_reactor	shock tube
ID:456	has_author	Author 75
ID:456	of_year	1972
ID:456	of_target	CH3
ID:456	has_similarity	S_0.1
ID:456	has_uncertainty	U_0.1
ID:457	of_type	concentration time profile measurement
ID:457	of_reactor	shock tube
ID:457	has_author	Author 92
ID:457	of_year	1969
ID:457	of_target	CH4
ID:457	has_similarity	S_0.2
ID:457	has_uncertainty	U_0.2
ID:458	of_type	ignition delay measurement
ID:458	of_reactor	shock tube
ID:458	has_author	Author 45
ID:458	of_year	1978
ID:458	of_target	C0
ID:458	has_similarity	S_1.0
ID:458	has_uncertainty	U_1.0
ID:459	of_type	burner stabilized flame speciation measurement
ID:459	of_reactor	flame
ID:459	has_author	Author 31
ID:459	of_year	1990
ID:459	of_target	C5H6
ID:459	has_similarity	S_0.6
ID:459	has_uncertainty	U_0.6
ID:460	of_type	concentration time profile measurement
ID:460	of_reactor	shock tube
ID:460	has_author	Author 24
ID:460	of_year	1972
ID:460	of_target	C6H6
ID:460	has_similarity	S_0.4
ID:460	has_uncertainty	U_0.4
ID:461	of_type	burner stabilized flame speciation measurement
ID:461	of_reactor	flame
ID:461	has_author	Author 53
ID:461	of_year	2003
ID:461	of_target	IDT
ID:461	has_similarity	S_0.4
ID:461	has_uncertainty	U_0.4
ID:462	of_type	burner stabilized flame speciation measurement
ID:462	of_reactor	flame
ID:462	has_author	Author 15
ID:462	of_year	1980
ID:462	of_target	CO2
ID:462	has_similarity	S_0.5
ID:462	has_uncertainty	U_0.5
ID:463	of_type	ignition delay measurement
ID:463	of_reactor	rapid compression machine
ID:463	has_author	Author 44
ID:463	of_year	2021
ID:463	of_target	C5H6
ID:463	has_similarity	S_0.4
ID:463	has_uncertainty	U_0.4
ID:464	of_type	ignition delay measurement
ID:464	of_reactor	shock tube
ID:464	has_author	Author 58
ID:464	of_year	1997
ID:464	of_target	NH3
ID:464	has_similarity	S_0.1
ID:464	has_uncertainty	U_0.1
ID:465	of_type	burner stabilized flame speciation measurement
ID:465	of_reactor	flame
ID:465	has_author	Author 52
ID:465	of_year	1970
ID:465	of_target	CO2
ID:465	has_similarity	S_0.9
ID:465	has_uncertainty	U_0.9
ID:466	of_type	jet stirred reactor measurement
ID:466	of_reactor	stirred reactor
ID:466	has_author	Author 23
ID:466	of_year	1950
ID:466	of_target	C5H6
ID:466	has_similarity	S_0.5
ID:466	has_uncertainty	U_0.5
ID:467	of_type	jet stirred reactor measurement
ID:467	of_reactor	shock tube
ID:467	has_author	Author 33
ID:467	of_year	2009
ID:467	of_target	C6H6
ID:467	has_similarity	S_0.4
ID:467	has_uncertainty	U_0.4
ID:468	of_type	ignition delay measurement
ID:468	of_reactor	shock tube
ID:468	has_author	Author 11
ID:468	of_year	1970
ID:468	of_target	C5H6
ID:468	has_similarity	S_0.5
ID:468	has_uncertainty	U_0.5
ID:469	of_type	burner stabilized flame speciation measurement
ID:469	of_reactor	flame
ID:469	has_author	Author 50
ID:469	of_year	1977
ID:469	of_target	H2S
ID:469	has_similarity	S_0.7
ID:469	has_uncertainty	U_0.7
ID:470	of_type	concentration time profile measurement
ID:470	of_reactor	shock tube
ID:470	has_author	Author 63
ID:470	of_year	1985
ID:470	of_target	H2
ID:470	has_similarity	S_0.6
ID:470	has_uncertainty	U_0.6
ID:471	of_type	laminar burning velocity measurement
ID:471	of_reactor	flame
ID:471	has_author	Author 75
ID:471	of_year	1979
ID:471	of_target	H2
ID:471	has_similarity	S_0.7
ID:471	has_uncertainty	U_0.7
ID:472	of_type	jet stirred reactor measurement
ID:472	of_reactor	flow reactor
ID:472	has_author	Author 46
ID:472	of_year	1980
ID:472	of_target	C7H8
ID:472	has_similarity	S_0.5
ID:472	has_uncertainty	U_0.5
ID:473	of_type	burner stabilized flame speciation measurement
ID:473	of_reactor	flame
ID:473	has_author	Author 2
ID:473	of_year	2027
ID:473	of_target	IDT
ID:473	has_similarity	S_0.4
ID:473	has_uncertainty	U_0.4
ID:474	of_type	concentration time profile measurement
ID:474	of_reactor	shock tube
ID:474	has_author	Author 81
ID:474	of_year	2017
ID:474	of_target	NH3
ID:474	has_similarity	S_0.9
ID:474	has_uncertainty	U_0.9
ID:475	of_type	concentration time profile measurement
ID:475	of_reactor	stirred reactor
ID:475	has_author	Author 2
ID:475	of_year	2020
ID:475	of_target	CH4
ID:475	has_similarity	S_0.6
ID:475	has_uncertainty	U_0.6
ID:476	of_type	burner stabilized flame speciation measurement
ID:476	of_reactor	flame
ID:476	has_author	Author 39
ID:476	of_year	1995
ID:476	of_target	IDT
ID:476	has_similarity	S_0.4
ID:476	has_uncertainty	U_0.4
ID:477	of_type	ignition delay measurement
ID:477	of_reactor	rapid compression machine
ID:477	has_author	Author 50
ID:477	of_year	1975
ID:477	of_target	C0
ID:477	has_similarity	S_0.9
ID:477	has_uncertainty	U_0.9
ID:478	of_type	laminar burning velocity measurement
ID:478	of_reactor	flame
ID:478	has_author	Author 91
ID:478	of_year	2002
ID:478	of_target	H2
ID:478	has_similarity	S_0.5
ID:478	has_uncertainty	U_0.5
ID:479	of_type	outlet concentration measurement
ID:479	of_reactor	shock tube
ID:479	has_author	Author 52
ID:479	of_year	1962
ID:479	of_target	C0
ID:479	has_similarity	S_0.9
ID:479	has_uncertainty	U_0.9
ID:480	of_type	burner stabilized flame speciation measurement
ID:480	of_reactor	flame
ID:480	has_author	Author 8
ID:480	of_year	1956
ID:480	of_target	CO2
ID:480	has_similarity	S_0.9
ID:480	has_uncertainty	U_0.9
ID:481	of_type	ignition delay measurement
ID:481	of_reactor	rapid compression machine
ID:481	has_author	Author 10
ID:481	of_year	1967
ID:481	of_target	H2S
ID:481	has_similarity	S_0.3
ID:481	has_uncertainty	U_0.3
ID:482	of_type	concentration time profile measurement
ID:482	of_reactor	flow reactor
ID:482	has_author	Author 67
ID:482	of_year	1959
ID:482	of_target	C5H6
ID:482	has_similarity	S_0.6
ID:482	has_uncertainty	U_0.6
ID:483	of_type	jet stirred reactor measurement
ID:483	of_reactor	flow reactor
ID:483	has_author	Author 70
ID:483	of_year	1994
ID:483	of_target	C5H6
ID:483	has_similarity	S_0.3
ID:483	has_uncertainty	U_0.3
ID:484	of_type	jet stirred reactor measurement
ID:484	of_reactor	shock tube
ID:484	has_author	Author 4
ID:484	of_year	1969
ID:484	of_target	CO2
ID:484	has_similarity	S_0.7
ID:484	has_uncertainty	U_0.7
ID:485	of_type	laminar burning velocity measurement
ID:485	of_reactor	flame
ID:485	has_author	Author 77
ID:485	of_year	1986
ID:485	of_target	CH4
ID:485	has_similarity	S_0.4
ID:485	has_uncertainty	U_0.4
ID:486	of_type	ignition delay measurement
ID:486	of_reactor	shock tube
ID:486	has_author	Author 36
ID:486	of_year	1963
ID:486	of_target	H2
ID:486	has_similarity	S_0.5
ID:486	has_uncertainty	U_0.5
ID:487	of_type	ignition delay measurement
ID:487	of_reactor	shock tube
ID:487	has_author	Author 34
ID:487	of_year	2000
ID:487	of_target	H2
ID:487	has_similarity	S_0.1
ID:487	has_uncertainty	U_0.1
ID:488	of_type	laminar burning velocity measurement
ID:488	of_reactor	flame
ID:488	has_author	Author 95
ID:488	of_year	2009
ID:488	of_target	NH3
ID:488	has_similarity	S_0.3
ID:488	has_uncertainty	U_0.3
ID:489	of_type	jet stirred reactor measurement
ID:489	of_reactor	shock tube
ID:489	has_author	Author 62
ID:489	of_year	2024
ID:489	of_target	CH4
ID:489	has_similarity	S_0.2
ID:489	has_uncertainty	U_0.2
ID:490	of_type	ignition delay measurement
ID:490	of_reactor	shock tube
ID:490	has_author	Author 43
ID:490	of_year	1989
ID:490	of_target	CH4
ID:490	has_similarity	S_0.3
ID:490	has_uncertainty	U_0.3
ID:491	of_type	concentration time profile measurement
ID:491	of_reactor	shock tube
ID:491	has_author	Author 26
ID:491	of_year	2022
ID:491	of_target	CH3
ID:491	has_similarity	S_0.1
ID:491	has_uncertainty	U_0.1
ID:492	of_type	jet stirred reactor measurement
ID:492	of_reactor	stirred reactor
ID:492	has_author	Author 0
ID:492	of_year	1995
ID:492	of_target	C5H6
ID:492	has_similarity	S_0.1
ID:492	has_uncertainty	U_0.1
ID:493	of_type	concentration time profile measurement
ID:493	of_reactor	shock tube
ID:493	has_author	Author 33
ID:493	of_year	2009
ID:493	of_target	H2S
ID:493	has_similarity	S_0.1
ID:493	has_uncertainty	U_0.1
ID:494	of_type	outlet concentration measurement
ID:494	of_reactor	shock tube
ID:494	has_author	Author 70
ID:494	of_year	1990
ID:494	of_target	C5H6
ID:494	has_similarity	S_0.1
ID:494	has_uncertainty	U_0.1
ID:495	of_type	jet stirred reactor measurement
ID:495	of_reactor	flow reactor
ID:495	has_author	Author 87
ID:495	of_year	2026
ID:495	of_target	IDT
ID:495	has_similarity	S_0.5
ID:495	has_uncertainty	U_0.5
ID:496	of_type	jet stirred reactor measurement
ID:496	of_reactor	stirred reactor
ID:496	has_author	Author 41
ID:496	of_year	1994
ID:496	of_target	C6H6
ID:496	has_similarity	S_0.7
ID:496	has_uncertainty	U_0.7
ID:497	of_type	laminar burning velocity measurement
ID:497	of_reactor	flame
ID:497	has_author	Author 56
ID:497	of_year	1985
ID:497	of_target	C6H6
ID:497	has_similarity	S_0.6
ID:497	has_uncertainty	U_0.6
ID:498	of_type	jet stirred reactor measurement
ID:498	of_reactor	flow reactor
ID:498	has_author	Author 66
ID:498	of_year	1961
ID:498	of_target	CO2
ID:498	has_similarity	S_0.2
ID:498	has_uncertainty	U_0.2
ID:499	of_type	outlet concentration measurement
ID:499	of_reactor	shock tube
ID:499	has_author	Author 54
ID:499	of_year	1999
ID:499	of_target	NH3
ID:499	has_similarity	S_1.0
ID:499	has_uncertainty	U_1.0
ID:500	of_type	jet stirred reactor measurement
ID:500	of_reactor	flow reactor
ID:500	has_author	Author 95
ID:500	of_year	2010
ID:500	of_target	CO2
ID:500	has_similarity	S_0.7
ID:500	has_uncertainty	U_0.7
ID:501	of_type	ignition delay measurement
ID:501	of_reactor	rapid compression machine
ID:501	has_author	Author 50
ID:501	of_year	1970
ID:501	of_target	CO2
ID:501	has_similarity	S_0.1
ID:501	has_uncertainty	U_0.1
ID:502	of_type	concentration time profile measurement
ID:502	of_reactor	flow reactor
ID:502	has_author	Author 25
ID:502	of_year	1956
ID:502	of_target	CH3
ID:502	has_similarity	S_0.8
ID:502	has_uncertainty	U_0.8
ID:503	of_type	burner stabilized flame speciation measurement
ID:503	of_reactor	flame
ID:503	has_author	Author 80
ID:503	of_year	1994
ID:503	of_target	H2S
ID:503	has_similarity	S_0.4
ID:503	has_uncertainty	U_0.4
ID:504	of_type	concentration time profile measurement
ID:504	of_reactor	flow reactor
ID:504	has_author	Author 27
ID:504	of_year	2029
ID:504	of_target	IDT
ID:504	has_similarity	S_0.0
ID:504	has_uncertainty	U_0.0
ID:505	of_type	burner stabilized flame speciation measurement
ID:505	of_reactor	flame
ID:505	has_author	Author 68
ID:505	of_year	2002
ID:505	of_target	C7H8
ID:505	has_similarity	S_0.6
ID:505	has_uncertainty	U_0.6
ID:506	of_type	ignition delay measurement
ID:506	of_reactor	shock tube
ID:506	has_author	Author 67
ID:506	of_year	1959
ID:506	of_target	H2S
ID:506	has_similarity	S_0.4
ID:506	has_uncertainty	U_0.4
ID:507	of_type	ignition delay measurement
ID:507	of_reactor	rapid compression machine
ID:507	has_author	Author 67
ID:507	of_year	1955
ID:507	of_target	C5H6
ID:507	has_similarity	S_0.2
ID:507	has_uncertainty	U_0.2
ID:508	of_type	outlet concentration measurement
ID:508	of_reactor	flow reactor
ID:508	has_author	Author 25
ID:508	of_year	1950
ID:508	of_target	H20
ID:508	has_similarity	S_0.8
ID:508	has_uncertainty	U_0.8
ID:509	of_type	laminar burning velocity measurement
ID:509	of_reactor	flame
ID:509	has_author	Author 60
ID:509	of_year	1981
ID:509	of_target	NH3
ID:509	has_similarity	S_0.7
ID:509	has_uncertainty	U_0.7
ID:510	of_type	burner stabilized flame speciation measurement
ID:510	of_reactor	flame
ID:510	has_author	Author 90
ID:510	of_year	1954
ID:510	of_target	C5H6
ID:510	has_similarity	S_0.8
ID:510	has_uncertainty	U_0.8
ID:511	of_type	outlet concentration measurement
ID:511	of_reactor	flow reactor
ID:511	has_author	Author 67
ID:511	of_year	1953
ID:511	of_target	C5H6
ID:511	has_similarity	S_0.4
ID:511	has_uncertainty	U_0.4
ID:512	of_type	concentration time profile measurement
ID:512	of_reactor	stirred reactor
ID:512	has_author	Author 12
ID:512	of_year	2009
ID:512	of_target	CH4
ID:512	has_similarity	S_0.1
ID:512	has_uncertainty	U_0.1
ID:513	of_type	concentration time profile measurement
ID:513	of_reactor	stirred reactor
ID:513	has_author	Author 48
ID:513	of_year	2014
ID:513	of_target	C6H6
ID:513	has_similarity	S_0.3
ID:513	has_uncertainty	U_0.3
ID:514	of_type	outlet concentration measurement
ID:514	of_reactor	flow reactor
ID:514	has_author	Author 84
ID:514	of_year	1990
ID:514	of_target	H2S
ID:514	has_similarity	S_0.3
ID:514	has_uncertainty	U_0.3
ID:515	of_type	burner stabilized flame speciation measurement
ID:515	of_reactor	flame
ID:515	has_author	Author 59
ID:515	of_year	1966
ID:515	of_target	H2
ID:515	has_similarity	S_0.8
ID:515	has_uncertainty	U_0.8
ID:516	of_type	ignition delay measurement
ID:516	of_reactor	shock tube
ID:516	has_author	Author 90
ID:516	of_year	1960
ID:516	of_target	H20
ID:516	has_similarity	S_0.8
ID:516	has_uncertainty	U_0.8
ID:517	of_type	jet stirred reactor measurement
ID:517	of_reactor	stirred reactor
ID:517	has_author	Author 54
ID:517	of_year	1998
ID:517	of_target	C6H6
ID:517	has_similarity	S_0.3
ID:517	has_uncertainty	U_0.3
ID:518	of_type	laminar burning velocity measurement
ID:518	of_reactor	flame
ID:518	has_author	Author 65
ID:518	of_year	1992
ID:518	of_target	C6H6
ID:518	has_similarity	S_0.9
ID:518	has_uncertainty	U_0.9
ID:519	of_type	burner stabilized flame speciation measurement
ID:519	of_reactor	flame
ID:519	has_author	Author 79
ID:519	of_year	1965
ID:519	of_target	C0
ID:519	has_similarity	S_0.8
ID:519	has_uncertainty	U_0.8
ID:520	of_type	laminar burning velocity measurement
ID:520	of_reactor	flame
ID:520	has_author	Author 74
ID:520	of_year	2009
ID:520	of_target	H20
ID:520	has_similarity	S_0.8
ID:520	has_uncertainty	U_0.8
ID:521	of_type	outlet concentration measurement
ID:521	of_reactor	stirred reactor
ID:521	has_author	Author 18
ID:521	of_year	1984
ID:521	of_target	IDT
ID:521	has_similarity	S_0.9
ID:521	has_uncertainty	U_0.9
ID:522	of_type	outlet concentration measurement
ID:522	of_reactor	stirred reactor
ID:522	has_author	Author 36
ID:522	of_year	1969
ID:522	of_target	H2
ID:522	has_similarity	S_0.6
ID:522	has_uncertainty	U_0.6
ID:523	of_type	ignition delay measurement
ID:523	of_reactor	rapid compression machine
ID:523	has_author	Author 86
ID:523	of_year	1982
ID:523	of_target	CH4
ID:523	has_similarity	S_0.9
ID:523	has_uncertainty	U_0.9
ID:524	of_type	ignition delay measurement
ID:524	of_reactor	rapid compression machine
ID:524	has_author	Author 31
ID:524	of_year	1981
ID:524	of_target	C7H8
ID:524	has_similarity	S_0.6
ID:524	has_uncertainty	U_0.6
ID:525	of_type	outlet concentration measurement
ID:525	of_reactor	stirred reactor
ID:525	has_author	Author 96
ID:525	of_year	1992
ID:525	of_target	H2
ID:525	has_similarity	S_0.4
ID:525	has_uncertainty	U_0.4
ID:526	of_type	jet stirred reactor measurement
ID:526	of_reactor	stirred reactor
ID:526	has_author	Author 68
ID:526	of_year	2005
ID:526	of_target	C7H8
ID:526	has_similarity	S_0.1
ID:526	has_uncertainty	U_0.1
ID:527	of_type	concentration time profile measurement
ID:527	of_reactor	flow reactor
ID:527	has_author	Author 86
ID:527	of_year	1986
ID:527	of_target	C6H6
ID:527	has_similarity	S_0.6
ID:527	has_uncertainty	U_0.6
ID:528	of_type	ignition delay measurement
ID:528	of_reactor	rapid compression machine
ID:528	has_author	Author 70
ID:528	of_year	1994
ID:528	of_target	CH4
ID:528	has_similarity	S_0.3
ID:528	has_uncertainty	U_0.3
ID:529	of_type	outlet concentration measurement
ID:529	of_reactor	flow reactor
ID:529	has_author	Author 40
ID:529	of_year	2026
ID:529	of_target	H20
ID:529	has_similarity	S_0.7
ID:529	has_uncertainty	U_0.7
ID:530	of_type	concentration time profile measurement
ID:530	of_reactor	flow reactor
ID:530	has_author	Author 41
ID:530	of_year	1993
ID:530	of_target	C0
ID:530	has_similarity	S_0.1
ID:530	has_uncertainty	U_0.1
ID:531	of_type	laminar burning velocity measurement
ID:531	of_reactor	flame
ID:531	has_author	Author 14
ID:531	of_year	1985
ID:531	of_target	C7H8
ID:531	has_similarity	S_1.0
ID:531	has_uncertainty	U_1.0
ID:532	of_type	outlet concentration measurement
ID:532	of_reactor	flow reactor
ID:532	has_author	Author 23
ID:532	of_year	1950
ID:532	of_target	C0
ID:532	has_similarity	S_0.6
ID:532	has_uncertainty	U_0.6
ID:533	of_type	ignition delay measurement
ID:533	of_reactor	rapid compression machine
ID:533	has_author	Author 94
ID:533	of_year	2016
ID:533	of_target	C5H6
ID:533	has_similarity	S_0.5
ID:533	has_uncertainty	U_0.5
ID:534	of_type	ignition delay measurement
ID:534	of_reactor	rapid compression machine
ID:534	has_author	Author 16
ID:534	of_year	1992
ID:534	of_target	CH4
ID:534	has_similarity	S_0.3
ID:534	has_uncertainty	U_0.3
ID:535	of_type	burner stabilized flame speciation measurement
ID:535	of_reactor	flame
ID:535	has_author	Author 43
ID:535	of_year	1983
ID:535	of_target	H2S
ID:535	has_similarity	S_0.7
ID:535	has_uncertainty	U_0.7
ID:536	of_type	jet stirred reactor measurement
ID:536	of_reactor	stirred reactor
ID:536	has_author	Author 54
ID:536	of_year	1998
ID:536	of_target	C7H8
ID:536	has_similarity	S_0.5
ID:536	has_uncertainty	U_0.5
ID:537	of_type	jet stirred reactor measurement
ID:537	of_reactor	stirred reactor
ID:537	has_author	Author 86
ID:537	of_year	1987
ID:537	of_target	C5H6
ID:537	has_similarity	S_0.5
ID:537	has_uncertainty	U_0.5
ID:538	of_type	concentration time profile measurement
ID:538	of_reactor	shock tube
ID:538	has_author	Author 54
ID:538	of_year	1999
ID:538	of_target	C7H8
ID:538	has_similarity	S_0.9
ID:538	has_uncertainty	U_0.9
ID:539	of_type	laminar burning velocity measurement
ID:539	of_reactor	flame
ID:539	has_author	Author 67
ID:539	of_year	1953
ID:539	of_target	C5H6
ID:539	has_similarity	S_0.4
ID:539	has_uncertainty	U_0.4
ID:540	of_type	burner stabilized flame speciation measurement
ID:540	of_reactor	flame
ID:540	has_author	Author 7
ID:540	of_year	1980
ID:540	of_target	C5H6
ID:540	has_similarity	S_0.8
ID:540	has_uncertainty	U_0.8
ID:541	of_type	outlet concentration measurement
ID:541	of_reactor	flow reactor
ID:541	has_author	Author 49
ID:541	of_year	1999
ID:541	of_target	H20
ID:541	has_similarity	S_0.8
ID:541	has_uncertainty	U_0.8
ID:542	of_type	outlet concentration measurement
ID:542	of_reactor	stirred reactor
ID:542	has_author	Author 94
ID:542	of_year	2010
ID:542	of_target	NH3
ID:542	has_similarity	S_0.6
ID:542	has_uncertainty	U_0.6
ID:543	of_type	concentration time profile measurement
ID:543	of_reactor	flow reactor
ID:543	has_author	Author 9
ID:543	of_year	2002
ID:543	of_target	CH4
ID:543	has_similarity	S_0.7
ID:543	has_uncertainty	U_0.7
ID:544	of_type	ignition delay measurement
ID:544	of_reactor	shock tube
ID:544	has_author	Author 50
ID:544	of_year	1971
ID:544	of_target	NH3
ID:544	has_similarity	S_0.1
ID:544	has_uncertainty	U_0.1
ID:545	of_type	ignition delay measurement
ID:545	of_reactor	rapid compression machine
ID:545	has_author	Author 87
ID:545	of_year	2021
ID:545	of_target	C0
ID:545	has_similarity	S_0.1
ID:545	has_uncertainty	U_0.1
ID:546	of_type	laminar burning velocity measurement
ID:546	of_reactor	flame
ID:546	has_author	Author 51
ID:546	of_year	1986
ID:546	of_target	C5H6
ID:546	has_similarity	S_0.5
ID:546	has_uncertainty	U_0.5
ID:547	of_type	outlet concentration measurement
ID:547	of_reactor	flow reactor
ID:547	has_author	Author 8
ID:547	of_year	1956
ID:547	of_target	C0
ID:547	has_similarity	S_0.1
ID:547	has_uncertainty	U_0.1
ID:548	of_type	laminar burning velocity measurement
ID:548	of_reactor	flame
ID:548	has_author	Author 10
ID:548	of_year	1960
ID:548	of_target	H20
ID:548	has_similarity	S_0.8
ID:548	has_uncertainty	U_0.8
ID:549	of_type	outlet concentration measurement
ID:549	of_reactor	stirred reactor
ID:549	has_author	Author 96
ID:549	of_year	1999
ID:549	of_target	IDT
ID:549	has_similarity	S_0.4
ID:549	has_uncertainty	U_0.4
ID:550	of_type	concentration time profile measurement
ID:550	of_reactor	shock tube
ID:550	has_author	Author 21
ID:550	of_year	2029
ID:550	of_target	C6H6
ID:550	has_similarity	S_0.3
ID:550	has_uncertainty	U_0.3
ID:551	of_type	outlet concentration measurement
ID:551	of_reactor	stirred reactor
ID:551	has_author	Author 84
ID:551	of_year	1991
ID:551	of_target	NH3
ID:551	has_similarity	S_0.1
ID:551	has_uncertainty	U_0.1
ID:552	of_type	burner stabilized flame speciation measurement
ID:552	of_reactor	flame
ID:552	has_author	Author 87
ID:552	of_year	2021
ID:552	of_target	H2S
ID:552	has_similarity	S_0.0
ID:552	has_uncertainty	U_0.0
ID:553	of_type	laminar burning velocity measurement
ID:553	of_reactor	flame
ID:553	has_author	Author 21
ID:553	of_year	2022
ID:553	of_target	NH3
ID:553	has_similarity	S_0.6
ID:553	has_uncertainty	U_0.6
ID:554	of_type	concentration time profile measurement
ID:554	of_reactor	shock tube
ID:554	has_author	Author 19
ID:554	of_year	2010
ID:554	of_target	NH3
ID:554	has_similarity	S_0.4
ID:554	has_uncertainty	U_0.4
ID:555	of_type	ignition delay measurement
ID:555	of_reactor	shock tube
ID:555	has_author	Author 23
ID:555	of_year	1960
ID:555	of_target	CH4
ID:555	has_similarity	S_0.4
ID:555	has_uncertainty	U_0.4
ID:556	of_type	outlet concentration measurement
ID:556	of_reactor	stirred reactor
ID:556	has_author	Author 32
ID:556	of_year	1997
ID:556	of_target	C6H6
ID:556	has_similarity	S_0.5
ID:556	has_uncertainty	U_0.5
ID:557	of_type	concentration time profile measurement
ID:557	of_reactor	shock tube
ID:557	has_author	Author 93
ID:557	of_year	2029
ID:557	of_target	CH3
ID:557	has_similarity	S_0.1
ID:557	has_uncertainty	U_0.1
ID:558	of_type	jet stirred reactor measurement
ID:558	of_reactor	shock tube
ID:558	has_author	Author 83
ID:558	of_year	2019
ID:558	of_target	IDT
ID:558	has_similarity	S_0.4
ID:558	has_uncertainty	U_0.4
ID:559	of_type	outlet concentration measurement
ID:559	of_reactor	flow reactor
ID:559	has_author	Author 33
ID:559	of_year	2008
ID:559	of_target	H20
ID:559	has_similarity	S_0.8
ID:559	has_uncertainty	U_0.8
ID:560	of_type	jet stirred reactor measurement
ID:560	of_reactor	stirred reactor
ID:560	has_author	Author 38
ID:560	of_year	1998
ID:560	of_target	H2
ID:560	has_similarity	S_0.0
ID:560	has_uncertainty	U_0.0
ID:561	of_type	outlet concentration measurement
ID:561	of_reactor	stirred reactor
ID:561	has_author	Author 27
ID:561	of_year	2029
ID:561	of_target	H20
ID:561	has_similarity	S_0.9
ID:561	has_uncertainty	U_0.9
ID:562	of_type	burner stabilized flame speciation measurement
ID:562	of_reactor	flame
ID:562	has_author	Author 24
ID:562	of_year	1974
ID:562	of_target	CO2
ID:562	has_similarity	S_0.8
ID:562	has_uncertainty	U_0.8
ID:563	of_type	burner stabilized flame speciation measurement
ID:563	of_reactor	flame
ID:563	has_author	Author 31
ID:563	of_year	1980
ID:563	of_target	H20
ID:563	has_similarity	S_0.1
ID:563	has_uncertainty	U_0.1
ID:564	of_type	jet stirred reactor measurement
ID:564	of_reactor	shock tube
ID:564	has_author	Author 47
ID:564	of_year	2026
ID:564	of_target	CH4
ID:564	has_similarity	S_0.5
ID:564	has_uncertainty	U_0.5
ID:565	of_type	laminar burning velocity measurement
ID:565	of_reactor	flame
ID:565	has_author	Author 87
ID:565	of_year	2026
ID:565	of_target	C7H8
ID:565	has_similarity	S_0.7
ID:565	has_uncertainty	U_0.7
ID:566	of_type	jet stirred reactor measurement
ID:566	of_reactor	flow reactor
ID:566	has_author	Author 50
ID:566	of_year	1970
ID:566	of_target	C0
ID:566	has_similarity	S_0.9
ID:566	has_uncertainty	U_0.9
ID:567	of_type	ignition delay measurement
ID:567	of_reactor	rapid compression machine
ID:567	has_author	Author 83
ID:567	of_year	2019
ID:567	of_target	IDT
ID:567	has_similarity	S_0.6
ID:567	has_uncertainty	U_0.6
ID:568	of_type	laminar burning velocity measurement
ID:568	of_reactor	flame
ID:568	has_author	Author 70
ID:568	of_year	1996
ID:568	of_target	CH4
ID:568	has_similarity	S_0.4
ID:568	has_uncertainty	U_0.4
ID:569	of_type	ignition delay measurement
ID:569	of_reactor	rapid compression machine
ID:569	has_author	Author 22
ID:569	of_year	2015
ID:569	of_target	C5H6
ID:569	has_similarity	S_0.1
ID:569	has_uncertainty	U_0.1
ID:570	of_type	concentration time profile measurement
ID:570	of_reactor	stirred reactor
ID:570	has_author	Author 3
ID:570	of_year	1964
ID:570	of_target	C6H6
ID:570	has_similarity	S_0.6
ID:570	has_uncertainty	U_0.6
ID:571	of_type	outlet concentration measurement
ID:571	of_reactor	shock tube
ID:571	has_author	Author 0
ID:571	of_year	1991
ID:571	of_target	C7H8
ID:571	has_similarity	S_0.1
ID:571	has_uncertainty	U_0.1
ID:572	of_type	ignition delay measurement
ID:572	of_reactor	rapid compression machine
ID:572	has_author	Author 75
ID:572	of_year	1974
ID:572	of_target	H20
ID:572	has_similarity	S_0.8
ID:572	has_uncertainty	U_0.8
ID:573	of_type	outlet concentration measurement
ID:573	of_reactor	flow reactor
ID:573	has_author	Author 32
ID:573	of_year	1990
ID:573	of_target	NH3
ID:573	has_similarity	S_1.0
ID:573	has_uncertainty	U_1.0
ID:574	of_type	outlet concentration measurement
ID:574	of_reactor	flow reactor
ID:574	has_author	Author 5
ID:574	of_year	2000
ID:574	of_target	H2
ID:574	has_similarity	S_0.8
ID:574	has_uncertainty	U_0.8
ID:575	of_type	concentration time profile measurement
ID:575	of_reactor	stirred reactor
ID:575	has_author	Author 32
ID:575	of_year	1994
ID:575	of_target	C0
ID:575	has_similarity	S_0.6
ID:575	has_uncertainty	U_0.6
ID:576	of_type	jet stirred reactor measurement
ID:576	of_reactor	shock tube
ID:576	has_author	Author 60
ID:576	of_year	1986
ID:576	of_target	CH4
ID:576	has_similarity	S_0.3
ID:576	has_uncertainty	U_0.3
ID:577	of_type	outlet concentration measurement
ID:577	of_reactor	shock tube
ID:577	has_author	Author 90
ID:577	of_year	1956
ID:577	of_target	H20
ID:577	has_similarity	S_0.7
ID:577	has_uncertainty	U_0.7
ID:578	of_type	burner stabilized flame speciation measurement
ID:578	of_reactor	flame
ID:578	has_author	Author 40
ID:578	of_year	2027
ID:578	of_target	CH3
ID:578	has_similarity	S_0.2
ID:578	has_uncertainty	U_0.2
ID:579	of_type	laminar burning velocity measurement
ID:579	of_reactor	flame
ID:579	has_author	Author 87
ID:579	of_year	2022
ID:579	of_target	NH3
ID:579	has_similarity	S_0.4
ID:579	has_uncertainty	U_0.4
ID:580	of_type	laminar burning velocity measurement
ID:580	of_reactor	flame
ID:580	has_author	Author 64
ID:580	of_year	1973
ID:580	of_target	CH4
ID:580	has_similarity	S_0.8
ID:580	has_uncertainty	U_0.8
ID:581	of_type	ignition delay measurement
ID:581	of_reactor	rapid compression machine
ID:581	has_author	Author 3
ID:581	of_year	1964
ID:581	of_target	C5H6
ID:581	has_similarity	S_1.0
ID:581	has_uncertainty	U_1.0
ID:582	of_type	burner stabilized flame speciation measurement
ID:582	of_reactor	flame
ID:582	has_author	Author 34
ID:582	of_year	1990
ID:582	of_target	CH3
ID:582	has_similarity	S_0.6
ID:582	has_uncertainty	U_0.6
ID:583	of_type	laminar burning velocity measurement
ID:583	of_reactor	flame
ID:583	has_author	Author 60
ID:583	of_year	1989
ID:583	of_target	C0
ID:583	has_similarity	S_1.0
ID:583	has_uncertainty	U_1.0
ID:584	of_type	laminar burning velocity measurement
ID:584	of_reactor	flame
ID:584	has_author	Author 40
ID:584	of_year	2022
ID:584	of_target	H2S
ID:584	has_similarity	S_0.1
ID:584	has_uncertainty	U_0.1
ID:585	of_type	outlet concentration measurement
ID:585	of_reactor	stirred reactor
ID:585	has_author	Author 53
ID:585	of_year	2004
ID:585	of_target	C6H6
ID:585	has_similarity	S_1.0
ID:585	has_uncertainty	U_1.0
ID:586	of_type	burner stabilized flame speciation measurement
ID:586	of_reactor	flame
ID:586	has_author	Author 19
ID:586	of_year	2010
ID:586	of_target	H20
ID:586	has_similarity	S_0.2
ID:586	has_uncertainty	U_0.2
ID:587	of_type	laminar burning velocity measurement
ID:587	of_reactor	flame
ID:587	has_author	Author 43
ID:587	of_year	1987
ID:587	of_target	C5H6
ID:587	has_similarity	S_0.9
ID:587	has_uncertainty	U_0.9
ID:588	of_type	ignition delay measurement
ID:588	of_reactor	shock tube
ID:588	has_author	Author 20
ID:588	of_year	1980
ID:588	of_target	CO2
ID:588	has_similarity	S_0.1
ID:588	has_uncertainty	U_0.1
ID:589	of_type	concentration time profile measurement
ID:589	of_reactor	stirred reactor
ID:589	has_author	Author 11
ID:589	of_year	1962
ID:589	of_target	CH3
ID:589	has_similarity	S_0.5
ID:589	has_uncertainty	U_0.5
ID:590	of_type	jet stirred reactor measurement
ID:590	of_reactor	shock tube
ID:590	has_author	Author 64
ID:590	of_year	1973
ID:590	of_target	IDT
ID:590	has_similarity	S_0.6
ID:590	has_uncertainty	U_0.6
ID:591	of_type	laminar burning velocity measurement
ID:591	of_reactor	flame
ID:591	has_author	Author 21
ID:591	of_year	2027
ID:591	of_target	C7H8
ID:591	has_similarity	S_0.7
ID:591	has_uncertainty	U_0.7
ID:592	of_type	concentration time profile measurement
ID:592	of_reactor	shock tube
ID:592	has_author	Author 26
ID:592	of_year	2030
ID:592	of_target	C0
ID:592	has_similarity	S_0.7
ID:592	has_uncertainty	U_0.7
ID:593	of_type	concentration time profile measurement
ID:593	of_reactor	flow reactor
ID:593	has_author	Author 30
ID:593	of_year	2026
ID:593	of_target	NH3
ID:593	has_similarity	S_0.2
ID:593	has_uncertainty	U_0.2
ID:594	of_type	outlet concentration measurement
ID:594	of_reactor	stirred reactor
ID:594	has_author	Author 8
ID:594	of_year	1955
ID:594	of_target	CH4
ID:594	has_similarity	S_0.6
ID:594	has_uncertainty	U_0.6
ID:595	of_type	laminar burning velocity measurement
ID:595	of_reactor	flame
ID:595	has_author	Author 0
ID:595	of_year	1999
ID:595	of_target	NH3
ID:595	has_similarity	S_0.6
ID:595	has_uncertainty	U_0.6
ID:596	of_type	jet stirred reactor measurement
ID:596	of_reactor	flow reactor
ID:596	has_author	Author 89
ID:596	of_year	1976
ID:596	of_target	C5H6
ID:596	has_similarity	S_0.5
ID:596	has_uncertainty	U_0.5
ID:597	of_type	jet stirred reactor measurement
ID:597	of_reactor	flow reactor
ID:597	has_author	Author 89
ID:597	of_year	1974
ID:597	of_target	C0
ID:597	has_similarity	S_0.9
ID:597	has_uncertainty	U_0.9
ID:598	of_type	outlet concentration measurement
ID:598	of_reactor	stirred reactor
ID:598	has_author	Author 27
ID:598	of_year	2030
ID:598	of_target	C0
ID:598	has_similarity	S_0.6
ID:598	has_uncertainty	U_0.6
ID:599	of_type	concentration time profile measurement
ID:599	of_reactor	stirred reactor
ID:599	has_author	Author 14
ID:599	of_year	1984
ID:599	of_target	CO2
ID:599	has_similarity	S_0.9
ID:599	has_uncertainty	U_0.9
ID:600	of_type	jet stirred reactor measurement
ID:600	of_reactor	shock tube
ID:600	has_author	Author 41
ID:600	of_year	1998
ID:600	of_target	C7H8
ID:600	has_similarity	S_0.1
ID:600	has_uncertainty	U_0.1
ID:601	of_type	ignition delay measurement
ID:601	of_reactor	rapid compression machine
ID:601	has_author	Author 37
ID:601	of_year	1991
ID:601	of_target	H2S
ID:601	has_similarity	S_0.8
ID:601	has_uncertainty	U_0.8
ID:602	of_type	outlet concentration measurement
ID:602	of_reactor	stirred reactor
ID:602	has_author	Author 51
ID:602	of_year	1982
ID:602	of_target	H20
ID:602	has_similarity	S_0.0
ID:602	has_uncertainty	U_0.0
ID:603	of_type	ignition delay measurement
ID:603	of_reactor	rapid compression machine
ID:603	has_author	Author 72
ID:603	of_year	1970
ID:603	of_target	CH3
ID:603	has_similarity	S_0.7
ID:603	has_uncertainty	U_0.7
ID:604	of_type	outlet concentration measurement
ID:604	of_reactor	shock tube
ID:604	has_author	Author 20
ID:604	of_year	1988
ID:604	of_target	H20
ID:604	has_similarity	S_0.4
ID:604	has_uncertainty	U_0.4
ID:605	of_type	jet stirred reactor measurement
ID:605	of_reactor	flow reactor
ID:605	has_author	Author 87
ID:605	of_year	2024
ID:605	of_target	CH3
ID:605	has_similarity	S_0.2
ID:605	has_uncertainty	U_0.2
ID:606	of_type	ignition delay measurement
ID:606	of_reactor	rapid compression machine
ID:606	has_author	Author 7
ID:606	of_year	1975
ID:606	of_target	C7H8
ID:606	has_similarity	S_0.8
ID:606	has_uncertainty	U_0.8
ID:607	of_type	jet stirred reactor measurement
ID:607	of_reactor	shock tube
ID:607	has_author	Author 78
ID:607	of_year	2004
ID:607	of_target	H20
ID:607	has_similarity	S_0.7
ID:607	has_uncertainty	U_0.7
ID:608	of_type	jet stirred reactor measurement
ID:608	of_reactor	flow reactor
ID:608	has_author	Author 67
ID:608	of_year	1951
ID:608	of_target	IDT
ID:608	has_similarity	S_0.5
ID:608	has_uncertainty	U_0.5
ID:609	of_type	concentration time profile measurement
ID:609	of_reactor	stirred reactor
ID:609	has_author	Author 90
ID:609	of_year	1952
ID:609	of_target	C7H8
ID:609	has_similarity	S_0.5
ID:609	has_uncertainty	U_0.5
ID:610	of_type	outlet concentration measurement
ID:610	of_reactor	stirred reactor
ID:610	has_author	Author 83
ID:610	of_year	2017
ID:610	of_target	C6H6
ID:610	has_similarity	S_0.2
ID:610	has_uncertainty	U_0.2
ID:611	of_type	burner stabilized flame speciation measurement
ID:611	of_reactor	flame
ID:611	has_author	Author 71
ID:611	of_year	2026
ID:611	of_target	C5H6
ID:611	has_similarity	S_0.5
ID:611	has_uncertainty	U_0.5
ID:612	of_type	ignition delay measurement
ID:612	of_reactor	shock tube
ID:612	has_author	Author 34
ID:612	of_year	1990
ID:612	of_target	H2S
ID:612	has_similarity	S_0.6
ID:612	has_uncertainty	U_0.6
ID:613	of_type	concentration time profile measurement
ID:613	of_reactor	flow reactor
ID:613	has_author	Author 82
ID:613	of_year	1984
ID:613	of_target	IDT
ID:613	has_similarity	S_0.4
ID:613	has_uncertainty	U_0.4
ID:614	of_type	concentration time profile measurement
ID:614	of_reactor	flow reactor
ID:614	has_author	Author 46
ID:614	of_year	1986
ID:614	of_target	H20
ID:614	has_similarity	S_0.3
ID:614	has_uncertainty	U_0.3
ID:615	of_type	jet stirred reactor measurement
ID:615	of_reactor	shock tube
ID:615	has_author	Author 40
ID:615	of_year	2023
ID:615	of_target	H2
ID:615	has_similarity	S_0.4
ID:615	has_uncertainty	U_0.4
ID:616	of_type	jet stirred reactor measurement
ID:616	of_reactor	flow reactor
ID:616	has_author	Author 91
ID:616	of_year	2007
ID:616	of_target	CH3
ID:616	has_similarity	S_0.8
ID:616	has_uncertainty	U_0.8
ID:617	of_type	jet stirred reactor measurement
ID:617	of_reactor	stirred reactor
ID:617	has_author	Author 80
ID:617	of_year	1991
ID:617	of_target	NH3
ID:617	has_similarity	S_0.8
ID:617	has_uncertainty	U_0.8
ID:618	of_type	burner stabilized flame speciation measurement
ID:618	of_reactor	flame
ID:618	has_author	Author 52
ID:618	of_year	1961
ID:618	of_target	H2
ID:618	has_similarity	S_0.8
ID:618	has_uncertainty	U_0.8
ID:619	of_type	ignition delay measurement
ID:619	of_reactor	rapid compression machine
ID:619	has_author	Author 60
ID:619	of_year	1988
ID:619	of_target	C6H6
ID:619	has_similarity	S_0.1
ID:619	has_uncertainty	U_0.1
ID:620	of_type	laminar burning velocity measurement
ID:620	of_reactor	flame
ID:620	has_author	Author 23
ID:620	of_year	1952
ID:620	of_target	CH3
ID:620	has_similarity	S_0.9
ID:620	has_uncertainty	U_0.9
ID:621	of_type	ignition delay measurement
ID:621	of_reactor	rapid compression machine
ID:621	has_author	Author 62
ID:621	of_year	2020
ID:621	of_target	CH4
ID:621	has_similarity	S_0.1
ID:621	has_uncertainty	U_0.1
ID:622	of_type	concentration time profile measurement
ID:622	of_reactor	stirred reactor
ID:622	has_author	Author 2
ID:622	of_year	2024
ID:622	of_target	CH4
ID:622	has_similarity	S_0.8
ID:622	has_uncertainty	U_0.8
ID:623	of_type	ignition delay measurement
ID:623	of_reactor	shock tube
ID:623	has_author	Author 24
ID:623	of_year	1975
ID:623	of_target	IDT
ID:623	has_similarity	S_0.5
ID:623	has_uncertainty	U_0.5
ID:624	of_type	outlet concentration measurement
ID:624	of_reactor	flow reactor
ID:624	has_author	Author 70
ID:624	of_year	1990
ID:624	of_target	CH3
ID:624	has_similarity	S_0.5
ID:624	has_uncertainty	U_0.5
ID:625	of_type	laminar burning velocity measurement
ID:625	of_reactor	flame
ID:625	has_author	Author 61
ID:625	of_year	2022
ID:625	of_target	CO2
ID:625	has_similarity	S_0.7
ID:625	has_uncertainty	U_0.7
ID:626	of_type	ignition delay measurement
ID:626	of_reactor	shock tube
ID:626	has_author	Author 69
ID:626	of_year	2002
ID:626	of_target	C0
ID:626	has_similarity	S_0.1
ID:626	has_uncertainty	U_0.1
ID:627	of_type	ignition delay measurement
ID:627	of_reactor	shock tube
ID:627	has_author	Author 66
ID:627	of_year	1962
ID:627	of_target	C7H8
ID:627	has_similarity	S_0.1
ID:627	has_uncertainty	U_0.1
ID:628	of_type	jet stirred reactor measurement
ID:628	of_reactor	shock tube
ID:628	has_author	Author 28
ID:628	of_year	1968
ID:628	of_target	CH4
ID:628	has_similarity	S_0.8
ID:628	has_uncertainty	U_0.8
ID:629	of_type	laminar burning velocity measurement
ID:629	of_reactor	flame
ID:629	has_author	Author 15
ID:629	of_year	1977
ID:629	of_target	NH3
ID:629	has_similarity	S_0.4
ID:629	has_uncertainty	U_0.4
ID:630	of_type	burner stabilized flame speciation measurement
ID:630	of_reactor	flame
ID:630	has_author	Author 32
ID:630	of_year	1994
ID:630	of_target	C5H6
ID:630	has_similarity	S_0.2
ID:630	has_uncertainty	U_0.2
ID:631	of_type	laminar burning velocity measurement
ID:631	of_reactor	flame
ID:631	has_author	Author 8
ID:631	of_year	1952
ID:631	of_target	H2
ID:631	has_similarity	S_0.7
ID:631	has_uncertainty	U_0.7
ID:632	of_type	concentration time profile measurement
ID:632	of_reactor	flow reactor
ID:632	has_author	Author 48
ID:632	of_year	2020
ID:632	of_target	H2
ID:632	has_similarity	S_0.2
ID:632	has_uncertainty	U_0.2
ID:633	of_type	outlet concentration measurement
ID:633	of_reactor	shock tube
ID:633	has_author	Author 26
ID:633	of_year	2029
ID:633	of_target	C6H6
ID:633	has_similarity	S_0.3
ID:633	has_uncertainty	U_0.3
ID:634	of_type	jet stirred reactor measurement
ID:634	of_reactor	stirred reactor
ID:634	has_author	Author 61
ID:634	of_year	2029
ID:634	of_target	C7H8
ID:634	has_similarity	S_0.7
ID:634	has_uncertainty	U_0.7
ID:635	of_type	burner stabilized flame speciation measurement
ID:635	of_reactor	flame
ID:635	has_author	Author 81
ID:635	of_year	2014
ID:635	of_target	H2S
ID:635	has_similarity	S_0.2
ID:635	has_uncertainty	U_0.2
ID:636	of_type	laminar burning velocity measurement
ID:636	of_reactor	flame
ID:636	has_author	Author 69
ID:636	of_year	2010
ID:636	of_target	H2
ID:636	has_similarity	S_0.5
ID:636	has_uncertainty	U_0.5
ID:637	of_type	outlet concentration measurement
ID:637	of_reactor	stirred reactor
ID:637	has_author	Author 99
ID:637	of_year	2001
ID:637	of_target	CH3
ID:637	has_similarity	S_0.8
ID:637	has_uncertainty	U_0.8
ID:638	of_type	jet stirred reactor measurement
ID:638	of_reactor	shock tube
ID:638	has_author	Author 94
ID:638	of_year	2013
ID:638	of_target	CO2
ID:638	has_similarity	S_0.3
ID:638	has_uncertainty	U_0.3
ID:639	of_type	ignition delay measurement
ID:639	of_reactor	rapid compression machine
ID:639	has_author	Author 98
ID:639	of_year	2023
ID:639	of_target	C5H6
ID:639	has_similarity	S_0.5
ID:639	has_uncertainty	U_0.5
ID:640	of_type	jet stirred reactor measurement
ID:640	of_reactor	flow reactor
ID:640	has_author	Author 79
ID:640	of_year	1963
ID:640	of_target	H2
ID:640	has_similarity	S_0.6
ID:640	has_uncertainty	U_0.6
ID:641	of_type	jet stirred reactor measurement
ID:641	of_reactor	shock tube
ID:641	has_author	Author 12
ID:641	of_year	2002
ID:641	of_target	CO2
ID:641	has_similarity	S_0.1
ID:641	has_uncertainty	U_0.1
ID:642	of_type	jet stirred reactor measurement
ID:642	of_reactor	shock tube
ID:642	has_author	Author 83
ID:642	of_year	2020
ID:642	of_target	CH4
ID:642	has_similarity	S_0.9
ID:642	has_uncertainty	U_0.9
ID:643	of_type	laminar burning velocity measurement
ID:643	of_reactor	flame
ID:643	has_author	Author 33
ID:643	of_year	2010
ID:643	of_target	NH3
ID:643	has_similarity	S_0.9
ID:643	has_uncertainty	U_0.9
ID:644	of_type	concentration time profile measurement
ID:644	of_reactor	stirred reactor
ID:644	has_author	Author 86
ID:644	of_year	1988
ID:644	of_target	H20
ID:644	has_similarity	S_0.5
ID:644	has_uncertainty	U_0.5
ID:645	of_type	ignition delay measurement
ID:645	of_reactor	shock tube
ID:645	has_author	Author 59
ID:645	of_year	1966
ID:645	of_target	H20
ID:645	has_similarity	S_0.8
ID:645	has_uncertainty	U_0.8
ID:646	of_type	outlet concentration measurement
ID:646	of_reactor	flow reactor
ID:646	has_author	Author 53
ID:646	of_year	2005
ID:646	of_target	CO2
ID:646	has_similarity	S_0.0
ID:646	has_uncertainty	U_0.0
ID:647	of_type	jet stirred reactor measurement
ID:647	of_reactor	stirred reactor
ID:647	has_author	Author 96
ID:647	of_year	1997
ID:647	of_target	C6H6
ID:647	has_similarity	S_0.9
ID:647	has_uncertainty	U_0.9
ID:648	of_type	ignition delay measurement
ID:648	of_reactor	shock tube
ID:648	has_author	Author 89
ID:648	of_year	1976
ID:648	of_target	NH3
ID:648	has_similarity	S_0.7
ID:648	has_uncertainty	U_0.7
ID:649	of_type	laminar burning velocity measurement
ID:649	of_reactor	flame
ID:649	has_author	Author 18
ID:649	of_year	1985
ID:649	of_target	CH3
ID:649	has_similarity	S_0.8
ID:649	has_uncertainty	U_0.8
ID:650	of_type	ignition delay measurement
ID:650	of_reactor	rapid compression machine
ID:650	has_author	Author 57
ID:650	of_year	2027
ID:650	of_target	CH4
ID:650	has_similarity	S_0.5
ID:650	has_uncertainty	U_0.5
ID:651	of_type	laminar burning velocity measurement
ID:651	of_reactor	flame
ID:651	has_author	Author 41
ID:651	of_year	2000
ID:651	of_target	CH3
ID:651	has_similarity	S_0.7
ID:651	has_uncertainty	U_0.7
ID:652	of_type	outlet concentration measurement
ID:652	of_reactor	flow reactor
ID:652	has_author	Author 83
ID:652	of_year	2013
ID:652	of_target	CH3
ID:652	has_similarity	S_0.4
ID:652	has_uncertainty	U_0.4
ID:653	of_type	ignition delay measurement
ID:653	of_reactor	rapid compression machine
ID:653	has_author	Author 53
ID:653	of_year	2001
ID:653	of_target	NH3
ID:653	has_similarity	S_0.1
ID:653	has_uncertainty	U_0.1
ID:654	of_type	burner stabilized flame speciation measurement
ID:654	of_reactor	flame
ID:654	has_author	Author 3
ID:654	of_year	1970
ID:654	of_target	CO2
ID:654	has_similarity	S_0.4
ID:654	has_uncertainty	U_0.4
ID:655	of_type	concentration time profile measurement
ID:655	of_reactor	shock tube
ID:655	has_author	Author 43
ID:655	of_year	1990
ID:655	of_target	H20
ID:655	has_similarity	S_0.1
ID:655	has_uncertainty	U_0.1
ID:656	of_type	outlet concentration measurement
ID:656	of_reactor	stirred reactor
ID:656	has_author	Author 33
ID:656	of_year	2001
ID:656	of_target	C7H8
ID:656	has_similarity	S_0.5
ID:656	has_uncertainty	U_0.5
ID:657	of_type	concentration time profile measurement
ID:657	of_reactor	flow reactor
ID:657	has_author	Author 99
ID:657	of_year	2004
ID:657	of_target	C5H6
ID:657	has_similarity	S_0.0
ID:657	has_uncertainty	U_0.0
ID:658	of_type	concentration time profile measurement
ID:658	of_reactor	stirred reactor
ID:658	has_author	Author 14
ID:658	of_year	1985
ID:658	of_target	C7H8
ID:658	has_similarity	S_0.3
ID:658	has_uncertainty	U_0.3
ID:659	of_type	ignition delay measurement
ID:659	of_reactor	shock tube
ID:659	has_author	Author 93
ID:659	of_year	2028
ID:659	of_target	CH3
ID:659	has_similarity	S_0.2
ID:659	has_uncertainty	U_0.2
ID:660	of_type	burner stabilized flame speciation measurement
ID:660	of_reactor	flame
ID:660	has_author	Author 80
ID:660	of_year	1998
ID:660	of_target	C0
ID:660	has_similarity	S_0.9
ID:660	has_uncertainty	U_0.9
ID:661	of_type	jet stirred reactor measurement
ID:661	of_reactor	flow reactor
ID:661	has_author	Author 95
ID:661	of_year	2005
ID:661	of_target	H20
ID:661	has_similarity	S_0.4
ID:661	has_uncertainty	U_0.4
ID:662	of_type	concentration time profile measurement
ID:662	of_reactor	stirred reactor
ID:662	has_author	Author 75
ID:662	of_year	1978
ID:662	of_target	C5H6
ID:662	has_similarity	S_0.1
ID:662	has_uncertainty	U_0.1
ID:663	of_type	laminar burning velocity measurement
ID:663	of_reactor	flame
ID:663	has_author	Author 13
ID:663	of_year	1958
ID:663	of_target	H2S
ID:663	has_similarity	S_0.1
ID:663	has_uncertainty	U_0.1
ID:664	of_type	outlet concentration measurement
ID:664	of_reactor	shock tube
ID:664	has_author	Author 97
ID:664	of_year	2015
ID:664	of_target	NH3
ID:664	has_similarity	S_1.0
ID:664	has_uncertainty	U_1.0
ID:665	of_type	concentration time profile measurement
ID:665	of_reactor	stirred reactor
ID:665	has_author	Author 5
ID:665	of_year	1991
ID:665	of_target	H20
ID:665	has_similarity	S_0.3
ID:665	has_uncertainty	U_0.3
ID:666	of_type	concentration time profile measurement
ID:666	of_reactor	shock tube
ID:666	has_author	Author 46
ID:666	of_year	1980
ID:666	of_target	IDT
ID:666	has_similarity	S_0.7
ID:666	has_uncertainty	U_0.7
ID:667	of_type	burner stabilized flame speciation measurement
ID:667	of_reactor	flame
ID:667	has_author	Author 31
ID:667	of_year	1981
ID:667	of_target	C0
ID:667	has_similarity	S_0.3
ID:667	has_uncertainty	U_0.3
ID:668	of_type	concentration time profile measurement
ID:668	of_reactor	flow reactor
ID:668	has_author	Author 97
ID:668	of_year	2019
ID:668	of_target	CH3
ID:668	has_similarity	S_0.7
ID:668	has_uncertainty	U_0.7
ID:669	of_type	outlet concentration measurement
ID:669	of_reactor	stirred reactor
ID:669	has_author	Author 51
ID:669	of_year	1983
ID:669	of_target	C5H6
ID:669	has_similarity	S_0.7
ID:669	has_uncertainty	U_0.7
ID:670	of_type	ignition delay measurement
ID:670	of_reactor	shock tube
ID:670	has_author	Author 36
ID:670	of_year	1960
ID:670	of_target	H20
ID:670	has_similarity	S_0.8
ID:670	has_uncertainty	U_0.8
ID:671	of_type	jet stirred reactor measurement
ID:671	of_reactor	stirred reactor
ID:671	has_author	Author 68
ID:671	of_year	2006
ID:671	of_target	H2S
ID:671	has_similarity	S_0.2
ID:671	has_uncertainty	U_0.2
ID:672	of_type	jet stirred reactor measurement
ID:672	of_reactor	shock tube
ID:672	has_author	Author 80
ID:672	of_year	1999
ID:672	of_target	C0
ID:672	has_similarity	S_0.6
ID:672	has_uncertainty	U_0.6
ID:673	of_type	outlet concentration measurement
ID:673	of_reactor	stirred reactor
ID:673	has_author	Author 22
ID:673	of_year	2019
ID:673	of_target	IDT
ID:673	has_similarity	S_0.1
ID:673	has_uncertainty	U_0.1
ID:674	of_type	laminar burning velocity measurement
ID:674	of_reactor	flame
ID:674	has_author	Author 54
ID:674	of_year	1992
ID:674	of_target	CH3
ID:674	has_similarity	S_0.1
ID:674	has_uncertainty	U_0.1
ID:675	of_type	laminar burning velocity measurement
ID:675	of_reactor	flame
ID:675	has_author	Author 56
ID:675	of_year	1980
ID:675	of_target	CH3
ID:675	has_similarity	S_0.7
ID:675	has_uncertainty	U_0.7
ID:676	of_type	concentration time profile measurement
ID:676	of_reactor	flow reactor
ID:676	has_author	Author 38
ID:676	of_year	1996
ID:676	of_target	H20
ID:676	has_similarity	S_0.9
ID:676	has_uncertainty	U_0.9
ID:677	of_type	jet stirred reactor measurement
ID:677	of_reactor	stirred reactor
ID:677	has_author	Author 22
ID:677	of_year	2017
ID:677	of_target	C5H6
ID:677	has_similarity	S_0.3
ID:677	has_uncertainty	U_0.3
ID:678	of_type	ignition delay measurement
ID:678	of_reactor	shock tube
ID:678	has_author	Author 46
ID:678	of_year	1986
ID:678	of_target	H2S
ID:678	has_similarity	S_0.5
ID:678	has_uncertainty	U_0.5
ID:679	of_type	burner stabilized flame speciation measurement
ID:679	of_reactor	flame
ID:679	has_author	Author 65
ID:679	of_year	2000
ID:679	of_target	IDT
ID:679	has_similarity	S_0.3
ID:679	has_uncertainty	U_0.3
ID:680	of_type	jet stirred reactor measurement
ID:680	of_reactor	flow reactor
ID:680	has_author	Author 57
ID:680	of_year	2025
ID:680	of_target	H2
ID:680	has_similarity	S_0.6
ID:680	has_uncertainty	U_0.6
ID:681	of_type	outlet concentration measurement
ID:681	of_reactor	flow reactor
ID:681	has_author	Author 4
ID:681	of_year	1968
ID:681	of_target	C6H6
ID:681	has_similarity	S_0.1
ID:681	has_uncertainty	U_0.1
ID:682	of_type	laminar burning velocity measurement
ID:682	of_reactor	flame
ID:682	has_author	Author 47
ID:682	of_year	2020
ID:682	of_target	IDT
ID:682	has_similarity	S_0.5
ID:682	has_uncertainty	U_0.5
ID:683	of_type	concentration time profile measurement
ID:683	of_reactor	shock tube
ID:683	has_author	Author 31
ID:683	of_year	1984
ID:683	of_target	CH3
ID:683	has_similarity	S_0.1
ID:683	has_uncertainty	U_0.1
ID:684	of_type	jet stirred reactor measurement
ID:684	of_reactor	shock tube
ID:684	has_author	Author 2
ID:684	of_year	2025
ID:684	of_target	C7H8
ID:684	has_similarity	S_0.2
ID:684	has_uncertainty	U_0.2
ID:685	of_type	ignition delay measurement
ID:685	of_reactor	rapid compression machine
ID:685	has_author	Author 13
ID:685	of_year	1954
ID:685	of_target	H20
ID:685	has_similarity	S_0.7
ID:685	has_uncertainty	U_0.7
ID:686	of_type	jet stirred reactor measurement
ID:686	of_reactor	flow reactor
ID:686	has_author	Author 93
ID:686	of_year	2028
ID:686	of_target	C6H6
ID:686	has_similarity	S_0.5
ID:686	has_uncertainty	U_0.5
ID:687	of_type	concentration time profile measurement
ID:687	of_reactor	shock tube
ID:687	has_author	Author 67
ID:687	of_year	1959
ID:687	of_target	C5H6
ID:687	has_similarity	S_0.2
ID:687	has_uncertainty	U_0.2
ID:688	of_type	outlet concentration measurement
ID:688	of_reactor	stirred reactor
ID:688	has_author	Author 52
ID:688	of_year	1967
ID:688	of_target	C7H8
ID:688	has_similarity	S_0.0
ID:688	has_uncertainty	U_0.0
ID:689	of_type	laminar burning velocity measurement
ID:689	of_reactor	flame
ID:689	has_author	Author 11
ID:689	of_year	1969
ID:689	of_target	H20
ID:689	has_similarity	S_0.6
ID:689	has_uncertainty	U_0.6
ID:690	of_type	concentration time profile measurement
ID:690	of_reactor	flow reactor
ID:690	has_author	Author 71
ID:690	of_year	2029
ID:690	of_target	NH3
ID:690	has_similarity	S_0.6
ID:690	has_uncertainty	U_0.6
ID:691	of_type	laminar burning velocity measurement
ID:691	of_reactor	flame
ID:691	has_author	Author 59
ID:691	of_year	1962
ID:691	of_target	CO2
ID:691	has_similarity	S_0.6
ID:691	has_uncertainty	U_0.6
ID:692	of_type	ignition delay measurement
ID:692	of_reactor	shock tube
ID:692	has_author	Author 13
ID:692	of_year	1958
ID:692	of_target	C5H6
ID:692	has_similarity	S_0.9
ID:692	has_uncertainty	U_0.9
ID:693	of_type	ignition delay measurement
ID:693	of_reactor	shock tube
ID:693	has_author	Author 31
ID:693	of_year	1989
ID:693	of_target	H2
ID:693	has_similarity	S_0.5
ID:693	has_uncertainty	U_0.5
ID:694	of_type	jet stirred reactor measurement
ID:694	of_reactor	shock tube
ID:694	has_author	Author 56
ID:694	of_year	1980
ID:694	of_target	NH3
ID:694	has_similarity	S_0.8
ID:694	has_uncertainty	U_0.8
ID:695	of_type	outlet concentration measurement
ID:695	of_reactor	shock tube
ID:695	has_author	Author 5
ID:695	of_year	1997
ID:695	of_target	CH4
ID:695	has_similarity	S_0.5
ID:695	has_uncertainty	U_0.5
ID:696	of_type	burner stabilized flame speciation measurement
ID:696	of_reactor	flame
ID:696	has_author	Author 56
ID:696	of_year	1985
ID:696	of_target	H2
ID:696	has_similarity	S_0.3
ID:696	has_uncertainty	U_0.3
ID:697	of_type	concentration time profile measurement
ID:697	of_reactor	shock tube
ID:697	has_author	Author 87
ID:697	of_year	2024
ID:697	of_target	H2
ID:697	has_similarity	S_0.6
ID:697	has_uncertainty	U_0.6
ID:698	of_type	ignition delay measurement
ID:698	of_reactor	rapid compression machine
ID:698	has_author	Author 91
ID:698	of_year	2006
ID:698	of_target	CH4
ID:698	has_similarity	S_0.1
ID:698	has_uncertainty	U_0.1
ID:699	of_type	jet stirred reactor measurement
ID:699	of_reactor	flow reactor
ID:699	has_author	Author 13
ID:699	of_year	1956
ID:699	of_target	C5H6
ID:699	has_similarity	S_0.3
ID:699	has_uncertainty	U_0.3
ID:700	of_type	ignition delay measurement
ID:700	of_reactor	rapid compression machine
ID:700	has_author	Author 38
ID:700	of_year	1994
ID:700	of_target	C7H8
ID:700	has_similarity	S_0.4
ID:700	has_uncertainty	U_0.4
ID:701	of_type	laminar burning velocity measurement
ID:701	of_reactor	flame
ID:701	has_author	Author 55
ID:701	of_year	1954
ID:701	of_target	C7H8
ID:701	has_similarity	S_0.2
ID:701	has_uncertainty	U_0.2
ID:702	of_type	burner stabilized flame speciation measurement
ID:702	of_reactor	flame
ID:702	has_author	Author 0
ID:702	of_year	1996
ID:702	of_target	C7H8
ID:702	has_similarity	S_0.4
ID:702	has_uncertainty	U_0.4
ID:703	of_type	laminar burning velocity measurement
ID:703	of_reactor	flame
ID:703	has_author	Author 80
ID:703	of_year	1992
ID:703	of_target	H2
ID:703	has_similarity	S_0.2
ID:703	has_uncertainty	U_0.2
ID:704	of_type	burner stabilized flame speciation measurement
ID:704	of_reactor	flame
ID:704	has_author	Author 55
ID:704	of_year	1950
ID:704	of_target	C0
ID:704	has_similarity	S_0.4
ID:704	has_uncertainty	U_0.4
ID:705	of_type	concentration time profile measurement
ID:705	of_reactor	stirred reactor
ID:705	has_author	Author 14
ID:705	of_year	1985
ID:705	of_target	C7H8
ID:705	has_similarity	S_1.0
ID:705	has_uncertainty	U_1.0
ID:706	of_type	ignition delay measurement
ID:706	of_reactor	shock tube
ID:706	has_author	Author 32
ID:706	of_year	1995
ID:706	of_target	C7H8
ID:706	has_similarity	S_0.1
ID:706	has_uncertainty	U_0.1
ID:707	of_type	ignition delay measurement
ID:707	of_reactor	shock tube
ID:707	has_author	Author 18
ID:707	of_year	1982
ID:707	of_target	H20
ID:707	has_similarity	S_0.8
ID:707	has_uncertainty	U_0.8
ID:708	of_type	ignition delay measurement
ID:708	of_reactor	rapid compression machine
ID:708	has_author	Author 23
ID:708	of_year	1960
ID:708	of_target	IDT
ID:708	has_similarity	S_0.8
ID:708	has_uncertainty	U_0.8
ID:709	of_type	ignition delay measurement
ID:709	of_reactor	shock tube
ID:709	has_author	Author 64
ID:709	of_year	1978
ID:709	of_target	C6H6
ID:709	has_similarity	S_0.7
ID:709	has_uncertainty	U_0.7
ID:710	of_type	ignition delay measurement
ID:710	of_reactor	rapid compression machine
ID:710	has_author	Author 16
ID:710	of_year	1994
ID:710	of_target	H2
ID:710	has_similarity	S_0.1
ID:710	has_uncertainty	U_0.1
ID:711	of_type	burner stabilized flame speciation measurement
ID:711	of_reactor	flame
ID:711	has_author	Author 20
ID:711	of_year	1983
ID:711	of_target	C6H6
ID:711	has_similarity	S_0.5
ID:711	has_uncertainty	U_0.5
ID:712	of_type	ignition delay measurement
ID:712	of_reactor	rapid compression machine
ID:712	has_author	Author 44
ID:712	of_year	2029
ID:712	of_target	C5H6
ID:712	has_similarity	S_0.5
ID:712	has_uncertainty	U_0.5
ID:713	of_type	jet stirred reactor measurement
ID:713	of_reactor	shock tube
ID:713	has_author	Author 72
ID:713	of_year	1969
ID:713	of_target	H2
ID:713	has_similarity	S_0.5
ID:713	has_uncertainty	U_0.5
ID:714	of_type	concentration time profile measurement
ID:714	of_reactor	flow reactor
ID:714	has_author	Author 50
ID:714	of_year	1976
ID:714	of_target	H2S
ID:714	has_similarity	S_0.3
ID:714	has_uncertainty	U_0.3
ID:715	of_type	jet stirred reactor measurement
ID:715	of_reactor	stirred reactor
ID:715	has_author	Author 96
ID:715	of_year	1999
ID:715	of_target	C7H8
ID:715	has_similarity	S_0.5
ID:715	has_uncertainty	U_0.5
ID:716	of_type	ignition delay measurement
ID:716	of_reactor	rapid compression machine
ID:716	has_author	Author 65
ID:716	of_year	1999
ID:716	of_target	CH4
ID:716	has_similarity	S_0.9
ID:716	has_uncertainty	U_0.9
ID:717	of_type	jet stirred reactor measurement
ID:717	of_reactor	flow reactor
ID:717	has_author	Author 81
ID:717	of_year	2020
ID:717	of_target	CH4
ID:717	has_similarity	S_0.6
ID:717	has_uncertainty	U_0.6
ID:718	of_type	concentration time profile measurement
ID:718	of_reactor	shock tube
ID:718	has_author	Author 74
ID:718	of_year	2010
ID:718	of_target	C0
ID:718	has_similarity	S_0.6
ID:718	has_uncertainty	U_0.6
ID:719	of_type	outlet concentration measurement
ID:719	of_reactor	stirred reactor
ID:719	has_author	Author 41
ID:719	of_year	1991
ID:719	of_target	C7H8
ID:719	has_similarity	S_0.6
ID:719	has_uncertainty	U_0.6
ID:720	of_type	outlet concentration measurement
ID:720	of_reactor	shock tube
ID:720	has_author	Author 33
ID:720	of_year	2001
ID:720	of_target	NH3
ID:720	has_similarity	S_0.6
ID:720	has_uncertainty	U_0.6
ID:721	of_type	laminar burning velocity measurement
ID:721	of_reactor	flame
ID:721	has_author	Author 45
ID:721	of_year	1973
ID:721	of_target	CH4
ID:721	has_similarity	S_0.0
ID:721	has_uncertainty	U_0.0
ID:722	of_type	burner stabilized flame speciation measurement
ID:722	of_reactor	flame
ID:722	has_author	Author 87
ID:722	of_year	2020
ID:722	of_target	CH4
ID:722	has_similarity	S_0.0
ID:722	has_uncertainty	U_0.0
ID:723	of_type	outlet concentration measurement
ID:723	of_reactor	flow reactor
ID:723	has_author	Author 38
ID:723	of_year	2000
ID:723	of_target	CH3
ID:723	has_similarity	S_0.4
ID:723	has_uncertainty	U_0.4
ID:724	of_type	burner stabilized flame speciation measurement
ID:724	of_reactor	flame
ID:724	has_author	Author 33
ID:724	of_year	2004
ID:724	of_target	H20
ID:724	has_similarity	S_0.9
ID:724	has_uncertainty	U_0.9
ID:725	of_type	laminar burning velocity measurement
ID:725	of_reactor	flame
ID:725	has_author	Author 72
ID:725	of_year	1966
ID:725	of_target	C0
ID:725	has_similarity	S_0.8
ID:725	has_uncertainty	U_0.8
ID:726	of_type	outlet concentration measurement
ID:726	of_reactor	stirred reactor
ID:726	has_author	Author 4
ID:726	of_year	1970
ID:726	of_target	C7H8
ID:726	has_similarity	S_0.7
ID:726	has_uncertainty	U_0.7
ID:727	of_type	concentration time profile measurement
ID:727	of_reactor	shock tube
ID:727	has_author	Author 17
ID:727	of_year	1950
ID:727	of_target	IDT
ID:727	has_similarity	S_1.0
ID:727	has_uncertainty	U_1.0
ID:728	of_type	concentration time profile measurement
ID:728	of_reactor	flow reactor
ID:728	has_author	Author 40
ID:728	of_year	2026
ID:728	of_target	IDT
ID:728	has_similarity	S_0.8
ID:728	has_uncertainty	U_0.8
ID:729	of_type	outlet concentration measurement
ID:729	of_reactor	stirred reactor
ID:729	has_author	Author 95
ID:729	of_year	2001
ID:729	of_target	CH4
ID:729	has_similarity	S_0.7
ID:729	has_uncertainty	U_0.7
ID:730	of_type	jet stirred reactor measurement
ID:730	of_reactor	stirred reactor
ID:730	has_author	Author 17
ID:730	of_year	1958
ID:730	of_target	CH3
ID:730	has_similarity	S_0.8
ID:730	has_uncertainty	U_0.8
ID:731	of_type	outlet concentration measurement
ID:731	of_reactor	shock tube
ID:731	has_author	Author 48
ID:731	of_year	2015
ID:731	of_target	C5H6
ID:731	has_similarity	S_0.6
ID:731	has_uncertainty	U_0.6
ID:732	of_type	burner stabilized flame speciation measurement
ID:732	of_reactor	flame
ID:732	has_author	Author 46
ID:732	of_year	1985
ID:732	of_target	CH3
ID:732	has_similarity	S_0.1
ID:732	has_uncertainty	U_0.1
ID:733	of_type	concentration time profile measurement
ID:733	of_reactor	stirred reactor
ID:733	has_author	Author 1
ID:733	of_year	1964
ID:733	of_target	C0
ID:733	has_similarity	S_0.9
ID:733	has_uncertainty	U_0.9
ID:734	of_type	ignition delay measurement
ID:734	of_reactor	shock tube
ID:734	has_author	Author 15
ID:734	of_year	1971
ID:734	of_target	IDT
ID:734	has_similarity	S_0.4
ID:734	has_uncertainty	U_0.4
ID:735	of_type	outlet concentration measurement
ID:735	of_reactor	flow reactor
ID:735	has_author	Author 47
ID:735	of_year	2020
ID:735	of_target	C6H6
ID:735	has_similarity	S_0.8
ID:735	has_uncertainty	U_0.8
ID:736	of_type	outlet concentration measurement
ID:736	of_reactor	flow reactor
ID:736	has_author	Author 53
ID:736	of_year	2008
ID:736	of_target	CH4
ID:736	has_similarity	S_0.5
ID:736	has_uncertainty	U_0.5
ID:737	of_type	ignition delay measurement
ID:737	of_reactor	rapid compression machine
ID:737	has_author	Author 78
ID:737	of_year	2000
ID:737	of_target	IDT
ID:737	has_similarity	S_0.1
ID:737	has_uncertainty	U_0.1
ID:738	of_type	outlet concentration measurement
ID:738	of_reactor	stirred reactor
ID:738	has_author	Author 10
ID:738	of_year	1964
ID:738	of_target	C0
ID:738	has_similarity	S_0.1
ID:738	has_uncertainty	U_0.1
ID:739	of_type	concentration time profile measurement
ID:739	of_reactor	stirred reactor
ID:739	has_author	Author 89
ID:739	of_year	1970
ID:739	of_target	CO2
ID:739	has_similarity	S_0.3
ID:739	has_uncertainty	U_0.3
ID:740	of_type	concentration time profile measurement
ID:740	of_reactor	stirred reactor
ID:740	has_author	Author 75
ID:740	of_year	1978
ID:740	of_target	IDT
ID:740	has_similarity	S_0.7
ID:740	has_uncertainty	U_0.7
ID:741	of_type	ignition delay measurement
ID:741	of_reactor	rapid compression machine
ID:741	has_author	Author 31
ID:741	of_year	1980
ID:741	of_target	H20
ID:741	has_similarity	S_1.0
ID:741	has_uncertainty	U_1.0
ID:742	of_type	burner stabilized flame speciation measurement
ID:742	of_reactor	flame
ID:742	has_author	Author 6
ID:742	of_year	1981
ID:742	of_target	H20
ID:742	has_similarity	S_0.8
ID:742	has_uncertainty	U_0.8
ID:743	of_type	outlet concentration measurement
ID:743	of_reactor	flow reactor
ID:743	has_author	Author 25
ID:743	of_year	1951
ID:743	of_target	H2
ID:743	has_similarity	S_0.3
ID:743	has_uncertainty	U_0.3
ID:744	of_type	burner stabilized flame speciation measurement
ID:744	of_reactor	flame
ID:744	has_author	Author 47
ID:744	of_year	2023
ID:744	of_target	H2
ID:744	has_similarity	S_0.7
ID:744	has_uncertainty	U_0.7
ID:745	of_type	burner stabilized flame speciation measurement
ID:745	of_reactor	flame
ID:745	has_author	Author 15
ID:745	of_year	1978
ID:745	of_target	CO2
ID:745	has_similarity	S_0.3
ID:745	has_uncertainty	U_0.3
ID:746	of_type	ignition delay measurement
ID:746	of_reactor	shock tube
ID:746	has_author	Author 32
ID:746	of_year	1993
ID:746	of_target	CH4
ID:746	has_similarity	S_0.2
ID:746	has_uncertainty	U_0.2
ID:747	of_type	outlet concentration measurement
ID:747	of_reactor	stirred reactor
ID:747	has_author	Author 51
ID:747	of_year	1988
ID:747	of_target	H20
ID:747	has_similarity	S_0.4
ID:747	has_uncertainty	U_0.4
ID:748	of_type	jet stirred reactor measurement
ID:748	of_reactor	stirred reactor
ID:748	has_author	Author 70
ID:748	of_year	1994
ID:748	of_target	CH4
ID:748	has_similarity	S_0.3
ID:748	has_uncertainty	U_0.3
ID:749	of_type	outlet concentration measurement
ID:749	of_reactor	flow reactor
ID:749	has_author	Author 0
ID:749	of_year	1998
ID:749	of_target	C7H8
ID:749	has_similarity	S_0.8
ID:749	has_uncertainty	U_0.8
ID:750	of_type	outlet concentration measurement
ID:750	of_reactor	flow reactor
ID:750	has_author	Author 64
ID:750	of_year	1978
ID:750	of_target	C7H8
ID:750	has_similarity	S_0.4
ID:750	has_uncertainty	U_0.4
ID:751	of_type	ignition delay measurement
ID:751	of_reactor	shock tube
ID:751	has_author	Author 82
ID:751	of_year	1990
ID:751	of_target	H2S
ID:751	has_similarity	S_0.6
ID:751	has_uncertainty	U_0.6
ID:752	of_type	jet stirred reactor measurement
ID:752	of_reactor	stirred reactor
ID:752	has_author	Author 34
ID:752	of_year	1990
ID:752	of_target	CO2
ID:752	has_similarity	S_0.3
ID:752	has_uncertainty	U_0.3
ID:753	of_type	outlet concentration measurement
ID:753	of_reactor	flow reactor
ID:753	has_author	Author 71
ID:753	of_year	2027
ID:753	of_target	NH3
ID:753	has_similarity	S_0.0
ID:753	has_uncertainty	U_0.0
ID:754	of_type	outlet concentration measurement
ID:754	of_reactor	shock tube
ID:754	has_author	Author 31
ID:754	of_year	1987
ID:754	of_target	C6H6
ID:754	has_similarity	S_0.8
ID:754	has_uncertainty	U_0.8
ID:755	of_type	laminar burning velocity measurement
ID:755	of_reactor	flame
ID:755	has_author	Author 31
ID:755	of_year	1988
ID:755	of_target	IDT
ID:755	has_similarity	S_0.5
ID:755	has_uncertainty	U_0.5
ID:756	of_type	concentration time profile measurement
ID:756	of_reactor	stirred reactor
ID:756	has_author	Author 60
ID:756	of_year	1981
ID:756	of_target	IDT
ID:756	has_similarity	S_0.3
ID:756	has_uncertainty	U_0.3
ID:757	of_type	burner stabilized flame speciation measurement
ID:757	of_reactor	flame
ID:757	has_author	Author 13
ID:757	of_year	1952
ID:757	of_target	CH3
ID:757	has_similarity	S_0.9
ID:757	has_uncertainty	U_0.9
ID:758	of_type	laminar burning velocity measurement
ID:758	of_reactor	flame
ID:758	has_author	Author 61
ID:758	of_year	2020
ID:758	of_target	C5H6
ID:758	has_similarity	S_0.3
ID:758	has_uncertainty	U_0.3
ID:759	of_type	laminar burning velocity measurement
ID:759	of_reactor	flame
ID:759	has_author	Author 68
ID:759	of_year	2005
ID:759	of_target	C7H8
ID:759	has_similarity	S_0.8
ID:759	has_uncertainty	U_0.8
ID:760	of_type	concentration time profile measurement
ID:760	of_reactor	flow reactor
ID:760	has_author	Author 3
ID:760	of_year	1966
ID:760	of_target	C5H6
ID:760	has_similarity	S_0.5
ID:760	has_uncertainty	U_0.5
ID:761	of_type	laminar burning velocity measurement
ID:761	of_reactor	flame
ID:761	has_author	Author 41
ID:761	of_year	1993
ID:761	of_target	C5H6
ID:761	has_similarity	S_0.7
ID:761	has_uncertainty	U_0.7
ID:762	of_type	jet stirred reactor measurement
ID:762	of_reactor	flow reactor
ID:762	has_author	Author 39
ID:762	of_year	1996
ID:762	of_target	H2S
ID:762	has_similarity	S_0.5
ID:762	has_uncertainty	U_0.5
ID:763	of_type	burner stabilized flame speciation measurement
ID:763	of_reactor	flame
ID:763	has_author	Author 67
ID:763	of_year	1959
ID:763	of_target	H2S
ID:763	has_similarity	S_0.0
ID:763	has_uncertainty	U_0.0
ID:764	of_type	laminar burning velocity measurement
ID:764	of_reactor	flame
ID:764	has_author	Author 88
ID:764	of_year	2010
ID:764	of_target	C0
ID:764	has_similarity	S_0.4
ID:764	has_uncertainty	U_0.4
ID:765	of_type	laminar burning velocity measurement
ID:765	of_reactor	flame
ID:765	has_author	Author 12
ID:765	of_year	2007
ID:765	of_target	H2
ID:765	has_similarity	S_0.3
ID:765	has_uncertainty	U_0.3
ID:766	of_type	outlet concentration measurement
ID:766	of_reactor	shock tube
ID:766	has_author	Author 8
ID:766	of_year	1960
ID:766	of_target	CH4
ID:766	has_similarity	S_0.5
ID:766	has_uncertainty	U_0.5
ID:767	of_type	concentration time profile measurement
ID:767	of_reactor	shock tube
ID:767	has_author	Author 1
ID:767	of_year	1968
ID:767	of_target	CH3
ID:767	has_similarity	S_0.4
ID:767	has_uncertainty	U_0.4
ID:768	of_type	ignition delay measurement
ID:768	of_reactor	shock tube
ID:768	has_author	Author 95
ID:768	of_year	2008
ID:768	of_target	CH4
ID:768	has_similarity	S_0.4
ID:768	has_uncertainty	U_0.4
ID:769	of_type	ignition delay measurement
ID:769	of_reactor	shock tube
ID:769	has_author	Author 17
ID:769	of_year	1955
ID:769	of_target	C5H6
ID:769	has_similarity	S_0.0
ID:769	has_uncertainty	U_0.0
ID:770	of_type	concentration time profile measurement
ID:770	of_reactor	flow reactor
ID:770	has_author	Author 40
ID:770	of_year	2030
ID:770	of_target	CH3
ID:770	has_similarity	S_0.1
ID:770	has_uncertainty	U_0.1
ID:771	of_type	ignition delay measurement
ID:771	of_reactor	rapid compression machine
ID:771	has_author	Author 85
ID:771	of_year	1993
ID:771	of_target	H20
ID:771	has_similarity	S_0.3
ID:771	has_uncertainty	U_0.3
ID:772	of_type	ignition delay measurement
ID:772	of_reactor	shock tube
ID:772	has_author	Author 22
ID:772	of_year	2012
ID:772	of_target	C5H6
ID:772	has_similarity	S_0.1
ID:772	has_uncertainty	U_0.1
ID:773	of_type	outlet concentration measurement
ID:773	of_reactor	flow reactor
ID:773	has_author	Author 52
ID:773	of_year	1967
ID:773	of_target	H2S
ID:773	has_similarity	S_0.7
ID:773	has_uncertainty	U_0.7
ID:774	of_type	concentration time profile measurement
ID:774	of_reactor	stirred reactor
ID:774	has_author	Author 65
ID:774	of_year	1994
ID:774	of_target	CH3
ID:774	has_similarity	S_0.6
ID:774	has_uncertainty	U_0.6
ID:775	of_type	jet stirred reactor measurement
ID:775	of_reactor	stirred reactor
ID:775	has_author	Author 45
ID:775	of_year	1975
ID:775	of_target	CH4
ID:775	has_similarity	S_0.3
ID:775	has_uncertainty	U_0.3
ID:776	of_type	laminar burning velocity measurement
ID:776	of_reactor	flame
ID:776	has_author	Author 27
ID:776	of_year	2025
ID:776	of_target	C7H8
ID:776	has_similarity	S_1.0
ID:776	has_uncertainty	U_1.0
ID:777	of_type	jet stirred reactor measurement
ID:777	of_reactor	flow reactor
ID:777	has_author	Author 89
ID:777	of_year	1980
ID:777	of_target	CO2
ID:777	has_similarity	S_0.0
ID:777	has_uncertainty	U_0.0
ID:778	of_type	jet stirred reactor measurement
ID:778	of_reactor	stirred reactor
ID:778	has_author	Author 56
ID:778	of_year	1980
ID:778	of_target	H2
ID:778	has_similarity	S_0.5
ID:778	has_uncertainty	U_0.5
ID:779	of_type	ignition delay measurement
ID:779	of_reactor	rapid compression machine
ID:779	has_author	Author 33
ID:779	of_year	2001
ID:779	of_target	C5H6
ID:779	has_similarity	S_1.0
ID:779	has_uncertainty	U_1.0
ID:780	of_type	ignition delay measurement
ID:780	of_reactor	rapid compression machine
ID:780	has_author	Author 3
ID:780	of_year	1962
ID:780	of_target	CH3
ID:780	has_similarity	S_0.4
ID:780	has_uncertainty	U_0.4
ID:781	of_type	burner stabilized flame speciation measurement
ID:781	of_reactor	flame
ID:781	has_author	Author 67
ID:781	of_year	1956
ID:781	of_target	CO2
ID:781	has_similarity	S_0.6
ID:781	has_uncertainty	U_0.6
ID:782	of_type	burner stabilized flame speciation measurement
ID:782	of_reactor	flame
ID:782	has_author	Author 51
ID:782	of_year	1982
ID:782	of_target	NH3
ID:782	has_similarity	S_0.4
ID:782	has_uncertainty	U_0.4
ID:783	of_type	concentration time profile measurement
ID:783	of_reactor	stirred reactor
ID:783	has_author	Author 32
ID:783	of_year	1995
ID:783	of_target	CH4
ID:783	has_similarity	S_0.3
ID:783	has_uncertainty	U_0.3
ID:784	of_type	laminar burning velocity measurement
ID:784	of_reactor	flame
ID:784	has_author	Author 6
ID:784	of_year	1985
ID:784	of_target	C6H6
ID:784	has_similarity	S_0.4
ID:784	has_uncertainty	U_0.4
ID:785	of_type	laminar burning velocity measurement
ID:785	of_reactor	flame
ID:785	has_author	Author 74
ID:785	of_year	2001
ID:785	of_target	C0
ID:785	has_similarity	S_0.9
ID:785	has_uncertainty	U_0.9
ID:786	of_type	ignition delay measurement
ID:786	of_reactor	shock tube
ID:786	has_author	Author 81
ID:786	of_year	2015
ID:786	of_target	CH3
ID:786	has_similarity	S_0.4
ID:786	has_uncertainty	U_0.4
ID:787	of_type	concentration time profile measurement
ID:787	of_reactor	flow reactor
ID:787	has_author	Author 61
ID:787	of_year	2028
ID:787	of_target	H2
ID:787	has_similarity	S_0.1
ID:787	has_uncertainty	U_0.1
ID:788	of_type	outlet concentration measurement
ID:788	of_reactor	stirred reactor
ID:788	has_author	Author 17
ID:788	of_year	1951
ID:788	of_target	NH3
ID:788	has_similarity	S_0.6
ID:788	has_uncertainty	U_0.6
ID:789	of_type	ignition delay measurement
ID:789	of_reactor	rapid compression machine
ID:789	has_author	Author 73
ID:789	of_year	2024
ID:789	of_target	C6H6
ID:789	has_similarity	S_0.9
ID:789	has_uncertainty	U_0.9
ID:790	of_type	jet stirred reactor measurement
ID:790	of_reactor	stirred reactor
ID:790	has_author	Author 36
ID:790	of_year	1964
ID:790	of_target	CH3
ID:790	has_similarity	S_0.2
ID:790	has_uncertainty	U_0.2
ID:791	of_type	jet stirred reactor measurement
ID:791	of_reactor	flow reactor
ID:791	has_author	Author 0
ID:791	of_year	1994
ID:791	of_target	CO2
ID:791	has_similarity	S_0.8
ID:791	has_uncertainty	U_0.8
ID:792	of_type	burner stabilized flame speciation measurement
ID:792	of_reactor	flame
ID:792	has_author	Author 88
ID:792	of_year	2004
ID:792	of_target	H2S
ID:792	has_similarity	S_0.0
ID:792	has_uncertainty	U_0.0
ID:793	of_type	laminar burning velocity measurement
ID:793	of_reactor	flame
ID:793	has_author	Author 5
ID:793	of_year	1997
ID:793	of_target	IDT
ID:793	has_similarity	S_0.9
ID:793	has_uncertainty	U_0.9
ID:794	of_type	burner stabilized flame speciation measurement
ID:794	of_reactor	flame
ID:794	has_author	Author 81
ID:794	of_year	2018
ID:794	of_target	C6H6
ID:794	has_similarity	S_1.0
ID:794	has_uncertainty	U_1.0
ID:795	of_type	laminar burning velocity measurement
ID:795	of_reactor	flame
ID:795	has_author	Author 17
ID:795	of_year	1952
ID:795	of_target	C5H6
ID:795	has_similarity	S_0.5
ID:795	has_uncertainty	U_0.5
ID:796	of_type	ignition delay measurement
ID:796	of_reactor	shock tube
ID:796	has_author	Author 98
ID:796	of_year	2028
ID:796	of_target	IDT
ID:796	has_similarity	S_1.0
ID:796	has_uncertainty	U_1.0
ID:797	of_type	ignition delay measurement
ID:797	of_reactor	rapid compression machine
ID:797	has_author	Author 39
ID:797	of_year	1993
ID:797	of_target	C7H8
ID:797	has_similarity	S_0.1
ID:797	has_uncertainty	U_0.1
ID:798	of_type	jet stirred reactor measurement
ID:798	of_reactor	shock tube
ID:798	has_author	Author 80
ID:798	of_year	1999
ID:798	of_target	C0
ID:798	has_similarity	S_0.9
ID:798	has_uncertainty	U_0.9
ID:799	of_type	outlet concentration measurement
ID:799	of_reactor	flow reactor
ID:799	has_author	Author 13
ID:799	of_year	1956
ID:799	of_target	C5H6
ID:799	has_similarity	S_0.4
ID:799	has_uncertainty	U_0.4
ID:800	of_type	ignition delay measurement
ID:800	of_reactor	shock tube
ID:800	has_author	Author 4
ID:800	of_year	1964
ID:800	of_target	C5H6
ID:800	has_similarity	S_0.7
ID:800	has_uncertainty	U_0.7
ID:801	of_type	ignition delay measurement
ID:801	of_reactor	rapid compression machine
ID:801	has_author	Author 52
ID:801	of_year	1963
ID:801	of_target	NH3
ID:801	has_similarity	S_0.0
ID:801	has_uncertainty	U_0.0
ID:802	of_type	concentration time profile measurement
ID:802	of_reactor	flow reactor
ID:802	has_author	Author 90
ID:802	of_year	1951
ID:802	of_target	CH3
ID:802	has_similarity	S_0.7
ID:802	has_uncertainty	U_0.7
ID:803	of_type	burner stabilized flame speciation measurement
ID:803	of_reactor	flame
ID:803	has_author	Author 72
ID:803	of_year	1962
ID:803	of_target	CO2
ID:803	has_similarity	S_0.6
ID:803	has_uncertainty	U_0.6
ID:804	of_type	ignition delay measurement
ID:804	of_reactor	shock tube
ID:804	has_author	Author 19
ID:804	of_year	2008
ID:804	of_target	H20
ID:804	has_similarity	S_0.8
ID:804	has_uncertainty	U_0.8
ID:805	of_type	concentration time profile measurement
ID:805	of_reactor	shock tube
ID:805	has_author	Author 73
ID:805	of_year	2026
ID:805	of_target	CH3
ID:805	has_similarity	S_0.9
ID:805	has_uncertainty	U_0.9
ID:806	of_type	burner stabilized flame speciation measurement
ID:806	of_reactor	flame
ID:806	has_author	Author 13
ID:806	of_year	1955
ID:806	of_target	CO2
ID:806	has_similarity	S_0.3
ID:806	has_uncertainty	U_0.3
ID:807	of_type	concentration time profile measurement
ID:807	of_reactor	shock tube
ID:807	has_author	Author 48
ID:807	of_year	2019
ID:807	of_target	H2S
ID:807	has_similarity	S_0.4
ID:807	has_uncertainty	U_0.4
ID:808	of_type	concentration time profile measurement
ID:808	of_reactor	shock tube
ID:808	has_author	Author 75
ID:808	of_year	1974
ID:808	of_target	CH3
ID:808	has_similarity	S_0.2
ID:808	has_uncertainty	U_0.2
ID:809	of_type	ignition delay measurement
ID:809	of_reactor	rapid compression machine
ID:809	has_author	Author 84
ID:809	of_year	1996
ID:809	of_target	CH4
ID:809	has_similarity	S_0.2
ID:809	has_uncertainty	U_0.2
ID:810	of_type	concentration time profile measurement
ID:810	of_reactor	flow reactor
ID:810	has_author	Author 27
ID:810	of_year	2030
ID:810	of_target	CO2
ID:810	has_similarity	S_0.2
ID:810	has_uncertainty	U_0.2
ID:811	of_type	laminar burning velocity measurement
ID:811	of_reactor	flame
ID:811	has_author	Author 66
ID:811	of_year	1962
ID:811	of_target	C6H6
ID:811	has_similarity	S_0.3
ID:811	has_uncertainty	U_0.3
ID:812	of_type	jet stirred reactor measurement
ID:812	of_reactor	shock tube
ID:812	has_author	Author 87
ID:812	of_year	2028
ID:812	of_target	CH4
ID:812	has_similarity	S_0.2
ID:812	has_uncertainty	U_0.2
ID:813	of_type	outlet concentration measurement
ID:813	of_reactor	stirred reactor
ID:813	has_author	Author 86
ID:813	of_year	1984
ID:813	of_target	C5H6
ID:813	has_similarity	S_0.2
ID:813	has_uncertainty	U_0.2
ID:814	of_type	ignition delay measurement
ID:814	of_reactor	shock tube
ID:814	has_author	Author 89
ID:814	of_year	1971
ID:814	of_target	H20
ID:814	has_similarity	S_0.8
ID:814	has_uncertainty	U_0.8
ID:815	of_type	ignition delay measurement
ID:815	of_reactor	shock tube
ID:815	has_author	Author 56
ID:815	of_year	1988
ID:815	of_target	C7H8
ID:815	has_similarity	S_0.4
ID:815	has_uncertainty	U_0.4
ID:816	of_type	concentration time profile measurement
ID:816	of_reactor	stirred reactor
ID:816	has_author	Author 24
ID:816	of_year	1977
ID:816	of_target	H2S
ID:816	has_similarity	S_0.5
ID:816	has_uncertainty	U_0.5
ID:817	of_type	ignition delay measurement
ID:817	of_reactor	rapid compression machine
ID:817	has_author	Author 18
ID:817	of_year	1982
ID:817	of_target	C0
ID:817	has_similarity	S_0.3
ID:817	has_uncertainty	U_0.3
ID:818	of_type	laminar burning velocity measurement
ID:818	of_reactor	flame
ID:818	has_author	Author 21
ID:818	of_year	2026
ID:818	of_target	C0
ID:818	has_similarity	S_0.2
ID:818	has_uncertainty	U_0.2
ID:819	of_type	concentration time profile measurement
ID:819	of_reactor	stirred reactor
ID:819	has_author	Author 37
ID:819	of_year	1996
ID:819	of_target	H20
ID:819	has_similarity	S_0.8
ID:819	has_uncertainty	U_0.8
ID:820	of_type	laminar burning velocity measurement
ID:820	of_reactor	flame
ID:820	has_author	Author 25
ID:820	of_year	1958
ID:820	of_target	C0
ID:820	has_similarity	S_0.9
ID:820	has_uncertainty	U_0.9
ID:821	of_type	concentration time profile measurement
ID:821	of_reactor	shock tube
ID:821	has_author	Author 23
ID:821	of_year	1957
ID:821	of_target	CO2
ID:821	has_similarity	S_1.0
ID:821	has_uncertainty	U_1.0
ID:822	of_type	outlet concentration measurement
ID:822	of_reactor	stirred reactor
ID:822	has_author	Author 91
ID:822	of_year	2010
ID:822	of_target	C7H8
ID:822	has_similarity	S_1.0
ID:822	has_uncertainty	U_1.0
ID:823	of_type	burner stabilized flame speciation measurement
ID:823	of_reactor	flame
ID:823	has_author	Author 98
ID:823	of_year	2027
ID:823	of_target	CH4
ID:823	has_similarity	S_0.6
ID:823	has_uncertainty	U_0.6
ID:824	of_type	burner stabilized flame speciation measurement
ID:824	of_reactor	flame
ID:824	has_author	Author 62
ID:824	of_year	2027
ID:824	of_target	CH3
ID:824	has_similarity	S_0.2
ID:824	has_uncertainty	U_0.2
ID:825	of_type	outlet concentration measurement
ID:825	of_reactor	stirred reactor
ID:825	has_author	Author 32
ID:825	of_year	1992
ID:825	of_target	C6H6
ID:825	has_similarity	S_0.0
ID:825	has_uncertainty	U_0.0
ID:826	of_type	jet stirred reactor measurement
ID:826	of_reactor	flow reactor
ID:826	has_author	Author 28
ID:826	of_year	1966
ID:826	of_target	CH4
ID:826	has_similarity	S_0.2
ID:826	has_uncertainty	U_0.2
ID:827	of_type	jet stirred reactor measurement
ID:827	of_reactor	stirred reactor
ID:827	has_author	Author 47
ID:827	of_year	2025
ID:827	of_target	C6H6
ID:827	has_similarity	S_0.5
ID:827	has_uncertainty	U_0.5
ID:828	of_type	jet stirred reactor measurement
ID:828	of_reactor	stirred reactor
ID:828	has_author	Author 20
ID:828	of_year	1983
ID:828	of_target	CO2
ID:828	has_similarity	S_0.0
ID:828	has_uncertainty	U_0.0
ID:829	of_type	laminar burning velocity measurement
ID:829	of_reactor	flame
ID:829	has_author	Author 75
ID:829	of_year	1976
ID:829	of_target	H2
ID:829	has_similarity	S_0.5
ID:829	has_uncertainty	U_0.5
ID:830	of_type	ignition delay measurement
ID:830	of_reactor	rapid compression machine
ID:830	has_author	Author 45
ID:830	of_year	1976
ID:830	of_target	H2S
ID:830	has_similarity	S_0.2
ID:830	has_uncertainty	U_0.2
ID:831	of_type	burner stabilized flame speciation measurement
ID:831	of_reactor	flame
ID:831	has_author	Author 98
ID:831	of_year	2023
ID:831	of_target	C7H8
ID:831	has_similarity	S_0.6
ID:831	has_uncertainty	U_0.6
ID:832	of_type	burner stabilized flame speciation measurement
ID:832	of_reactor	flame
ID:832	has_author	Author 99
ID:832	of_year	2008
ID:832	of_target	CO2
ID:832	has_similarity	S_0.8
ID:832	has_uncertainty	U_0.8
ID:833	of_type	ignition delay measurement
ID:833	of_reactor	shock tube
ID:833	has_author	Author 18
ID:833	of_year	1990
ID:833	of_target	CH4
ID:833	has_similarity	S_0.2
ID:833	has_uncertainty	U_0.2
ID:834	of_type	concentration time profile measurement
ID:834	of_reactor	stirred reactor
ID:834	has_author	Author 64
ID:834	of_year	1977
ID:834	of_target	CO2
ID:834	has_similarity	S_0.0
ID:834	has_uncertainty	U_0.0
ID:835	of_type	concentration time profile measurement
ID:835	of_reactor	stirred reactor
ID:835	has_author	Author 66
ID:835	of_year	1968
ID:835	of_target	CH3
ID:835	has_similarity	S_0.5
ID:835	has_uncertainty	U_0.5
ID:836	of_type	ignition delay measurement
ID:836	of_reactor	rapid compression machine
ID:836	has_author	Author 28
ID:836	of_year	1962
ID:836	of_target	H2
ID:836	has_similarity	S_0.3
ID:836	has_uncertainty	U_0.3
ID:837	of_type	ignition delay measurement
ID:837	of_reactor	shock tube
ID:837	has_author	Author 0
ID:837	of_year	1993
ID:837	of_target	C0
ID:837	has_similarity	S_0.6
ID:837	has_uncertainty	U_0.6
ID:838	of_type	ignition delay measurement
ID:838	of_reactor	rapid compression machine
ID:838	has_author	Author 41
ID:838	of_year	1997
ID:838	of_target	H20
ID:838	has_similarity	S_0.9
ID:838	has_uncertainty	U_0.9
ID:839	of_type	ignition delay measurement
ID:839	of_reactor	rapid compression machine
ID:839	has_author	Author 51
ID:839	of_year	1990
ID:839	of_target	C7H8
ID:839	has_similarity	S_0.3
ID:839	has_uncertainty	U_0.3
ID:840	of_type	laminar burning velocity measurement
ID:840	of_reactor	flame
ID:840	has_author	Author 16
ID:840	of_year	2000
ID:840	of_target	H20
ID:840	has_similarity	S_0.1
ID:840	has_uncertainty	U_0.1
ID:841	of_type	outlet concentration measurement
ID:841	of_reactor	shock tube
ID:841	has_author	Author 84
ID:841	of_year	1993
ID:841	of_target	CO2
ID:841	has_similarity	S_0.8
ID:841	has_uncertainty	U_0.8
ID:842	of_type	concentration time profile measurement
ID:842	of_reactor	flow reactor
ID:842	has_author	Author 68
ID:842	of_year	2000
ID:842	of_target	C7H8
ID:842	has_similarity	S_0.7
ID:842	has_uncertainty	U_0.7
ID:843	of_type	ignition delay measurement
ID:843	of_reactor	shock tube
ID:843	has_author	Author 89
ID:843	of_year	1977
ID:843	of_target	H20
ID:843	has_similarity	S_0.1
ID:843	has_uncertainty	U_0.1
ID:844	of_type	burner stabilized flame speciation measurement
ID:844	of_reactor	flame
ID:844	has_author	Author 90
ID:844	of_year	1956
ID:844	of_target	CO2
ID:844	has_similarity	S_0.7
ID:844	has_uncertainty	U_0.7
ID:845	of_type	outlet concentration measurement
ID:845	of_reactor	stirred reactor
ID:845	has_author	Author 28
ID:845	of_year	1968
ID:845	of_target	H2S
ID:845	has_similarity	S_0.1
ID:845	has_uncertainty	U_0.1
ID:846	of_type	outlet concentration measurement
ID:846	of_reactor	stirred reactor
ID:846	has_author	Author 8
ID:846	of_year	1956
ID:846	of_target	H2S
ID:846	has_similarity	S_0.3
ID:846	has_uncertainty	U_0.3
ID:847	of_type	concentration time profile measurement
ID:847	of_reactor	flow reactor
ID:847	has_author	Author 78
ID:847	of_year	2001
ID:847	of_target	C0
ID:847	has_similarity	S_0.8
ID:847	has_uncertainty	U_0.8
ID:848	of_type	laminar burning velocity measurement
ID:848	of_reactor	flame
ID:848	has_author	Author 35
ID:848	of_year	1956
ID:848	of_target	IDT
ID:848	has_similarity	S_0.5
ID:848	has_uncertainty	U_0.5
ID:849	of_type	outlet concentration measurement
ID:849	of_reactor	flow reactor
ID:849	has_author	Author 99
ID:849	of_year	2004
ID:849	of_target	C7H8
ID:849	has_similarity	S_0.2
ID:849	has_uncertainty	U_0.2
ID:850	of_type	outlet concentration measurement
ID:850	of_reactor	flow reactor
ID:850	has_author	Author 88
ID:850	of_year	2003
ID:850	of_target	H20
ID:850	has_similarity	S_0.6
ID:850	has_uncertainty	U_0.6
ID:851	of_type	outlet concentration measurement
ID:851	of_reactor	flow reactor
ID:851	has_author	Author 3
ID:851	of_year	1963
ID:851	of_target	NH3
ID:851	has_similarity	S_0.5
ID:851	has_uncertainty	U_0.5
ID:852	of_type	laminar burning velocity measurement
ID:852	of_reactor	flame
ID:852	has_author	Author 47
ID:852	of_year	2024
ID:852	of_target	H2S
ID:852	has_similarity	S_0.3
ID:852	has_uncertainty	U_0.3
ID:853	of_type	burner stabilized flame speciation measurement
ID:853	of_reactor	flame
ID:853	has_author	Author 39
ID:853	of_year	1990
ID:853	of_target	IDT
ID:853	has_similarity	S_0.6
ID:853	has_uncertainty	U_0.6
ID:854	of_type	concentration time profile measurement
ID:854	of_reactor	shock tube
ID:854	has_author	Author 67
ID:854	of_year	1955
ID:854	of_target	C6H6
ID:854	has_similarity	S_0.5
ID:854	has_uncertainty	U_0.5
ID:855	of_type	ignition delay measurement
ID:855	of_reactor	rapid compression machine
ID:855	has_author	Author 72
ID:855	of_year	1969
ID:855	of_target	H20
ID:855	has_similarity	S_0.3
ID:855	has_uncertainty	U_0.3
ID:856	of_type	jet stirred reactor measurement
ID:856	of_reactor	flow reactor
ID:856	has_author	Author 95
ID:856	of_year	2010
ID:856	of_target	H2
ID:856	has_similarity	S_0.8
ID:856	has_uncertainty	U_0.8
ID:857	of_type	laminar burning velocity measurement
ID:857	of_reactor	flame
ID:857	has_author	Author 60
ID:857	of_year	1981
ID:857	of_target	IDT
ID:857	has_similarity	S_0.6
ID:857	has_uncertainty	U_0.6
ID:858	of_type	burner stabilized flame speciation measurement
ID:858	of_reactor	flame
ID:858	has_author	Author 74
ID:858	of_year	2000
ID:858	of_target	CH4
ID:858	has_similarity	S_0.5
ID:858	has_uncertainty	U_0.5
ID:859	of_type	ignition delay measurement
ID:859	of_reactor	shock tube
ID:859	has_author	Author 93
ID:859	of_year	2021
ID:859	of_target	C0
ID:859	has_similarity	S_0.9
ID:859	has_uncertainty	U_0.9
ID:860	of_type	laminar burning velocity measurement
ID:860	of_reactor	flame
ID:860	has_author	Author 59
ID:860	of_year	1967
ID:860	of_target	CO2
ID:860	has_similarity	S_0.2
ID:860	has_uncertainty	U_0.2
ID:861	of_type	concentration time profile measurement
ID:861	of_reactor	flow reactor
ID:861	has_author	Author 24
ID:861	of_year	1972
ID:861	of_target	H20
ID:861	has_similarity	S_0.0
ID:861	has_uncertainty	U_0.0
ID:862	of_type	ignition delay measurement
ID:862	of_reactor	shock tube
ID:862	has_author	Author 90
ID:862	of_year	1956
ID:862	of_target	C5H6
ID:862	has_similarity	S_0.4
ID:862	has_uncertainty	U_0.4
ID:863	of_type	jet stirred reactor measurement
ID:863	of_reactor	stirred reactor
ID:863	has_author	Author 83
ID:863	of_year	2010
ID:863	of_target	C5H6
ID:863	has_similarity	S_0.9
ID:863	has_uncertainty	U_0.9
ID:864	of_type	burner stabilized flame speciation measurement
ID:864	of_reactor	flame
ID:864	has_author	Author 79
ID:864	of_year	1960
ID:864	of_target	C0
ID:864	has_similarity	S_0.5
ID:864	has_uncertainty	U_0.5
ID:865	of_type	burner stabilized flame speciation measurement
ID:865	of_reactor	flame
ID:865	has_author	Author 56
ID:865	of_year	1980
ID:865	of_target	H2
ID:865	has_similarity	S_0.0
ID:865	has_uncertainty	U_0.0
ID:866	of_type	jet stirred reactor measurement
ID:866	of_reactor	shock tube
ID:866	has_author	Author 87
ID:866	of_year	2028
ID:866	of_target	CO2
ID:866	has_similarity	S_0.7
ID:866	has_uncertainty	U_0.7
ID:867	of_type	burner stabilized flame speciation measurement
ID:867	of_reactor	flame
ID:867	has_author	Author 55
ID:867	of_year	1958
ID:867	of_target	H20
ID:867	has_similarity	S_0.2
ID:867	has_uncertainty	U_0.2
ID:868	of_type	burner stabilized flame speciation measurement
ID:868	of_reactor	flame
ID:868	has_author	Author 16
ID:868	of_year	1998
ID:868	of_target	CO2
ID:868	has_similarity	S_0.1
ID:868	has_uncertainty	U_0.1
ID:869	of_type	jet stirred reactor measurement
ID:869	of_reactor	stirred reactor
ID:869	has_author	Author 9
ID:869	of_year	2007
ID:869	of_target	NH3
ID:869	has_similarity	S_0.9
ID:869	has_uncertainty	U_0.9
ID:870	of_type	concentration time profile measurement
ID:870	of_reactor	flow reactor
ID:870	has_author	Author 29
ID:870	of_year	1985
ID:870	of_target	C7H8
ID:870	has_similarity	S_0.8
ID:870	has_uncertainty	U_0.8
ID:871	of_type	laminar burning velocity measurement
ID:871	of_reactor	flame
ID:871	has_author	Author 12
ID:871	of_year	2000
ID:871	of_target	IDT
ID:871	has_similarity	S_0.6
ID:871	has_uncertainty	U_0.6
ID:872	of_type	jet stirred reactor measurement
ID:872	of_reactor	shock tube
ID:872	has_author	Author 31
ID:872	of_year	1985
ID:872	of_target	IDT
ID:872	has_similarity	S_0.8
ID:872	has_uncertainty	U_0.8
ID:873	of_type	outlet concentration measurement
ID:873	of_reactor	flow reactor
ID:873	has_author	Author 50
ID:873	of_year	1978
ID:873	of_target	CH4
ID:873	has_similarity	S_0.1
ID:873	has_uncertainty	U_0.1
ID:874	of_type	jet stirred reactor measurement
ID:874	of_reactor	stirred reactor
ID:874	has_author	Author 7
ID:874	of_year	1970
ID:874	of_target	NH3
ID:874	has_similarity	S_0.8
ID:874	has_uncertainty	U_0.8
ID:875	of_type	laminar burning velocity measurement
ID:875	of_reactor	flame
ID:875	has_author	Author 4
ID:875	of_year	1963
ID:875	of_target	C0
ID:875	has_similarity	S_0.5
ID:875	has_uncertainty	U_0.5
ID:876	of_type	outlet concentration measurement
ID:876	of_reactor	shock tube
ID:876	has_author	Author 14
ID:876	of_year	1980
ID:876	of_target	CO2
ID:876	has_similarity	S_0.7
ID:876	has_uncertainty	U_0.7
ID:877	of_type	laminar burning velocity measurement
ID:877	of_reactor	flame
ID:877	has_author	Author 5
ID:877	of_year	1991
ID:877	of_target	CO2
ID:877	has_similarity	S_0.4
ID:877	has_uncertainty	U_0.4
ID:878	of_type	burner stabilized flame speciation measurement
ID:878	of_reactor	flame
ID:878	has_author	Author 91
ID:878	of_year	2001
ID:878	of_target	CO2
ID:878	has_similarity	S_0.8
ID:878	has_uncertainty	U_0.8
ID:879	of_type	ignition delay measurement
ID:879	of_reactor	rapid compression machine
ID:879	has_author	Author 41
ID:879	of_year	1990
ID:879	of_target	H2S
ID:879	has_similarity	S_0.1
ID:879	has_uncertainty	U_0.1
ID:880	of_type	burner stabilized flame speciation measurement
ID:880	of_reactor	flame
ID:880	has_author	Author 0
ID:880	of_year	1998
ID:880	of_target	C7H8
ID:880	has_similarity	S_1.0
ID:880	has_uncertainty	U_1.0
ID:881	of_type	concentration time profile measurement
ID:881	of_reactor	flow reactor
ID:881	has_author	Author 3
ID:881	of_year	1967
ID:881	of_target	C0
ID:881	has_similarity	S_0.4
ID:881	has_uncertainty	U_0.4
ID:882	of_type	burner stabilized flame speciation measurement
ID:882	of_reactor	flame
ID:882	has_author	Author 79
ID:882	of_year	1963
ID:882	of_target	C7H8
ID:882	has_similarity	S_0.1
ID:882	has_uncertainty	U_0.1
ID:883	of_type	ignition delay measurement
ID:883	of_reactor	rapid compression machine
ID:883	has_author	Author 7
ID:883	of_year	1978
ID:883	of_target	C0
ID:883	has_similarity	S_0.2
ID:883	has_uncertainty	U_0.2
ID:884	of_type	burner stabilized flame speciation measurement
ID:884	of_reactor	flame
ID:884	has_author	Author 74
ID:884	of_year	2004
ID:884	of_target	NH3
ID:884	has_similarity	S_0.9
ID:884	has_uncertainty	U_0.9
ID:885	of_type	burner stabilized flame speciation measurement
ID:885	of_reactor	flame
ID:885	has_author	Author 54
ID:885	of_year	1993
ID:885	of_target	C0
ID:885	has_similarity	S_0.5
ID:885	has_uncertainty	U_0.5
ID:886	of_type	burner stabilized flame speciation measurement
ID:886	of_reactor	flame
ID:886	has_author	Author 85
ID:886	of_year	1999
ID:886	of_target	C0
ID:886	has_similarity	S_0.1
ID:886	has_uncertainty	U_0.1
ID:887	of_type	outlet concentration measurement
ID:887	of_reactor	stirred reactor
ID:887	has_author	Author 3
ID:887	of_year	1963
ID:887	of_target	CO2
ID:887	has_similarity	S_0.4
ID:887	has_uncertainty	U_0.4
ID:888	of_type	jet stirred reactor measurement
ID:888	of_reactor	stirred reactor
ID:888	has_author	Author 63
ID:888	of_year	1988
ID:888	of_target	CO2
ID:888	has_similarity	S_0.9
ID:888	has_uncertainty	U_0.9
ID:889	of_type	burner stabilized flame speciation measurement
ID:889	of_reactor	flame
ID:889	has_author	Author 77
ID:889	of_year	1988
ID:889	of_target	C6H6
ID:889	has_similarity	S_0.8
ID:889	has_uncertainty	U_0.8
ID:890	of_type	laminar burning velocity measurement
ID:890	of_reactor	flame
ID:890	has_author	Author 90
ID:890	of_year	1950
ID:890	of_target	C0
ID:890	has_similarity	S_0.8
ID:890	has_uncertainty	U_0.8
ID:891	of_type	outlet concentration measurement
ID:891	of_reactor	flow reactor
ID:891	has_author	Author 49
ID:891	of_year	1995
ID:891	of_target	NH3
ID:891	has_similarity	S_0.3
ID:891	has_uncertainty	U_0.3
ID:892	of_type	ignition delay measurement
ID:892	of_reactor	shock tube
ID:892	has_author	Author 8
ID:892	of_year	1955
ID:892	of_target	H2
ID:892	has_similarity	S_0.7
ID:892	has_uncertainty	U_0.7
ID:893	of_type	outlet concentration measurement
ID:893	of_reactor	stirred reactor
ID:893	has_author	Author 77
ID:893	of_year	1990
ID:893	of_target	C6H6
ID:893	has_similarity	S_0.9
ID:893	has_uncertainty	U_0.9
ID:894	of_type	laminar burning velocity measurement
ID:894	of_reactor	flame
ID:894	has_author	Author 47
ID:894	of_year	2026
ID:894	of_target	C0
ID:894	has_similarity	S_0.4
ID:894	has_uncertainty	U_0.4
ID:895	of_type	outlet concentration measurement
ID:895	of_reactor	stirred reactor
ID:895	has_author	Author 17
ID:895	of_year	1951
ID:895	of_target	CO2
ID:895	has_similarity	S_0.3
ID:895	has_uncertainty	U_0.3
ID:896	of_type	jet stirred reactor measurement
ID:896	of_reactor	shock tube
ID:896	has_author	Author 62
ID:896	of_year	2023
ID:896	of_target	H2S
ID:896	has_similarity	S_0.0
ID:896	has_uncertainty	U_0.0
ID:897	of_type	burner stabilized flame speciation measurement
ID:897	of_reactor	flame
ID:897	has_author	Author 83
ID:897	of_year	2011
ID:897	of_target	CH3
ID:897	has_similarity	S_0.5
ID:897	has_uncertainty	U_0.5
ID:898	of_type	concentration time profile measurement
ID:898	of_reactor	shock tube
ID:898	has_author	Author 64
ID:898	of_year	1972
ID:898	of_target	C5H6
ID:898	has_similarity	S_0.7
ID:898	has_uncertainty	U_0.7
ID:899	of_type	outlet concentration measurement
ID:899	of_reactor	shock tube
ID:899	has_author	Author 73
ID:899	of_year	2030
ID:899	of_target	H2S
ID:899	has_similarity	S_0.1
ID:899	has_uncertainty	U_0.1
ID:900	of_type	laminar burning velocity measurement
ID:900	of_reactor	flame
ID:900	has_author	Author 47
ID:900	of_year	2025
ID:900	of_target	CO2
ID:900	has_similarity	S_0.9
ID:900	has_uncertainty	U_0.9
ID:901	of_type	concentration time profile measurement
ID:901	of_reactor	shock tube
ID:901	has_author	Author 75
ID:901	of_year	1973
ID:901	of_target	C7H8
ID:901	has_similarity	S_0.1
ID:901	has_uncertainty	U_0.1
ID:902	of_type	burner stabilized flame speciation measurement
ID:902	of_reactor	flame
ID:902	has_author	Author 47
ID:902	of_year	2027
ID:902	of_target	H20
ID:902	has_similarity	S_0.7
ID:902	has_uncertainty	U_0.7
ID:903	of_type	concentration time profile measurement
ID:903	of_reactor	stirred reactor
ID:903	has_author	Author 39
ID:903	of_year	1996
ID:903	of_target	H2
ID:903	has_similarity	S_0.2
ID:903	has_uncertainty	U_0.2
ID:904	of_type	jet stirred reactor measurement
ID:904	of_reactor	shock tube
ID:904	has_author	Author 31
ID:904	of_year	1985
ID:904	of_target	CH3
ID:904	has_similarity	S_0.3
ID:904	has_uncertainty	U_0.3
ID:905	of_type	ignition delay measurement
ID:905	of_reactor	shock tube
ID:905	has_author	Author 56
ID:905	of_year	1986
ID:905	of_target	CH4
ID:905	has_similarity	S_1.0
ID:905	has_uncertainty	U_1.0
ID:906	of_type	concentration time profile measurement
ID:906	of_reactor	shock tube
ID:906	has_author	Author 5
ID:906	of_year	1999
ID:906	of_target	CO2
ID:906	has_similarity	S_0.6
ID:906	has_uncertainty	U_0.6
ID:907	of_type	outlet concentration measurement
ID:907	of_reactor	stirred reactor
ID:907	has_author	Author 74
ID:907	of_year	2008
ID:907	of_target	C5H6
ID:907	has_similarity	S_0.7
ID:907	has_uncertainty	U_0.7
ID:908	of_type	jet stirred reactor measurement
ID:908	of_reactor	shock tube
ID:908	has_author	Author 53
ID:908	of_year	2008
ID:908	of_target	C7H8
ID:908	has_similarity	S_0.7
ID:908	has_uncertainty	U_0.7
ID:909	of_type	outlet concentration measurement
ID:909	of_reactor	flow reactor
ID:909	has_author	Author 68
ID:909	of_year	2008
ID:909	of_target	C7H8
ID:909	has_similarity	S_0.3
ID:909	has_uncertainty	U_0.3
ID:910	of_type	ignition delay measurement
ID:910	of_reactor	shock tube
ID:910	has_author	Author 93
ID:910	of_year	2026
ID:910	of_target	CH3
ID:910	has_similarity	S_0.1
ID:910	has_uncertainty	U_0.1
ID:911	of_type	ignition delay measurement
ID:911	of_reactor	rapid compression machine
ID:911	has_author	Author 58
ID:911	of_year	1991
ID:911	of_target	CH4
ID:911	has_similarity	S_0.8
ID:911	has_uncertainty	U_0.8
ID:912	of_type	outlet concentration measurement
ID:912	of_reactor	shock tube
ID:912	has_author	Author 27
ID:912	of_year	2027
ID:912	of_target	CH4
ID:912	has_similarity	S_0.2
ID:912	has_uncertainty	U_0.2
ID:913	of_type	concentration time profile measurement
ID:913	of_reactor	shock tube
ID:913	has_author	Author 7
ID:913	of_year	1980
ID:913	of_target	NH3
ID:913	has_similarity	S_0.7
ID:913	has_uncertainty	U_0.7
ID:914	of_type	concentration time profile measurement
ID:914	of_reactor	flow reactor
ID:914	has_author	Author 22
ID:914	of_year	2010
ID:914	of_target	CO2
ID:914	has_similarity	S_1.0
ID:914	has_uncertainty	U_1.0
ID:915	of_type	outlet concentration measurement
ID:915	of_reactor	stirred reactor
ID:915	has_author	Author 19
ID:915	of_year	2002
ID:915	of_target	IDT
ID:915	has_similarity	S_0.0
ID:915	has_uncertainty	U_0.0
ID:916	of_type	ignition delay measurement
ID:916	of_reactor	rapid compression machine
ID:916	has_author	Author 25
ID:916	of_year	1960
ID:916	of_target	H2
ID:916	has_similarity	S_0.1
ID:916	has_uncertainty	U_0.1
ID:917	of_type	burner stabilized flame speciation measurement
ID:917	of_reactor	flame
ID:917	has_author	Author 74
ID:917	of_year	2003
ID:917	of_target	CH4
ID:917	has_similarity	S_0.3
ID:917	has_uncertainty	U_0.3
ID:918	of_type	concentration time profile measurement
ID:918	of_reactor	flow reactor
ID:918	has_author	Author 45
ID:918	of_year	1980
ID:918	of_target	CH3
ID:918	has_similarity	S_0.1
ID:918	has_uncertainty	U_0.1
ID:919	of_type	jet stirred reactor measurement
ID:919	of_reactor	flow reactor
ID:919	has_author	Author 68
ID:919	of_year	2004
ID:919	of_target	C7H8
ID:919	has_similarity	S_0.9
ID:919	has_uncertainty	U_0.9
ID:920	of_type	burner stabilized flame speciation measurement
ID:920	of_reactor	flame
ID:920	has_author	Author 27
ID:920	of_year	2021
ID:920	of_target	CO2
ID:920	has_similarity	S_0.2
ID:920	has_uncertainty	U_0.2
ID:921	of_type	ignition delay measurement
ID:921	of_reactor	shock tube
ID:921	has_author	Author 77
ID:921	of_year	1990
ID:921	of_target	H2
ID:921	has_similarity	S_0.4
ID:921	has_uncertainty	U_0.4
ID:922	of_type	laminar burning velocity measurement
ID:922	of_reactor	flame
ID:922	has_author	Author 67
ID:922	of_year	1955
ID:922	of_target	IDT
ID:922	has_similarity	S_0.9
ID:922	has_uncertainty	U_0.9
ID:923	of_type	outlet concentration measurement
ID:923	of_reactor	flow reactor
ID:923	has_author	Author 91
ID:923	of_year	2009
ID:923	of_target	C5H6
ID:923	has_similarity	S_0.3
ID:923	has_uncertainty	U_0.3
ID:924	of_type	ignition delay measurement
ID:924	of_reactor	shock tube
ID:924	has_author	Author 11
ID:924	of_year	1967
ID:924	of_target	CO2
ID:924	has_similarity	S_0.9
ID:924	has_uncertainty	U_0.9
ID:925	of_type	laminar burning velocity measurement
ID:925	of_reactor	flame
ID:925	has_author	Author 6
ID:925	of_year	1982
ID:925	of_target	C0
ID:925	has_similarity	S_0.5
ID:925	has_uncertainty	U_0.5
ID:926	of_type	concentration time profile measurement
ID:926	of_reactor	flow reactor
ID:926	has_author	Author 24
ID:926	of_year	1970
ID:926	of_target	C5H6
ID:926	has_similarity	S_0.0
ID:926	has_uncertainty	U_0.0
ID:927	of_type	ignition delay measurement
ID:927	of_reactor	shock tube
ID:927	has_author	Author 97
ID:927	of_year	2014
ID:927	of_target	H2S
ID:927	has_similarity	S_0.4
ID:927	has_uncertainty	U_0.4
ID:928	of_type	burner stabilized flame speciation measurement
ID:928	of_reactor	flame
ID:928	has_author	Author 64
ID:928	of_year	1977
ID:928	of_target	H2S
ID:928	has_similarity	S_0.7
ID:928	has_uncertainty	U_0.7
ID:929	of_type	concentration time profile measurement
ID:929	of_reactor	stirred reactor
ID:929	has_author	Author 0
ID:929	of_year	1996
ID:929	of_target	CH4
ID:929	has_similarity	S_0.5
ID:929	has_uncertainty	U_0.5
ID:930	of_type	concentration time profile measurement
ID:930	of_reactor	flow reactor
ID:930	has_author	Author 66
ID:930	of_year	1970
ID:930	of_target	C6H6
ID:930	has_similarity	S_0.9
ID:930	has_uncertainty	U_0.9
ID:931	of_type	jet stirred reactor measurement
ID:931	of_reactor	stirred reactor
ID:931	has_author	Author 51
ID:931	of_year	1988
ID:931	of_target	C5H6
ID:931	has_similarity	S_0.9
ID:931	has_uncertainty	U_0.9
ID:932	of_type	jet stirred reactor measurement
ID:932	of_reactor	stirred reactor
ID:932	has_author	Author 95
ID:932	of_year	2006
ID:932	of_target	C5H6
ID:932	has_similarity	S_0.4
ID:932	has_uncertainty	U_0.4
ID:933	of_type	outlet concentration measurement
ID:933	of_reactor	flow reactor
ID:933	has_author	Author 24
ID:933	of_year	1971
ID:933	of_target	C5H6
ID:933	has_similarity	S_0.2
ID:933	has_uncertainty	U_0.2
ID:934	of_type	jet stirred reactor measurement
ID:934	of_reactor	flow reactor
ID:934	has_author	Author 20
ID:934	of_year	1989
ID:934	of_target	CH4
ID:934	has_similarity	S_0.2
ID:934	has_uncertainty	U_0.2
ID:935	of_type	outlet concentration measurement
ID:935	of_reactor	stirred reactor
ID:935	has_author	Author 8
ID:935	of_year	1955
ID:935	of_target	CO2
ID:935	has_similarity	S_0.0
ID:935	has_uncertainty	U_0.0
ID:936	of_type	ignition delay measurement
ID:936	of_reactor	shock tube
ID:936	has_author	Author 53
ID:936	of_year	2003
ID:936	of_target	CO2
ID:936	has_similarity	S_0.3
ID:936	has_uncertainty	U_0.3
ID:937	of_type	burner stabilized flame speciation measurement
ID:937	of_reactor	flame
ID:937	has_author	Author 18
ID:937	of_year	1986
ID:937	of_target	C0
ID:937	has_similarity	S_0.4
ID:937	has_uncertainty	U_0.4
ID:938	of_type	laminar burning velocity measurement
ID:938	of_reactor	flame
ID:938	has_author	Author 25
ID:938	of_year	1956
ID:938	of_target	C7H8
ID:938	has_similarity	S_0.0
ID:938	has_uncertainty	U_0.0
ID:939	of_type	outlet concentration measurement
ID:939	of_reactor	flow reactor
ID:939	has_author	Author 96
ID:939	of_year	1992
ID:939	of_target	C6H6
ID:939	has_similarity	S_0.4
ID:939	has_uncertainty	U_0.4
ID:940	of_type	concentration time profile measurement
ID:940	of_reactor	stirred reactor
ID:940	has_author	Author 26
ID:940	of_year	2020
ID:940	of_target	CO2
ID:940	has_similarity	S_0.0
ID:940	has_uncertainty	U_0.0
ID:941	of_type	outlet concentration measurement
ID:941	of_reactor	flow reactor
ID:941	has_author	Author 91
ID:941	of_year	2007
ID:941	of_target	CH4
ID:941	has_similarity	S_1.0
ID:941	has_uncertainty	U_1.0
ID:942	of_type	jet stirred reactor measurement
ID:942	of_reactor	flow reactor
ID:942	has_author	Author 96
ID:942	of_year	1992
ID:942	of_target	NH3
ID:942	has_similarity	S_0.0
ID:942	has_uncertainty	U_0.0
ID:943	of_type	ignition delay measurement
ID:943	of_reactor	rapid compression machine
ID:943	has_author	Author 72
ID:943	of_year	1964
ID:943	of_target	CO2
ID:943	has_similarity	S_0.2
ID:943	has_uncertainty	U_0.2
ID:944	of_type	outlet concentration measurement
ID:944	of_reactor	shock tube
ID:944	has_author	Author 6
ID:944	of_year	1981
ID:944	of_target	H2
ID:944	has_similarity	S_0.3
ID:944	has_uncertainty	U_0.3
ID:945	of_type	jet stirred reactor measurement
ID:945	of_reactor	shock tube
ID:945	has_author	Author 39
ID:945	of_year	1990
ID:945	of_target	CH4
ID:945	has_similarity	S_0.0
ID:945	has_uncertainty	U_0.0
ID:946	of_type	burner stabilized flame speciation measurement
ID:946	of_reactor	flame
ID:946	has_author	Author 33
ID:946	of_year	2001
ID:946	of_target	H2
ID:946	has_similarity	S_0.3
ID:946	has_uncertainty	U_0.3
ID:947	of_type	outlet concentration measurement
ID:947	of_reactor	flow reactor
ID:947	has_author	Author 18
ID:947	of_year	1981
ID:947	of_target	H2S
ID:947	has_similarity	S_0.7
ID:947	has_uncertainty	U_0.7
ID:948	of_type	concentration time profile measurement
ID:948	of_reactor	stirred reactor
ID:948	has_author	Author 58
ID:948	of_year	1992
ID:948	of_target	C7H8
ID:948	has_similarity	S_0.6
ID:948	has_uncertainty	U_0.6
ID:949	of_type	jet stirred reactor measurement
ID:949	of_reactor	shock tube
ID:949	has_author	Author 90
ID:949	of_year	1951
ID:949	of_target	H20
ID:949	has_similarity	S_0.4
ID:949	has_uncertainty	U_0.4
ID:950	of_type	outlet concentration measurement
ID:950	of_reactor	flow reactor
ID:950	has_author	Author 58
ID:950	of_year	1998
ID:950	of_target	IDT
ID:950	has_similarity	S_0.5
ID:950	has_uncertainty	U_0.5
ID:951	of_type	jet stirred reactor measurement
ID:951	of_reactor	flow reactor
ID:951	has_author	Author 81
ID:951	of_year	2019
ID:951	of_target	C5H6
ID:951	has_similarity	S_0.7
ID:951	has_uncertainty	U_0.7
ID:952	of_type	ignition delay measurement
ID:952	of_reactor	rapid compression machine
ID:952	has_author	Author 95
ID:952	of_year	2005
ID:952	of_target	C5H6
ID:952	has_similarity	S_0.2
ID:952	has_uncertainty	U_0.2
ID:953	of_type	ignition delay measurement
ID:953	of_reactor	rapid compression machine
ID:953	has_author	Author 40
ID:953	of_year	2026
ID:953	of_target	CH4
ID:953	has_similarity	S_0.2
ID:953	has_uncertainty	U_0.2
ID:954	of_type	laminar burning velocity measurement
ID:954	of_reactor	flame
ID:954	has_author	Author 52
ID:954	of_year	1966
ID:954	of_target	CO2
ID:954	has_similarity	S_0.8
ID:954	has_uncertainty	U_0.8
ID:955	of_type	jet stirred reactor measurement
ID:955	of_reactor	stirred reactor
ID:955	has_author	Author 22
ID:955	of_year	2013
ID:955	of_target	H2
ID:955	has_similarity	S_0.1
ID:955	has_uncertainty	U_0.1
ID:956	of_type	ignition delay measurement
ID:956	of_reactor	shock tube
ID:956	has_author	Author 83
ID:956	of_year	2014
ID:956	of_target	C5H6
ID:956	has_similarity	S_0.2
ID:956	has_uncertainty	U_0.2
ID:957	of_type	burner stabilized flame speciation measurement
ID:957	of_reactor	flame
ID:957	has_author	Author 29
ID:957	of_year	1984
ID:957	of_target	C0
ID:957	has_similarity	S_0.9
ID:957	has_uncertainty	U_0.9
ID:958	of_type	concentration time profile measurement
ID:958	of_reactor	shock tube
ID:958	has_author	Author 74
ID:958	of_year	2003
ID:958	of_target	CH4
ID:958	has_similarity	S_1.0
ID:958	has_uncertainty	U_1.0
ID:959	of_type	ignition delay measurement
ID:959	of_reactor	shock tube
ID:959	has_author	Author 97
ID:959	of_year	2014
ID:959	of_target	H2S
ID:959	has_similarity	S_0.5
ID:959	has_uncertainty	U_0.5
ID:960	of_type	laminar burning velocity measurement
ID:960	of_reactor	flame
ID:960	has_author	Author 26
ID:960	of_year	2026
ID:960	of_target	CH3
ID:960	has_similarity	S_0.5
ID:960	has_uncertainty	U_0.5
ID:961	of_type	outlet concentration measurement
ID:961	of_reactor	shock tube
ID:961	has_author	Author 42
ID:961	of_year	2010
ID:961	of_target	CH4
ID:961	has_similarity	S_0.6
ID:961	has_uncertainty	U_0.6
ID:962	of_type	jet stirred reactor measurement
ID:962	of_reactor	flow reactor
ID:962	has_author	Author 93
ID:962	of_year	2021
ID:962	of_target	NH3
ID:962	has_similarity	S_0.4
ID:962	has_uncertainty	U_0.4
ID:963	of_type	burner stabilized flame speciation measurement
ID:963	of_reactor	flame
ID:963	has_author	Author 40
ID:963	of_year	2028
ID:963	of_target	H20
ID:963	has_similarity	S_0.9
ID:963	has_uncertainty	U_0.9
ID:964	of_type	jet stirred reactor measurement
ID:964	of_reactor	shock tube
ID:964	has_author	Author 79
ID:964	of_year	1960
ID:964	of_target	CO2
ID:964	has_similarity	S_0.6
ID:964	has_uncertainty	U_0.6
ID:965	of_type	jet stirred reactor measurement
ID:965	of_reactor	flow reactor
ID:965	has_author	Author 3
ID:965	of_year	1963
ID:965	of_target	C6H6
ID:965	has_similarity	S_0.8
ID:965	has_uncertainty	U_0.8
ID:966	of_type	burner stabilized flame speciation measurement
ID:966	of_reactor	flame
ID:966	has_author	Author 58
ID:966	of_year	1994
ID:966	of_target	CH3
ID:966	has_similarity	S_0.4
ID:966	has_uncertainty	U_0.4
ID:967	of_type	ignition delay measurement
ID:967	of_reactor	shock tube
ID:967	has_author	Author 75
ID:967	of_year	1974
ID:967	of_target	C7H8
ID:967	has_similarity	S_0.6
ID:967	has_uncertainty	U_0.6
ID:968	of_type	outlet concentration measurement
ID:968	of_reactor	stirred reactor
ID:968	has_author	Author 41
ID:968	of_year	1999
ID:968	of_target	CH3
ID:968	has_similarity	S_0.8
ID:968	has_uncertainty	U_0.8
ID:969	of_type	laminar burning velocity measurement
ID:969	of_reactor	flame
ID:969	has_author	Author 30
ID:969	of_year	2029
ID:969	of_target	IDT
ID:969	has_similarity	S_0.5
ID:969	has_uncertainty	U_0.5
ID:970	of_type	burner stabilized flame speciation measurement
ID:970	of_reactor	flame
ID:970	has_author	Author 16
ID:970	of_year	1999
ID:970	of_target	H20
ID:970	has_similarity	S_0.3
ID:970	has_uncertainty	U_0.3
ID:971	of_type	laminar burning velocity measurement
ID:971	of_reactor	flame
ID:971	has_author	Author 26
ID:971	of_year	2022
ID:971	of_target	C5H6
ID:971	has_similarity	S_0.4
ID:971	has_uncertainty	U_0.4
ID:972	of_type	ignition delay measurement
ID:972	of_reactor	shock tube
ID:972	has_author	Author 68
ID:972	of_year	2002
ID:972	of_target	CH3
ID:972	has_similarity	S_0.0
ID:972	has_uncertainty	U_0.0
ID:973	of_type	jet stirred reactor measurement
ID:973	of_reactor	shock tube
ID:973	has_author	Author 14
ID:973	of_year	1980
ID:973	of_target	H20
ID:973	has_similarity	S_0.0
ID:973	has_uncertainty	U_0.0
ID:974	of_type	outlet concentration measurement
ID:974	of_reactor	shock tube
ID:974	has_author	Author 51
ID:974	of_year	1987
ID:974	of_target	CH3
ID:974	has_similarity	S_0.0
ID:974	has_uncertainty	U_0.0
ID:975	of_type	burner stabilized flame speciation measurement
ID:975	of_reactor	flame
ID:975	has_author	Author 78
ID:975	of_year	2004
ID:975	of_target	CH3
ID:975	has_similarity	S_0.6
ID:975	has_uncertainty	U_0.6
ID:976	of_type	concentration time profile measurement
ID:976	of_reactor	flow reactor
ID:976	has_author	Author 14
ID:976	of_year	1989
ID:976	of_target	C7H8
ID:976	has_similarity	S_0.2
ID:976	has_uncertainty	U_0.2
ID:977	of_type	ignition delay measurement
ID:977	of_reactor	shock tube
ID:977	has_author	Author 93
ID:977	of_year	2022
ID:977	of_target	H20
ID:977	has_similarity	S_0.7
ID:977	has_uncertainty	U_0.7
ID:978	of_type	outlet concentration measurement
ID:978	of_reactor	stirred reactor
ID:978	has_author	Author 47
ID:978	of_year	2026
ID:978	of_target	C6H6
ID:978	has_similarity	S_0.9
ID:978	has_uncertainty	U_0.9
ID:979	of_type	jet stirred reactor measurement
ID:979	of_reactor	flow reactor
ID:979	has_author	Author 49
ID:979	of_year	1997
ID:979	of_target	H20
ID:979	has_similarity	S_0.2
ID:979	has_uncertainty	U_0.2
ID:980	of_type	ignition delay measurement
ID:980	of_reactor	shock tube
ID:980	has_author	Author 18
ID:980	of_year	1985
ID:980	of_target	NH3
ID:980	has_similarity	S_0.3
ID:980	has_uncertainty	U_0.3
ID:981	of_type	ignition delay measurement
ID:981	of_reactor	rapid compression machine
ID:981	has_author	Author 32
ID:981	of_year	1993
ID:981	of_target	IDT
ID:981	has_similarity	S_0.5
ID:981	has_uncertainty	U_0.5
ID:982	of_type	outlet concentration measurement
ID:982	of_reactor	stirred reactor
ID:982	has_author	Author 44
ID:982	of_year	2029
ID:982	of_target	C0
ID:982	has_similarity	S_0.9
ID:982	has_uncertainty	U_0.9
ID:983	of_type	concentration time profile measurement
ID:983	of_reactor	stirred reactor
ID:983	has_author	Author 28
ID:983	of_year	1966
ID:983	of_target	H20
ID:983	has_similarity	S_0.7
ID:983	has_uncertainty	U_0.7
ID:984	of_type	burner stabilized flame speciation measurement
ID:984	of_reactor	flame
ID:984	has_author	Author 5
ID:984	of_year	1993
ID:984	of_target	CO2
ID:984	has_similarity	S_0.5
ID:984	has_uncertainty	U_0.5
ID:985	of_type	burner stabilized flame speciation measurement
ID:985	of_reactor	flame
ID:985	has_author	Author 10
ID:985	of_year	1968
ID:985	of_target	NH3
ID:985	has_similarity	S_0.6
ID:985	has_uncertainty	U_0.6
ID:986	of_type	laminar burning velocity measurement
ID:986	of_reactor	flame
ID:986	has_author	Author 61
ID:986	of_year	2027
ID:986	of_target	CH4
ID:986	has_similarity	S_0.7
ID:986	has_uncertainty	U_0.7
ID:987	of_type	jet stirred reactor measurement
ID:987	of_reactor	flow reactor
ID:987	has_author	Author 32
ID:987	of_year	1992
ID:987	of_target	CH3
ID:987	has_similarity	S_0.4
ID:987	has_uncertainty	U_0.4
ID:988	of_type	laminar burning velocity measurement
ID:988	of_reactor	flame
ID:988	has_author	Author 82
ID:988	of_year	1983
ID:988	of_target	H2
ID:988	has_similarity	S_0.4
ID:988	has_uncertainty	U_0.4
ID:989	of_type	ignition delay measurement
ID:989	of_reactor	rapid compression machine
ID:989	has_author	Author 8
ID:989	of_year	1960
ID:989	of_target	C5H6
ID:989	has_similarity	S_0.6
ID:989	has_uncertainty	U_0.6
ID:990	of_type	concentration time profile measurement
ID:990	of_reactor	stirred reactor
ID:990	has_author	Author 92
ID:990	of_year	1968
ID:990	of_target	NH3
ID:990	has_similarity	S_0.8
ID:990	has_uncertainty	U_0.8
ID:991	of_type	concentration time profile measurement
ID:991	of_reactor	shock tube
ID:991	has_author	Author 67
ID:991	of_year	1953
ID:991	of_target	C5H6
ID:991	has_similarity	S_0.2
ID:991	has_uncertainty	U_0.2
ID:992	of_type	jet stirred reactor measurement
ID:992	of_reactor	flow reactor
ID:992	has_author	Author 20
ID:992	of_year	1990
ID:992	of_target	NH3
ID:992	has_similarity	S_0.2
ID:992	has_uncertainty	U_0.2
ID:993	of_type	jet stirred reactor measurement
ID:993	of_reactor	flow reactor
ID:993	has_author	Author 71
ID:993	of_year	2024
ID:993	of_target	C0
ID:993	has_similarity	S_0.6
ID:993	has_uncertainty	U_0.6
ID:994	of_type	laminar burning velocity measurement
ID:994	of_reactor	flame
ID:994	has_author	Author 44
ID:994	of_year	2026
ID:994	of_target	C7H8
ID:994	has_similarity	S_0.9
ID:994	has_uncertainty	U_0.9
ID:995	of_type	laminar burning velocity measurement
ID:995	of_reactor	flame
ID:995	has_author	Author 71
ID:995	of_year	2024
ID:995	of_target	CH3
ID:995	has_similarity	S_0.5
ID:995	has_uncertainty	U_0.5
ID:996	of_type	concentration time profile measurement
ID:996	of_reactor	flow reactor
ID:996	has_author	Author 95
ID:996	of_year	2005
ID:996	of_target	C5H6
ID:996	has_similarity	S_0.4
ID:996	has_uncertainty	U_0.4
ID:997	of_type	jet stirred reactor measurement
ID:997	of_reactor	shock tube
ID:997	has_author	Author 34
ID:997	of_year	1991
ID:997	of_target	CO2
ID:997	has_similarity	S_0.7
ID:997	has_uncertainty	U_0.7
ID:998	of_type	jet stirred reactor measurement
ID:998	of_reactor	flow reactor
ID:998	has_author	Author 36
ID:998	of_year	1965
ID:998	of_target	H2S
ID:998	has_similarity	S_0.4
ID:998	has_uncertainty	U_0.4
ID:999	of_type	ignition delay measurement
ID:999	of_reactor	shock tube
ID:999	has_author	Author 50
ID:999	of_year	1978
ID:999	of_target	CO2
ID:999	has_similarity	S_0.5
ID:999	has_uncertainty	U_0.5
ID:0	similar_to	ID:0
ID:0	similar_to	ID:77
ID:0	similar_to	ID:124
ID:0	similar_to	ID:216
ID:0	similar_to	ID:252
ID:0	similar_to	ID:542
ID:0	similar_to	ID:551
ID:0	similar_to	ID:788
ID:1	similar_to	ID:1
ID:1	similar_to	ID:25
ID:1	similar_to	ID:94
ID:1	similar_to	ID:113
ID:1	similar_to	ID:180
ID:1	similar_to	ID:217
ID:1	similar_to	ID:240
ID:1	similar_to	ID:365
ID:1	similar_to	ID:373
ID:1	similar_to	ID:404
ID:1	similar_to	ID:426
ID:1	similar_to	ID:462
ID:1	similar_to	ID:465
ID:1	similar_to	ID:480
ID:1	similar_to	ID:562
ID:1	similar_to	ID:654
ID:1	similar_to	ID:745
ID:1	similar_to	ID:781
ID:1	similar_to	ID:803
ID:1	similar_to	ID:806
ID:1	similar_to	ID:832
ID:1	similar_to	ID:844
ID:1	similar_to	ID:868
ID:1	similar_to	ID:878
ID:1	similar_to	ID:920
ID:1	similar_to	ID:984
ID:2	similar_to	ID:2
ID:2	similar_to	ID:130
ID:2	similar_to	ID:343
ID:3	similar_to	ID:3
ID:3	similar_to	ID:424
ID:3	similar_to	ID:484
ID:3	similar_to	ID:638
ID:3	similar_to	ID:641
ID:3	similar_to	ID:866
ID:3	similar_to	ID:964
ID:3	similar_to	ID:997
ID:4	similar_to	ID:4
ID:4	similar_to	ID:383
ID:4	similar_to	ID:842
ID:4	similar_to	ID:870
ID:4	similar_to	ID:976
ID:5	similar_to	ID:5
ID:5	similar_to	ID:91
ID:5	similar_to	ID:291
ID:5	similar_to	ID:411
ID:5	similar_to	ID:904
ID:6	similar_to	ID:6
ID:6	similar_to	ID:62
ID:6	similar_to	ID:489
ID:6	similar_to	ID:564
ID:6	similar_to	ID:576
ID:6	similar_to	ID:628
ID:6	similar_to	ID:642
ID:6	similar_to	ID:812
ID:6	similar_to	ID:945
ID:7	similar_to	ID:7
ID:7	similar_to	ID:117
ID:7	similar_to	ID:165
ID:7	similar_to	ID:222
ID:7	similar_to	ID:369
ID:7	similar_to	ID:709
ID:8	similar_to	ID:8
ID:8	similar_to	ID:141
ID:8	similar_to	ID:574
ID:8	similar_to	ID:743
ID:9	similar_to	ID:9
ID:9	similar_to	ID:29
ID:9	similar_to	ID:163
ID:9	similar_to	ID:429
ID:9	similar_to	ID:653
ID:9	similar_to	ID:801
ID:10	similar_to	ID:10
ID:10	similar_to	ID:81
ID:10	similar_to	ID:109
ID:10	similar_to	ID:254
ID:10	similar_to	ID:321
ID:10	similar_to	ID:398
ID:10	similar_to	ID:437
ID:10	similar_to	ID:454
ID:10	similar_to	ID:485
ID:10	similar_to	ID:568
ID:10	similar_to	ID:580
ID:10	similar_to	ID:721
ID:10	similar_to	ID:986
ID:11	similar_to	ID:11
ID:11	similar_to	ID:160
ID:11	similar_to	ID:514
ID:11	similar_to	ID:773
ID:11	similar_to	ID:947
ID:12	similar_to	ID:12
ID:12	similar_to	ID:232
ID:12	similar_to	ID:377
ID:12	similar_to	ID:605
ID:12	similar_to	ID:616
ID:12	similar_to	ID:987
ID:13	similar_to	ID:13
ID:13	similar_to	ID:33
ID:13	similar_to	ID:98
ID:13	similar_to	ID:226
ID:13	similar_to	ID:283
ID:13	similar_to	ID:295
ID:13	similar_to	ID:782
ID:13	similar_to	ID:884
ID:13	similar_to	ID:985
ID:14	similar_to	ID:14
ID:14	similar_to	ID:19
ID:14	similar_to	ID:52
ID:14	similar_to	ID:89
ID:14	similar_to	ID:133
ID:14	similar_to	ID:137
ID:14	similar_to	ID:139
ID:14	similar_to	ID:143
ID:14	similar_to	ID:174
ID:14	similar_to	ID:176
ID:14	similar_to	ID:237
ID:14	similar_to	ID:284
ID:14	similar_to	ID:287
ID:14	similar_to	ID:384
ID:14	similar_to	ID:531
ID:14	similar_to	ID:565
ID:14	similar_to	ID:591
ID:14	similar_to	ID:701
ID:14	similar_to	ID:759
ID:14	similar_to	ID:776
ID:14	similar_to	ID:938
ID:14	similar_to	ID:994
ID:15	similar_to	ID:15
ID:15	similar_to	ID:83
ID:15	similar_to	ID:105
ID:15	similar_to	ID:150
ID:15	similar_to	ID:355
ID:15	similar_to	ID:584
ID:15	similar_to	ID:663
ID:15	similar_to	ID:852
ID:16	similar_to	ID:16
ID:16	similar_to	ID:253
ID:16	similar_to	ID:310
ID:16	similar_to	ID:380
ID:16	similar_to	ID:390
ID:16	similar_to	ID:563
ID:16	similar_to	ID:586
ID:16	similar_to	ID:724
ID:16	similar_to	ID:742
ID:16	similar_to	ID:867
ID:16	similar_to	ID:902
ID:16	similar_to	ID:963
ID:16	similar_to	ID:970
ID:17	similar_to	ID:17
ID:17	similar_to	ID:166
ID:17	similar_to	ID:730
ID:17	similar_to	ID:790
ID:18	similar_to	ID:18
ID:18	similar_to	ID:371
ID:18	similar_to	ID:558
ID:18	similar_to	ID:590
ID:18	similar_to	ID:872
ID:19	similar_to	ID:14
ID:19	similar_to	ID:19
ID:19	similar_to	ID:52
ID:19	similar_to	ID:89
ID:19	similar_to	ID:133
ID:19	similar_to	ID:137
ID:19	similar_to	ID:139
ID:19	similar_to	ID:143
ID:19	similar_to	ID:174
ID:19	similar_to	ID:176
ID:19	similar_to	ID:237
ID:19	similar_to	ID:284
ID:19	similar_to	ID:287
ID:19	similar_to	ID:384
ID:19	similar_to	ID:531
ID:19	similar_to	ID:565
ID:19	similar_to	ID:591
ID:19	similar_to	ID:701
ID:19	similar_to	ID:759
ID:19	similar_to	ID:776
ID:19	similar_to	ID:938
ID:19	similar_to	ID:994
ID:20	similar_to	ID:20
ID:20	similar_to	ID:140
ID:20	similar_to	ID:179
ID:20	similar_to	ID:236
ID:20	similar_to	ID:268
ID:20	similar_to	ID:382
ID:20	similar_to	ID:427
ID:20	similar_to	ID:488
ID:20	similar_to	ID:509
ID:20	similar_to	ID:553
ID:20	similar_to	ID:579
ID:20	similar_to	ID:595
ID:20	similar_to	ID:629
ID:20	similar_to	ID:643
ID:21	similar_to	ID:21
ID:21	similar_to	ID:41
ID:21	similar_to	ID:285
ID:21	similar_to	ID:297
ID:21	similar_to	ID:351
ID:21	similar_to	ID:434
ID:21	similar_to	ID:461
ID:21	similar_to	ID:473
ID:21	similar_to	ID:476
ID:21	similar_to	ID:679
ID:21	similar_to	ID:853
ID:22	similar_to	ID:22
ID:22	similar_to	ID:55
ID:22	similar_to	ID:127
ID:22	similar_to	ID:154
ID:22	similar_to	ID:228
ID:22	similar_to	ID:264
ID:22	similar_to	ID:266
ID:22	similar_to	ID:274
ID:22	similar_to	ID:324
ID:22	similar_to	ID:363
ID:22	similar_to	ID:367
ID:22	similar_to	ID:722
ID:22	similar_to	ID:823
ID:22	similar_to	ID:858
ID:22	similar_to	ID:917
ID:23	similar_to	ID:23
ID:23	similar_to	ID:221
ID:23	similar_to	ID:229
ID:23	similar_to	ID:386
ID:23	similar_to	ID:412
ID:23	similar_to	ID:620
ID:23	similar_to	ID:649
ID:23	similar_to	ID:651
ID:23	similar_to	ID:674
ID:23	similar_to	ID:675
ID:23	similar_to	ID:960
ID:23	similar_to	ID:995
ID:24	similar_to	ID:24
ID:24	similar_to	ID:120
ID:24	similar_to	ID:190
ID:24	similar_to	ID:275
ID:24	similar_to	ID:280
ID:24	similar_to	ID:560
ID:24	similar_to	ID:778
ID:24	similar_to	ID:955
ID:25	similar_to	ID:1
ID:25	similar_to	ID:25
ID:25	similar_to	ID:94
ID:25	similar_to	ID:113
ID:25	similar_to	ID:180
ID:25	similar_to	ID:217
ID:25	similar_to	ID:240
ID:25	similar_to	ID:365
ID:25	similar_to	ID:373
ID:25	similar_to	ID:404
ID:25	similar_to	ID:426
ID:25	similar_to	ID:462
ID:25	similar_to	ID:465
ID:25	similar_to	ID:480
ID:25	similar_to	ID:562
ID:25	similar_to	ID:654
ID:25	similar_to	ID:745
ID:25	similar_to	ID:781
ID:25	similar_to	ID:803
ID:25	similar_to	ID:806
ID:25	similar_to	ID:832
ID:25	similar_to	ID:844
ID:25	similar_to	ID:868
ID:25	similar_to	ID:878
ID:25	similar_to	ID:920
ID:25	similar_to	ID:984
ID:26	similar_to	ID:26
ID:26	similar_to	ID:30
ID:26	similar_to	ID:40
ID:26	similar_to	ID:273
ID:26	similar_to	ID:624
ID:26	similar_to	ID:652
ID:26	similar_to	ID:723
ID:27	similar_to	ID:27
ID:27	similar_to	ID:474
ID:27	similar_to	ID:554
ID:27	similar_to	ID:913
ID:28	similar_to	ID:28
ID:28	similar_to	ID:656
ID:28	similar_to	ID:688
ID:28	similar_to	ID:719
ID:28	similar_to	ID:726
ID:28	similar_to	ID:822
ID:29	similar_to	ID:9
ID:29	similar_to	ID:29
ID:29	similar_to	ID:163
ID:29	similar_to	ID:429
ID:29	similar_to	ID:653
ID:29	similar_to	ID:801
ID:30	similar_to	ID:26
ID:30	similar_to	ID:30
ID:30	similar_to	ID:40
ID:30	similar_to	ID:273
ID:30	similar_to	ID:624
ID:30	similar_to	ID:652
ID:30	similar_to	ID:723
ID:31	similar_to	ID:31
ID:31	similar_to	ID:257
ID:31	similar_to	ID:327
ID:31	similar_to	ID:346
ID:31	similar_to	ID:453
ID:31	similar_to	ID:625
ID:31	similar_to	ID:691
ID:31	similar_to	ID:860
ID:31	similar_to	ID:877
ID:31	similar_to	ID:900
ID:31	similar_to	ID:954
ID:32	similar_to	ID:32
ID:32	similar_to	ID:65
ID:32	similar_to	ID:68
ID:32	similar_to	ID:186
ID:32	similar_to	ID:202
ID:32	similar_to	ID:422
ID:32	similar_to	ID:441
ID:32	similar_to	ID:452
ID:32	similar_to	ID:583
ID:32	similar_to	ID:725
ID:32	similar_to	ID:764
ID:32	similar_to	ID:785
ID:32	similar_to	ID:818
ID:32	similar_to	ID:820
ID:32	similar_to	ID:875
ID:32	similar_to	ID:890
ID:32	similar_to	ID:894
ID:32	similar_to	ID:925
ID:33	similar_to	ID:13
ID:33	similar_to	ID:33
ID:33	similar_to	ID:98
ID:33	similar_to	ID:226
ID:33	similar_to	ID:283
ID:33	similar_to	ID:295
ID:33	similar_to	ID:782
ID:33	similar_to	ID:884
ID:33	similar_to	ID:985
ID:34	similar_to	ID:34
ID:34	similar_to	ID:522
ID:34	similar_to	ID:525
ID:35	similar_to	ID:35
ID:35	similar_to	ID:79
ID:35	similar_to	ID:146
ID:35	similar_to	ID:816
ID:36	similar_to	ID:36
ID:36	similar_to	ID:145
ID:36	similar_to	ID:185
ID:36	similar_to	ID:208
ID:36	similar_to	ID:270
ID:36	similar_to	ID:360
ID:36	similar_to	ID:409
ID:36	similar_to	ID:464
ID:36	similar_to	ID:544
ID:36	similar_to	ID:648
ID:36	similar_to	ID:980
ID:37	similar_to	ID:37
ID:37	similar_to	ID:203
ID:37	similar_to	ID:974
ID:38	similar_to	ID:38
ID:38	similar_to	ID:347
ID:38	similar_to	ID:356
ID:38	similar_to	ID:598
ID:38	similar_to	ID:738
ID:38	similar_to	ID:982
ID:39	similar_to	ID:39
ID:39	similar_to	ID:447
ID:39	similar_to	ID:717
ID:39	similar_to	ID:826
ID:39	similar_to	ID:934
ID:40	similar_to	ID:26
ID:40	similar_to	ID:30
ID:40	similar_to	ID:40
ID:40	similar_to	ID:273
ID:40	similar_to	ID:624
ID:40	similar_to	ID:652
ID:40	similar_to	ID:723
ID:41	similar_to	ID:21
ID:41	similar_to	ID:41
ID:41	similar_to	ID:285
ID:41	similar_to	ID:297
ID:41	similar_to	ID:351
ID:41	similar_to	ID:434
ID:41	similar_to	ID:461
ID:41	similar_to	ID:473
ID:41	similar_to	ID:476
ID:41	similar_to	ID:679
ID:41	similar_to	ID:853
ID:42	similar_to	ID:42
ID:42	similar_to	ID:50
ID:42	similar_to	ID:214
ID:42	similar_to	ID:305
ID:42	similar_to	ID:445
ID:42	similar_to	ID:501
ID:42	similar_to	ID:943
ID:43	similar_to	ID:43
ID:43	similar_to	ID:92
ID:43	similar_to	ID:543
ID:44	similar_to	ID:44
ID:44	similar_to	ID:159
ID:44	similar_to	ID:243
ID:44	similar_to	ID:250
ID:44	similar_to	ID:263
ID:44	similar_to	ID:292
ID:44	similar_to	ID:397
ID:44	similar_to	ID:421
ID:44	similar_to	ID:682
ID:44	similar_to	ID:755
ID:44	similar_to	ID:793
ID:44	similar_to	ID:848
ID:44	similar_to	ID:857
ID:44	similar_to	ID:871
ID:44	similar_to	ID:922
ID:44	similar_to	ID:969
ID:45	similar_to	ID:45
ID:45	similar_to	ID:308
ID:45	similar_to	ID:345
ID:45	similar_to	ID:407
ID:45	similar_to	ID:471
ID:45	similar_to	ID:478
ID:45	similar_to	ID:631
ID:45	similar_to	ID:636
ID:45	similar_to	ID:703
ID:45	similar_to	ID:765
ID:45	similar_to	ID:829
ID:45	similar_to	ID:988
ID:46	similar_to	ID:46
ID:46	similar_to	ID:155
ID:46	similar_to	ID:416
ID:46	similar_to	ID:633
ID:46	similar_to	ID:754
ID:47	similar_to	ID:47
ID:47	similar_to	ID:211
ID:47	similar_to	ID:233
ID:47	similar_to	ID:666
ID:47	similar_to	ID:727
ID:48	similar_to	ID:48
ID:48	similar_to	ID:64
ID:48	similar_to	ID:319
ID:48	similar_to	ID:410
ID:48	similar_to	ID:990
ID:49	similar_to	ID:49
ID:49	similar_to	ID:110
ID:49	similar_to	ID:205
ID:49	similar_to	ID:242
ID:49	similar_to	ID:306
ID:49	similar_to	ID:400
ID:49	similar_to	ID:423
ID:49	similar_to	ID:627
ID:49	similar_to	ID:706
ID:49	similar_to	ID:815
ID:49	similar_to	ID:967
ID:50	similar_to	ID:42
ID:50	similar_to	ID:50
ID:50	similar_to	ID:214
ID:50	similar_to	ID:305
ID:50	similar_to	ID:445
ID:50	similar_to	ID:501
ID:50	similar_to	ID:943
ID:51	similar_to	ID:51
ID:51	similar_to	ID:108
ID:51	similar_to	ID:219
ID:51	similar_to	ID:379
ID:51	similar_to	ID:516
ID:51	similar_to	ID:645
ID:51	similar_to	ID:670
ID:51	similar_to	ID:707
ID:51	similar_to	ID:804
ID:51	similar_to	ID:814
ID:51	similar_to	ID:843
ID:51	similar_to	ID:977
ID:52	similar_to	ID:14
ID:52	similar_to	ID:19
ID:52	similar_to	ID:52
ID:52	similar_to	ID:89
ID:52	similar_to	ID:133
ID:52	similar_to	ID:137
ID:52	similar_to	ID:139
ID:52	similar_to	ID:143
ID:52	similar_to	ID:174
ID:52	similar_to	ID:176
ID:52	similar_to	ID:237
ID:52	similar_to	ID:284
ID:52	similar_to	ID:287
ID:52	similar_to	ID:384
ID:52	similar_to	ID:531
ID:52	similar_to	ID:565
ID:52	similar_to	ID:591
ID:52	similar_to	ID:701
ID:52	similar_to	ID:759
ID:52	similar_to	ID:776
ID:52	similar_to	ID:938
ID:52	similar_to	ID:994
ID:53	similar_to	ID:53
ID:53	similar_to	ID:119
ID:53	similar_to	ID:399
ID:53	similar_to	ID:425
ID:53	similar_to	ID:752
ID:53	similar_to	ID:828
ID:53	similar_to	ID:888
ID:54	similar_to	ID:54
ID:54	similar_to	ID:183
ID:54	similar_to	ID:277
ID:54	similar_to	ID:469
ID:54	similar_to	ID:503
ID:54	similar_to	ID:535
ID:54	similar_to	ID:552
ID:54	similar_to	ID:635
ID:54	similar_to	ID:763
ID:54	similar_to	ID:792
ID:54	similar_to	ID:928
ID:55	similar_to	ID:22
ID:55	similar_to	ID:55
ID:55	similar_to	ID:127
ID:55	similar_to	ID:154
ID:55	similar_to	ID:228
ID:55	similar_to	ID:264
ID:55	similar_to	ID:266
ID:55	similar_to	ID:274
ID:55	similar_to	ID:324
ID:55	similar_to	ID:363
ID:55	similar_to	ID:367
ID:55	similar_to	ID:722
ID:55	similar_to	ID:823
ID:55	similar_to	ID:858
ID:55	similar_to	ID:917
ID:56	similar_to	ID:56
ID:56	similar_to	ID:58
ID:56	similar_to	ID:86
ID:56	similar_to	ID:288
ID:56	similar_to	ID:370
ID:56	similar_to	ID:413
ID:56	similar_to	ID:505
ID:56	similar_to	ID:702
ID:56	similar_to	ID:831
ID:56	similar_to	ID:880
ID:56	similar_to	ID:882
ID:57	similar_to	ID:57
ID:57	similar_to	ID:147
ID:57	similar_to	ID:192
ID:57	similar_to	ID:201
ID:57	similar_to	ID:276
ID:57	similar_to	ID:326
ID:57	similar_to	ID:455
ID:57	similar_to	ID:463
ID:57	similar_to	ID:507
ID:57	similar_to	ID:533
ID:57	similar_to	ID:569
ID:57	similar_to	ID:581
ID:57	similar_to	ID:639
ID:57	similar_to	ID:712
ID:57	similar_to	ID:779
ID:57	similar_to	ID:952
ID:57	similar_to	ID:989
ID:58	similar_to	ID:56
ID:58	similar_to	ID:58
ID:58	similar_to	ID:86
ID:58	similar_to	ID:288
ID:58	similar_to	ID:370
ID:58	similar_to	ID:413
ID:58	similar_to	ID:505
ID:58	similar_to	ID:702
ID:58	similar_to	ID:831
ID:58	similar_to	ID:880
ID:58	similar_to	ID:882
ID:59	similar_to	ID:59
ID:59	similar_to	ID:301
ID:59	similar_to	ID:420
ID:59	similar_to	ID:615
ID:59	similar_to	ID:713
ID:60	similar_to	ID:60
ID:60	similar_to	ID:256
ID:60	similar_to	ID:296
ID:60	similar_to	ID:486
ID:60	similar_to	ID:487
ID:60	similar_to	ID:693
ID:60	similar_to	ID:892
ID:60	similar_to	ID:921
ID:61	similar_to	ID:61
ID:61	similar_to	ID:72
ID:61	similar_to	ID:101
ID:61	similar_to	ID:470
ID:61	similar_to	ID:697
ID:62	similar_to	ID:6
ID:62	similar_to	ID:62
ID:62	similar_to	ID:489
ID:62	similar_to	ID:564
ID:62	similar_to	ID:576
ID:62	similar_to	ID:628
ID:62	similar_to	ID:642
ID:62	similar_to	ID:812
ID:62	similar_to	ID:945
ID:63	similar_to	ID:63
ID:63	similar_to	ID:198
ID:63	similar_to	ID:279
ID:63	similar_to	ID:354
ID:63	similar_to	ID:749
ID:63	similar_to	ID:750
ID:63	similar_to	ID:849
ID:63	similar_to	ID:909
ID:64	similar_to	ID:48
ID:64	similar_to	ID:64
ID:64	similar_to	ID:319
ID:64	similar_to	ID:410
ID:64	similar_to	ID:990
ID:65	similar_to	ID:32
ID:65	similar_to	ID:65
ID:65	similar_to	ID:68
ID:65	similar_to	ID:186
ID:65	similar_to	ID:202
ID:65	similar_to	ID:422
ID:65	similar_to	ID:441
ID:65	similar_to	ID:452
ID:65	similar_to	ID:583
ID:65	similar_to	ID:725
ID:65	similar_to	ID:764
ID:65	similar_to	ID:785
ID:65	similar_to	ID:818
ID:65	similar_to	ID:820
ID:65	similar_to	ID:875
ID:65	similar_to	ID:890
ID:65	similar_to	ID:894
ID:65	similar_to	ID:925
ID:66	similar_to	ID:66
ID:66	similar_to	ID:134
ID:66	similar_to	ID:151
ID:66	similar_to	ID:468
ID:66	similar_to	ID:692
ID:66	similar_to	ID:769
ID:66	similar_to	ID:772
ID:66	similar_to	ID:800
ID:66	similar_to	ID:862
ID:66	similar_to	ID:956
ID:67	similar_to	ID:67
ID:67	similar_to	ID:896
ID:68	similar_to	ID:32
ID:68	similar_to	ID:65
ID:68	similar_to	ID:68
ID:68	similar_to	ID:186
ID:68	similar_to	ID:202
ID:68	similar_to	ID:422
ID:68	similar_to	ID:441
ID:68	similar_to	ID:452
ID:68	similar_to	ID:583
ID:68	similar_to	ID:725
ID:68	similar_to	ID:764
ID:68	similar_to	ID:785
ID:68	similar_to	ID:818
ID:68	similar_to	ID:820
ID:68	similar_to	ID:875
ID:68	similar_to	ID:890
ID:68	similar_to	ID:894
ID:68	similar_to	ID:925
ID:69	similar_to	ID:69
ID:69	similar_to	ID:144
ID:69	similar_to	ID:392
ID:69	similar_to	ID:394
ID:69	similar_to	ID:521
ID:69	similar_to	ID:549
ID:69	similar_to	ID:673
ID:69	similar_to	ID:915
ID:70	similar_to	ID:70
ID:70	similar_to	ID:318
ID:70	similar_to	ID:341
ID:70	similar_to	ID:353
ID:70	similar_to	ID:451
ID:70	similar_to	ID:740
ID:70	similar_to	ID:756
ID:71	similar_to	ID:71
ID:71	similar_to	ID:247
ID:71	similar_to	ID:286
ID:71	similar_to	ID:640
ID:71	similar_to	ID:680
ID:71	similar_to	ID:856
ID:72	similar_to	ID:61
ID:72	similar_to	ID:72
ID:72	similar_to	ID:101
ID:72	similar_to	ID:470
ID:72	similar_to	ID:697
ID:73	similar_to	ID:73
ID:73	similar_to	ID:128
ID:73	similar_to	ID:213
ID:73	similar_to	ID:262
ID:73	similar_to	ID:388
ID:73	similar_to	ID:573
ID:73	similar_to	ID:753
ID:73	similar_to	ID:851
ID:73	similar_to	ID:891
ID:74	similar_to	ID:74
ID:74	similar_to	ID:103
ID:74	similar_to	ID:136
ID:74	similar_to	ID:162
ID:74	similar_to	ID:187
ID:74	similar_to	ID:191
ID:74	similar_to	ID:195
ID:74	similar_to	ID:204
ID:74	similar_to	ID:335
ID:74	similar_to	ID:387
ID:74	similar_to	ID:408
ID:74	similar_to	ID:459
ID:74	similar_to	ID:510
ID:74	similar_to	ID:540
ID:74	similar_to	ID:611
ID:74	similar_to	ID:630
ID:75	similar_to	ID:75
ID:75	similar_to	ID:267
ID:75	similar_to	ID:903
ID:76	similar_to	ID:76
ID:76	similar_to	ID:93
ID:76	similar_to	ID:272
ID:76	similar_to	ID:393
ID:76	similar_to	ID:428
ID:76	similar_to	ID:442
ID:76	similar_to	ID:519
ID:76	similar_to	ID:660
ID:76	similar_to	ID:667
ID:76	similar_to	ID:704
ID:76	similar_to	ID:864
ID:76	similar_to	ID:885
ID:76	similar_to	ID:886
ID:76	similar_to	ID:937
ID:76	similar_to	ID:957
ID:77	similar_to	ID:0
ID:77	similar_to	ID:77
ID:77	similar_to	ID:124
ID:77	similar_to	ID:216
ID:77	similar_to	ID:252
ID:77	similar_to	ID:542
ID:77	similar_to	ID:551
ID:77	similar_to	ID:788
ID:78	similar_to	ID:78
ID:78	similar_to	ID:325
ID:78	similar_to	ID:385
ID:78	similar_to	ID:419
ID:78	similar_to	ID:515
ID:78	similar_to	ID:618
ID:78	similar_to	ID:696
ID:78	similar_to	ID:744
ID:78	similar_to	ID:865
ID:78	similar_to	ID:946
ID:79	similar_to	ID:35
ID:79	similar_to	ID:79
ID:79	similar_to	ID:146
ID:79	similar_to	ID:816
ID:80	similar_to	ID:80
ID:80	similar_to	ID:95
ID:80	similar_to	ID:132
ID:80	similar_to	ID:224
ID:80	similar_to	ID:619
ID:80	similar_to	ID:789
ID:81	similar_to	ID:10
ID:81	similar_to	ID:81
ID:81	similar_to	ID:109
ID:81	similar_to	ID:254
ID:81	similar_to	ID:321
ID:81	similar_to	ID:398
ID:81	similar_to	ID:437
ID:81	similar_to	ID:454
ID:81	similar_to	ID:485
ID:81	similar_to	ID:568
ID:81	similar_to	ID:580
ID:81	similar_to	ID:721
ID:81	similar_to	ID:986
ID:82	similar_to	ID:82
ID:82	similar_to	ID:153
ID:82	similar_to	ID:320
ID:82	similar_to	ID:493
ID:82	similar_to	ID:807
ID:83	similar_to	ID:15
ID:83	similar_to	ID:83
ID:83	similar_to	ID:105
ID:83	similar_to	ID:150
ID:83	similar_to	ID:355
ID:83	similar_to	ID:584
ID:83	similar_to	ID:663
ID:83	similar_to	ID:852
ID:84	similar_to	ID:84
ID:84	similar_to	ID:249
ID:84	similar_to	ID:338
ID:84	similar_to	ID:511
ID:84	similar_to	ID:799
ID:84	similar_to	ID:923
ID:84	similar_to	ID:933
ID:85	similar_to	ID:85
ID:85	similar_to	ID:349
ID:85	similar_to	ID:479
ID:86	similar_to	ID:56
ID:86	similar_to	ID:58
ID:86	similar_to	ID:86
ID:86	similar_to	ID:288
ID:86	similar_to	ID:370
ID:86	similar_to	ID:413
ID:86	similar_to	ID:505
ID:86	similar_to	ID:702
ID:86	similar_to	ID:831
ID:86	similar_to	ID:880
ID:86	similar_to	ID:882
ID:87	similar_to	ID:87
ID:87	similar_to	ID:112
ID:87	similar_to	ID:175
ID:87	similar_to	ID:539
ID:87	similar_to	ID:546
ID:87	similar_to	ID:587
ID:87	similar_to	ID:758
ID:87	similar_to	ID:761
ID:87	similar_to	ID:795
ID:87	similar_to	ID:971
ID:88	similar_to	ID:88
ID:88	similar_to	ID:593
ID:88	similar_to	ID:690
ID:89	similar_to	ID:14
ID:89	similar_to	ID:19
ID:89	similar_to	ID:52
ID:89	similar_to	ID:89
ID:89	similar_to	ID:133
ID:89	similar_to	ID:137
ID:89	similar_to	ID:139
ID:89	similar_to	ID:143
ID:89	similar_to	ID:174
ID:89	similar_to	ID:176
ID:89	similar_to	ID:237
ID:89	similar_to	ID:284
ID:89	similar_to	ID:287
ID:89	similar_to	ID:384
ID:89	similar_to	ID:531
ID:89	similar_to	ID:565
ID:89	similar_to	ID:591
ID:89	similar_to	ID:701
ID:89	similar_to	ID:759
ID:89	similar_to	ID:776
ID:89	similar_to	ID:938
ID:89	similar_to	ID:994
ID:90	similar_to	ID:90
ID:90	similar_to	ID:467
ID:91	similar_to	ID:5
ID:91	similar_to	ID:91
ID:91	similar_to	ID:291
ID:91	similar_to	ID:411
ID:91	similar_to	ID:904
ID:92	similar_to	ID:43
ID:92	similar_to	ID:92
ID:92	similar_to	ID:543
ID:93	similar_to	ID:76
ID:93	similar_to	ID:93
ID:93	similar_to	ID:272
ID:93	similar_to	ID:393
ID:93	similar_to	ID:428
ID:93	similar_to	ID:442
ID:93	similar_to	ID:519
ID:93	similar_to	ID:660
ID:93	similar_to	ID:667
ID:93	similar_to	ID:704
ID:93	similar_to	ID:864
ID:93	similar_to	ID:885
ID:93	similar_to	ID:886
ID:93	similar_to	ID:937
ID:93	similar_to	ID:957
ID:94	similar_to	ID:1
ID:94	similar_to	ID:25
ID:94	similar_to	ID:94
ID:94	similar_to	ID:113
ID:94	similar_to	ID:180
ID:94	similar_to	ID:217
ID:94	similar_to	ID:240
ID:94	similar_to	ID:365
ID:94	similar_to	ID:373
ID:94	similar_to	ID:404
ID:94	similar_to	ID:426
ID:94	similar_to	ID:462
ID:94	similar_to	ID:465
ID:94	similar_to	ID:480
ID:94	similar_to	ID:562
ID:94	similar_to	ID:654
ID:94	similar_to	ID:745
ID:94	similar_to	ID:781
ID:94	similar_to	ID:803
ID:94	similar_to	ID:806
ID:94	similar_to	ID:832
ID:94	similar_to	ID:844
ID:94	similar_to	ID:868
ID:94	similar_to	ID:878
ID:94	similar_to	ID:920
ID:94	similar_to	ID:984
ID:95	similar_to	ID:80
ID:95	similar_to	ID:95
ID:95	similar_to	ID:132
ID:95	similar_to	ID:224
ID:95	similar_to	ID:619
ID:95	similar_to	ID:789
ID:96	similar_to	ID:96
ID:96	similar_to	ID:122
ID:96	similar_to	ID:415
ID:96	similar_to	ID:458
ID:96	similar_to	ID:626
ID:96	similar_to	ID:837
ID:96	similar_to	ID:859
ID:97	similar_to	ID:97
ID:97	similar_to	ID:111
ID:97	similar_to	ID:281
ID:97	similar_to	ID:303
ID:97	similar_to	ID:502
ID:97	similar_to	ID:668
ID:97	similar_to	ID:770
ID:97	similar_to	ID:802
ID:97	similar_to	ID:918
ID:98	similar_to	ID:13
ID:98	similar_to	ID:33
ID:98	similar_to	ID:98
ID:98	similar_to	ID:226
ID:98	similar_to	ID:283
ID:98	similar_to	ID:295
ID:98	similar_to	ID:782
ID:98	similar_to	ID:884
ID:98	similar_to	ID:985
ID:99	similar_to	ID:99
ID:99	similar_to	ID:495
ID:99	similar_to	ID:608
ID:100	similar_to	ID:100
ID:100	similar_to	ID:206
ID:100	similar_to	ID:566
ID:100	similar_to	ID:597
ID:100	similar_to	ID:993
ID:101	similar_to	ID:61
ID:101	similar_to	ID:72
ID:101	similar_to	ID:101
ID:101	similar_to	ID:470
ID:101	similar_to	ID:697
ID:102	similar_to	ID:102
ID:103	similar_to	ID:74
ID:103	similar_to	ID:103
ID:103	similar_to	ID:136
ID:103	similar_to	ID:162
ID:103	similar_to	ID:187
ID:103	similar_to	ID:191
ID:103	similar_to	ID:195
ID:103	similar_to	ID:204
ID:103	similar_to	ID:335
ID:103	similar_to	ID:387
ID:103	similar_to	ID:408
ID:103	similar_to	ID:459
ID:103	similar_to	ID:510
ID:103	similar_to	ID:540
ID:103	similar_to	ID:611
ID:103	similar_to	ID:630
ID:104	similar_to	ID:104
ID:104	similar_to	ID:178
ID:104	similar_to	ID:197
ID:104	similar_to	ID:209
ID:104	similar_to	ID:342
ID:104	similar_to	ID:499
ID:104	similar_to	ID:664
ID:104	similar_to	ID:720
ID:105	similar_to	ID:15
ID:105	similar_to	ID:83
ID:105	similar_to	ID:105
ID:105	similar_to	ID:150
ID:105	similar_to	ID:355
ID:105	similar_to	ID:584
ID:105	similar_to	ID:663
ID:105	similar_to	ID:852
ID:106	similar_to	ID:106
ID:106	similar_to	ID:156
ID:106	similar_to	ID:357
ID:106	similar_to	ID:430
ID:106	similar_to	ID:497
ID:106	similar_to	ID:518
ID:106	similar_to	ID:784
ID:106	similar_to	ID:811
ID:107	similar_to	ID:107
ID:107	similar_to	ID:210
ID:107	similar_to	ID:362
ID:107	similar_to	ID:655
ID:108	similar_to	ID:51
ID:108	similar_to	ID:108
ID:108	similar_to	ID:219
ID:108	similar_to	ID:379
ID:108	similar_to	ID:516
ID:108	similar_to	ID:645
ID:108	similar_to	ID:670
ID:108	similar_to	ID:707
ID:108	similar_to	ID:804
ID:108	similar_to	ID:814
ID:108	similar_to	ID:843
ID:108	similar_to	ID:977
ID:109	similar_to	ID:10
ID:109	similar_to	ID:81
ID:109	similar_to	ID:109
ID:109	similar_to	ID:254
ID:109	similar_to	ID:321
ID:109	similar_to	ID:398
ID:109	similar_to	ID:437
ID:109	similar_to	ID:454
ID:109	similar_to	ID:485
ID:109	similar_to	ID:568
ID:109	similar_to	ID:580
ID:109	similar_to	ID:721
ID:109	similar_to	ID:986
ID:110	similar_to	ID:49
ID:110	similar_to	ID:110
ID:110	similar_to	ID:205
ID:110	similar_to	ID:242
ID:110	similar_to	ID:306
ID:110	similar_to	ID:400
ID:110	similar_to	ID:423
ID:110	similar_to	ID:627
ID:110	similar_to	ID:706
ID:110	similar_to	ID:815
ID:110	similar_to	ID:967
ID:111	similar_to	ID:97
ID:111	similar_to	ID:111
ID:111	similar_to	ID:281
ID:111	similar_to	ID:303
ID:111	similar_to	ID:502
ID:111	similar_to	ID:668
ID:111	similar_to	ID:770
ID:111	similar_to	ID:802
ID:111	similar_to	ID:918
ID:112	similar_to	ID:87
ID:112	similar_to	ID:112
ID:112	similar_to	ID:175
ID:112	similar_to	ID:539
ID:112	similar_to	ID:546
ID:112	similar_to	ID:587
ID:112	similar_to	ID:758
ID:112	similar_to	ID:761
ID:112	similar_to	ID:795
ID:112	similar_to	ID:971
ID:113	similar_to	ID:1
ID:113	similar_to	ID:25
ID:113	similar_to	ID:94
ID:113	similar_to	ID:113
ID:113	similar_to	ID:180
ID:113	similar_to	ID:217
ID:113	similar_to	ID:240
ID:113	similar_to	ID:365
ID:113	similar_to	ID:373
ID:113	similar_to	ID:404
ID:113	similar_to	ID:426
ID:113	similar_to	ID:462
ID:113	similar_to	ID:465
ID:113	similar_to	ID:480
ID:113	similar_to	ID:562
ID:113	similar_to	ID:654
ID:113	similar_to	ID:745
ID:113	similar_to	ID:781
ID:113	similar_to	ID:803
ID:113	similar_to	ID:806
ID:113	similar_to	ID:832
ID:113	similar_to	ID:844
ID:113	similar_to	ID:868
ID:113	similar_to	ID:878
ID:113	similar_to	ID:920
ID:113	similar_to	ID:984
ID:114	similar_to	ID:114
ID:114	similar_to	ID:234
ID:114	similar_to	ID:431
ID:114	similar_to	ID:556
ID:114	similar_to	ID:585
ID:114	similar_to	ID:610
ID:114	similar_to	ID:825
ID:114	similar_to	ID:893
ID:114	similar_to	ID:978
ID:115	similar_to	ID:115
ID:115	similar_to	ID:259
ID:115	similar_to	ID:330
ID:115	similar_to	ID:592
ID:115	similar_to	ID:718
ID:116	similar_to	ID:116
ID:116	similar_to	ID:336
ID:116	similar_to	ID:405
ID:116	similar_to	ID:710
ID:116	similar_to	ID:836
ID:116	similar_to	ID:916
ID:117	similar_to	ID:7
ID:117	similar_to	ID:117
ID:117	similar_to	ID:165
ID:117	similar_to	ID:222
ID:117	similar_to	ID:369
ID:117	similar_to	ID:709
ID:118	similar_to	ID:118
ID:118	similar_to	ID:491
ID:118	similar_to	ID:557
ID:118	similar_to	ID:683
ID:118	similar_to	ID:767
ID:118	similar_to	ID:805
ID:118	similar_to	ID:808
ID:119	similar_to	ID:53
ID:119	similar_to	ID:119
ID:119	similar_to	ID:399
ID:119	similar_to	ID:425
ID:119	similar_to	ID:752
ID:119	similar_to	ID:828
ID:119	similar_to	ID:888
ID:120	similar_to	ID:24
ID:120	similar_to	ID:120
ID:120	similar_to	ID:190
ID:120	similar_to	ID:275
ID:120	similar_to	ID:280
ID:120	similar_to	ID:560
ID:120	similar_to	ID:778
ID:120	similar_to	ID:955
ID:121	similar_to	ID:121
ID:121	similar_to	ID:632
ID:121	similar_to	ID:787
ID:122	similar_to	ID:96
ID:122	similar_to	ID:122
ID:122	similar_to	ID:415
ID:122	similar_to	ID:458
ID:122	similar_to	ID:626
ID:122	similar_to	ID:837
ID:122	similar_to	ID:859
ID:123	similar_to	ID:123
ID:123	similar_to	ID:289
ID:123	similar_to	ID:406
ID:123	similar_to	ID:672
ID:123	similar_to	ID:798
ID:124	similar_to	ID:0
ID:124	similar_to	ID:77
ID:124	similar_to	ID:124
ID:124	similar_to	ID:216
ID:124	similar_to	ID:252
ID:124	similar_to	ID:542
ID:124	similar_to	ID:551
ID:124	similar_to	ID:788
ID:125	similar_to	ID:125
ID:125	similar_to	ID:401
ID:125	similar_to	ID:440
ID:125	similar_to	ID:456
ID:125	similar_to	ID:659
ID:125	similar_to	ID:786
ID:125	similar_to	ID:910
ID:125	similar_to	ID:972
ID:126	similar_to	ID:126
ID:126	similar_to	ID:251
ID:126	similar_to	ID:294
ID:126	similar_to	ID:481
ID:126	similar_to	ID:601
ID:126	similar_to	ID:830
ID:126	similar_to	ID:879
ID:127	similar_to	ID:22
ID:127	similar_to	ID:55
ID:127	similar_to	ID:127
ID:127	similar_to	ID:154
ID:127	similar_to	ID:228
ID:127	similar_to	ID:264
ID:127	similar_to	ID:266
ID:127	similar_to	ID:274
ID:127	similar_to	ID:324
ID:127	similar_to	ID:363
ID:127	similar_to	ID:367
ID:127	similar_to	ID:722
ID:127	similar_to	ID:823
ID:127	similar_to	ID:858
ID:127	similar_to	ID:917
ID:128	similar_to	ID:73
ID:128	similar_to	ID:128
ID:128	similar_to	ID:213
ID:128	similar_to	ID:262
ID:128	similar_to	ID:388
ID:128	similar_to	ID:573
ID:128	similar_to	ID:753
ID:128	similar_to	ID:851
ID:128	similar_to	ID:891
ID:129	similar_to	ID:129
ID:129	similar_to	ID:199
ID:129	similar_to	ID:395
ID:129	similar_to	ID:609
ID:129	similar_to	ID:658
ID:129	similar_to	ID:705
ID:129	similar_to	ID:948
ID:130	similar_to	ID:2
ID:130	similar_to	ID:130
ID:130	similar_to	ID:343
ID:131	similar_to	ID:131
ID:131	similar_to	ID:138
ID:131	similar_to	ID:193
ID:131	similar_to	ID:359
ID:131	similar_to	ID:477
ID:131	similar_to	ID:545
ID:131	similar_to	ID:817
ID:131	similar_to	ID:883
ID:132	similar_to	ID:80
ID:132	similar_to	ID:95
ID:132	similar_to	ID:132
ID:132	similar_to	ID:224
ID:132	similar_to	ID:619
ID:132	similar_to	ID:789
ID:133	similar_to	ID:14
ID:133	similar_to	ID:19
ID:133	similar_to	ID:52
ID:133	similar_to	ID:89
ID:133	similar_to	ID:133
ID:133	similar_to	ID:137
ID:133	similar_to	ID:139
ID:133	similar_to	ID:143
ID:133	similar_to	ID:174
ID:133	similar_to	ID:176
ID:133	similar_to	ID:237
ID:133	similar_to	ID:284
ID:133	similar_to	ID:287
ID:133	similar_to	ID:384
ID:133	similar_to	ID:531
ID:133	similar_to	ID:565
ID:133	similar_to	ID:591
ID:133	similar_to	ID:701
ID:133	similar_to	ID:759
ID:133	similar_to	ID:776
ID:133	similar_to	ID:938
ID:133	similar_to	ID:994
ID:134	similar_to	ID:66
ID:134	similar_to	ID:134
ID:134	similar_to	ID:151
ID:134	similar_to	ID:468
ID:134	similar_to	ID:692
ID:134	similar_to	ID:769
ID:134	similar_to	ID:772
ID:134	similar_to	ID:800
ID:134	similar_to	ID:862
ID:134	similar_to	ID:956
ID:135	similar_to	ID:135
ID:135	similar_to	ID:157
ID:135	similar_to	ID:168
ID:135	similar_to	ID:227
ID:135	similar_to	ID:260
ID:135	similar_to	ID:375
ID:135	similar_to	ID:578
ID:135	similar_to	ID:582
ID:135	similar_to	ID:732
ID:135	similar_to	ID:757
ID:135	similar_to	ID:824
ID:135	similar_to	ID:897
ID:135	similar_to	ID:966
ID:135	similar_to	ID:975
ID:136	similar_to	ID:74
ID:136	similar_to	ID:103
ID:136	similar_to	ID:136
ID:136	similar_to	ID:162
ID:136	similar_to	ID:187
ID:136	similar_to	ID:191
ID:136	similar_to	ID:195
ID:136	similar_to	ID:204
ID:136	similar_to	ID:335
ID:136	similar_to	ID:387
ID:136	similar_to	ID:408
ID:136	similar_to	ID:459
ID:136	similar_to	ID:510
ID:136	similar_to	ID:540
ID:136	similar_to	ID:611
ID:136	similar_to	ID:630
ID:137	similar_to	ID:14
ID:137	similar_to	ID:19
ID:137	similar_to	ID:52
ID:137	similar_to	ID:89
ID:137	similar_to	ID:133
ID:137	similar_to	ID:137
ID:137	similar_to	ID:139
ID:137	similar_to	ID:143
ID:137	similar_to	ID:174
ID:137	similar_to	ID:176
ID:137	similar_to	ID:237
ID:137	similar_to	ID:284
ID:137	similar_to	ID:287
ID:137	similar_to	ID:384
ID:137	similar_to	ID:531
ID:137	similar_to	ID:565
ID:137	similar_to	ID:591
ID:137	similar_to	ID:701
ID:137	similar_to	ID:759
ID:137	similar_to	ID:776
ID:137	similar_to	ID:938
ID:137	similar_to	ID:994
ID:138	similar_to	ID:131
ID:138	similar_to	ID:138
ID:138	similar_to	ID:193
ID:138	similar_to	ID:359
ID:138	similar_to	ID:477
ID:138	similar_to	ID:545
ID:138	similar_to	ID:817
ID:138	similar_to	ID:883
ID:139	similar_to	ID:14
ID:139	similar_to	ID:19
ID:139	similar_to	ID:52
ID:139	similar_to	ID:89
ID:139	similar_to	ID:133
ID:139	similar_to	ID:137
ID:139	similar_to	ID:139
ID:139	similar_to	ID:143
ID:139	similar_to	ID:174
ID:139	similar_to	ID:176
ID:139	similar_to	ID:237
ID:139	similar_to	ID:284
ID:139	similar_to	ID:287
ID:139	similar_to	ID:384
ID:139	similar_to	ID:531
ID:139	similar_to	ID:565
ID:139	similar_to	ID:591
ID:139	similar_to	ID:701
ID:139	similar_to	ID:759
ID:139	similar_to	ID:776
ID:139	similar_to	ID:938
ID:139	similar_to	ID:994
ID:140	similar_to	ID:20
ID:140	similar_to	ID:140
ID:140	similar_to	ID:179
ID:140	similar_to	ID:236
ID:140	similar_to	ID:268
ID:140	similar_to	ID:382
ID:140	similar_to	ID:427
ID:140	similar_to	ID:488
ID:140	similar_to	ID:509
ID:140	similar_to	ID:553
ID:140	similar_to	ID:579
ID:140	similar_to	ID:595
ID:140	similar_to	ID:629
ID:140	similar_to	ID:643
ID:141	similar_to	ID:8
ID:141	similar_to	ID:141
ID:141	similar_to	ID:574
ID:141	similar_to	ID:743
ID:142	similar_to	ID:142
ID:142	similar_to	ID:298
ID:142	similar_to	ID:671
ID:143	similar_to	ID:14
ID:143	similar_to	ID:19
ID:143	similar_to	ID:52
ID:143	similar_to	ID:89
ID:143	similar_to	ID:133
ID:143	similar_to	ID:137
ID:143	similar_to	ID:139
ID:143	similar_to	ID:143
ID:143	similar_to	ID:174
ID:143	similar_to	ID:176
ID:143	similar_to	ID:237
ID:143	similar_to	ID:284
ID:143	similar_to	ID:287
ID:143	similar_to	ID:384
ID:143	similar_to	ID:531
ID:143	similar_to	ID:565
ID:143	similar_to	ID:591
ID:143	similar_to	ID:701
ID:143	similar_to	ID:759
ID:143	similar_to	ID:776
ID:143	similar_to	ID:938
ID:143	similar_to	ID:994
ID:144	similar_to	ID:69
ID:144	similar_to	ID:144
ID:144	similar_to	ID:392
ID:144	similar_to	ID:394
ID:144	similar_to	ID:521
ID:144	similar_to	ID:549
ID:144	similar_to	ID:673
ID:144	similar_to	ID:915
ID:145	similar_to	ID:36
ID:145	similar_to	ID:145
ID:145	similar_to	ID:185
ID:145	similar_to	ID:208
ID:145	similar_to	ID:270
ID:145	similar_to	ID:360
ID:145	similar_to	ID:409
ID:145	similar_to	ID:464
ID:145	similar_to	ID:544
ID:145	similar_to	ID:648
ID:145	similar_to	ID:980
ID:146	similar_to	ID:35
ID:146	similar_to	ID:79
ID:146	similar_to	ID:146
ID:146	similar_to	ID:816
ID:147	similar_to	ID:57
ID:147	similar_to	ID:147
ID:147	similar_to	ID:192
ID:147	similar_to	ID:201
ID:147	similar_to	ID:276
ID:147	similar_to	ID:326
ID:147	similar_to	ID:455
ID:147	similar_to	ID:463
ID:147	similar_to	ID:507
ID:147	similar_to	ID:533
ID:147	similar_to	ID:569
ID:147	similar_to	ID:581
ID:147	similar_to	ID:639
ID:147	similar_to	ID:712
ID:147	similar_to	ID:779
ID:147	similar_to	ID:952
ID:147	similar_to	ID:989
ID:148	similar_to	ID:148
ID:148	similar_to	ID:269
ID:148	similar_to	ID:762
ID:148	similar_to	ID:998
ID:149	similar_to	ID:149
ID:149	similar_to	ID:944
ID:150	similar_to	ID:15
ID:150	similar_to	ID:83
ID:150	similar_to	ID:105
ID:150	similar_to	ID:150
ID:150	similar_to	ID:355
ID:150	similar_to	ID:584
ID:150	similar_to	ID:663
ID:150	similar_to	ID:852
ID:151	similar_to	ID:66
ID:151	similar_to	ID:134
ID:151	similar_to	ID:151
ID:151	similar_to	ID:468
ID:151	similar_to	ID:692
ID:151	similar_to	ID:769
ID:151	similar_to	ID:772
ID:151	similar_to	ID:800
ID:151	similar_to	ID:862
ID:151	similar_to	ID:956
ID:152	similar_to	ID:152
ID:152	similar_to	ID:171
ID:152	similar_to	ID:623
ID:152	similar_to	ID:734
ID:152	similar_to	ID:796
ID:153	similar_to	ID:82
ID:153	similar_to	ID:153
ID:153	similar_to	ID:320
ID:153	similar_to	ID:493
ID:153	similar_to	ID:807
ID:154	similar_to	ID:22
ID:154	similar_to	ID:55
ID:154	similar_to	ID:127
ID:154	similar_to	ID:154
ID:154	similar_to	ID:228
ID:154	similar_to	ID:264
ID:154	similar_to	ID:266
ID:154	similar_to	ID:274
ID:154	similar_to	ID:324
ID:154	similar_to	ID:363
ID:154	similar_to	ID:367
ID:154	similar_to	ID:722
ID:154	similar_to	ID:823
ID:154	similar_to	ID:858
ID:154	similar_to	ID:917
ID:155	similar_to	ID:46
ID:155	similar_to	ID:155
ID:155	similar_to	ID:416
ID:155	similar_to	ID:633
ID:155	similar_to	ID:754
ID:156	similar_to	ID:106
ID:156	similar_to	ID:156
ID:156	similar_to	ID:357
ID:156	similar_to	ID:430
ID:156	similar_to	ID:497
ID:156	similar_to	ID:518
ID:156	similar_to	ID:784
ID:156	similar_to	ID:811
ID:157	similar_to	ID:135
ID:157	similar_to	ID:157
ID:157	similar_to	ID:168
ID:157	similar_to	ID:227
ID:157	similar_to	ID:260
ID:157	similar_to	ID:375
ID:157	similar_to	ID:578
ID:157	similar_to	ID:582
ID:157	similar_to	ID:732
ID:157	similar_to	ID:757
ID:157	similar_to	ID:824
ID:157	similar_to	ID:897
ID:157	similar_to	ID:966
ID:157	similar_to	ID:975
ID:158	similar_to	ID:158
ID:158	similar_to	ID:527
ID:158	similar_to	ID:930
ID:159	similar_to	ID:44
ID:159	similar_to	ID:159
ID:159	similar_to	ID:243
ID:159	similar_to	ID:250
ID:159	similar_to	ID:263
ID:159	similar_to	ID:292
ID:159	similar_to	ID:397
ID:159	similar_to	ID:421
ID:159	similar_to	ID:682
ID:159	similar_to	ID:755
ID:159	similar_to	ID:793
ID:159	similar_to	ID:848
ID:159	similar_to	ID:857
ID:159	similar_to	ID:871
ID:159	similar_to	ID:922
ID:159	similar_to	ID:969
ID:160	similar_to	ID:11
ID:160	similar_to	ID:160
ID:160	similar_to	ID:514
ID:160	similar_to	ID:773
ID:160	similar_to	ID:947
ID:161	similar_to	ID:161
ID:161	similar_to	ID:361
ID:161	similar_to	ID:475
ID:161	similar_to	ID:512
ID:161	similar_to	ID:622
ID:161	similar_to	ID:783
ID:161	similar_to	ID:929
ID:162	similar_to	ID:74
ID:162	similar_to	ID:103
ID:162	similar_to	ID:136
ID:162	similar_to	ID:162
ID:162	similar_to	ID:187
ID:162	similar_to	ID:191
ID:162	similar_to	ID:195
ID:162	similar_to	ID:204
ID:162	similar_to	ID:335
ID:162	similar_to	ID:387
ID:162	similar_to	ID:408
ID:162	similar_to	ID:459
ID:162	similar_to	ID:510
ID:162	similar_to	ID:540
ID:162	similar_to	ID:611
ID:162	similar_to	ID:630
ID:163	similar_to	ID:9
ID:163	similar_to	ID:29
ID:163	similar_to	ID:163
ID:163	similar_to	ID:429
ID:163	similar_to	ID:653
ID:163	similar_to	ID:801
ID:164	similar_to	ID:164
ID:164	similar_to	ID:235
ID:164	similar_to	ID:617
ID:164	similar_to	ID:869
ID:164	similar_to	ID:874
ID:165	similar_to	ID:7
ID:165	similar_to	ID:117
ID:165	similar_to	ID:165
ID:165	similar_to	ID:222
ID:165	similar_to	ID:369
ID:165	similar_to	ID:709
ID:166	similar_to	ID:17
ID:166	similar_to	ID:166
ID:166	similar_to	ID:730
ID:166	similar_to	ID:790
ID:167	similar_to	ID:167
ID:167	similar_to	ID:350
ID:167	similar_to	ID:748
ID:167	similar_to	ID:775
ID:168	similar_to	ID:135
ID:168	similar_to	ID:157
ID:168	similar_to	ID:168
ID:168	similar_to	ID:227
ID:168	similar_to	ID:260
ID:168	similar_to	ID:375
ID:168	similar_to	ID:578
ID:168	similar_to	ID:582
ID:168	similar_to	ID:732
ID:168	similar_to	ID:757
ID:168	similar_to	ID:824
ID:168	similar_to	ID:897
ID:168	similar_to	ID:966
ID:168	similar_to	ID:975
ID:169	similar_to	ID:169
ID:169	similar_to	ID:181
ID:169	similar_to	ID:194
ID:169	similar_to	ID:736
ID:169	similar_to	ID:873
ID:169	similar_to	ID:941
ID:170	similar_to	ID:170
ID:170	similar_to	ID:215
ID:170	similar_to	ID:323
ID:170	similar_to	ID:352
ID:170	similar_to	ID:508
ID:170	similar_to	ID:529
ID:170	similar_to	ID:541
ID:170	similar_to	ID:559
ID:170	similar_to	ID:850
ID:171	similar_to	ID:152
ID:171	similar_to	ID:171
ID:171	similar_to	ID:623
ID:171	similar_to	ID:734
ID:171	similar_to	ID:796
ID:172	similar_to	ID:172
ID:172	similar_to	ID:530
ID:172	similar_to	ID:847
ID:172	similar_to	ID:881
ID:173	similar_to	ID:173
ID:173	similar_to	ID:314
ID:173	similar_to	ID:344
ID:173	similar_to	ID:513
ID:173	similar_to	ID:570
ID:174	similar_to	ID:14
ID:174	similar_to	ID:19
ID:174	similar_to	ID:52
ID:174	similar_to	ID:89
ID:174	similar_to	ID:133
ID:174	similar_to	ID:137
ID:174	similar_to	ID:139
ID:174	similar_to	ID:143
ID:174	similar_to	ID:174
ID:174	similar_to	ID:176
ID:174	similar_to	ID:237
ID:174	similar_to	ID:284
ID:174	similar_to	ID:287
ID:174	similar_to	ID:384
ID:174	similar_to	ID:531
ID:174	similar_to	ID:565
ID:174	similar_to	ID:591
ID:174	similar_to	ID:701
ID:174	similar_to	ID:759
ID:174	similar_to	ID:776
ID:174	similar_to	ID:938
ID:174	similar_to	ID:994
ID:175	similar_to	ID:87
ID:175	similar_to	ID:112
ID:175	similar_to	ID:175
ID:175	similar_to	ID:539
ID:175	similar_to	ID:546
ID:175	similar_to	ID:587
ID:175	similar_to	ID:758
ID:175	similar_to	ID:761
ID:175	similar_to	ID:795
ID:175	similar_to	ID:971
ID:176	similar_to	ID:14
ID:176	similar_to	ID:19
ID:176	similar_to	ID:52
ID:176	similar_to	ID:89
ID:176	similar_to	ID:133
ID:176	similar_to	ID:137
ID:176	similar_to	ID:139
ID:176	similar_to	ID:143
ID:176	similar_to	ID:174
ID:176	similar_to	ID:176
ID:176	similar_to	ID:237
ID:176	similar_to	ID:284
ID:176	similar_to	ID:287
ID:176	similar_to	ID:384
ID:176	similar_to	ID:531
ID:176	similar_to	ID:565
ID:176	similar_to	ID:591
ID:176	similar_to	ID:701
ID:176	similar_to	ID:759
ID:176	similar_to	ID:776
ID:176	similar_to	ID:938
ID:176	similar_to	ID:994
ID:177	similar_to	ID:177
ID:177	similar_to	ID:567
ID:177	similar_to	ID:708
ID:177	similar_to	ID:737
ID:177	similar_to	ID:981
ID:178	similar_to	ID:104
ID:178	similar_to	ID:178
ID:178	similar_to	ID:197
ID:178	similar_to	ID:209
ID:178	similar_to	ID:342
ID:178	similar_to	ID:499
ID:178	similar_to	ID:664
ID:178	similar_to	ID:720
ID:179	similar_to	ID:20
ID:179	similar_to	ID:140
ID:179	similar_to	ID:179
ID:179	similar_to	ID:236
ID:179	similar_to	ID:268
ID:179	similar_to	ID:382
ID:179	similar_to	ID:427
ID:179	similar_to	ID:488
ID:179	similar_to	ID:509
ID:179	similar_to	ID:553
ID:179	similar_to	ID:579
ID:179	similar_to	ID:595
ID:179	similar_to	ID:629
ID:179	similar_to	ID:643
ID:180	similar_to	ID:1
ID:180	similar_to	ID:25
ID:180	similar_to	ID:94
ID:180	similar_to	ID:113
ID:180	similar_to	ID:180
ID:180	similar_to	ID:217
ID:180	similar_to	ID:240
ID:180	similar_to	ID:365
ID:180	similar_to	ID:373
ID:180	similar_to	ID:404
ID:180	similar_to	ID:426
ID:180	similar_to	ID:462
ID:180	similar_to	ID:465
ID:180	similar_to	ID:480
ID:180	similar_to	ID:562
ID:180	similar_to	ID:654
ID:180	similar_to	ID:745
ID:180	similar_to	ID:781
ID:180	similar_to	ID:803
ID:180	similar_to	ID:806
ID:180	similar_to	ID:832
ID:180	similar_to	ID:844
ID:180	similar_to	ID:868
ID:180	similar_to	ID:878
ID:180	similar_to	ID:920
ID:180	similar_to	ID:984
ID:181	similar_to	ID:169
ID:181	similar_to	ID:181
ID:181	similar_to	ID:194
ID:181	similar_to	ID:736
ID:181	similar_to	ID:873
ID:181	similar_to	ID:941
ID:182	similar_to	ID:182
ID:182	similar_to	ID:669
ID:182	similar_to	ID:813
ID:182	similar_to	ID:907
ID:183	similar_to	ID:54
ID:183	similar_to	ID:183
ID:183	similar_to	ID:277
ID:183	similar_to	ID:469
ID:183	similar_to	ID:503
ID:183	similar_to	ID:535
ID:183	similar_to	ID:552
ID:183	similar_to	ID:635
ID:183	similar_to	ID:763
ID:183	similar_to	ID:792
ID:183	similar_to	ID:928
ID:184	similar_to	ID:184
ID:184	similar_to	ID:188
ID:184	similar_to	ID:290
ID:184	similar_to	ID:644
ID:184	similar_to	ID:665
ID:184	similar_to	ID:819
ID:184	similar_to	ID:983
ID:185	similar_to	ID:36
ID:185	similar_to	ID:145
ID:185	similar_to	ID:185
ID:185	similar_to	ID:208
ID:185	similar_to	ID:270
ID:185	similar_to	ID:360
ID:185	similar_to	ID:409
ID:185	similar_to	ID:464
ID:185	similar_to	ID:544
ID:185	similar_to	ID:648
ID:185	similar_to	ID:980
ID:186	similar_to	ID:32
ID:186	similar_to	ID:65
ID:186	similar_to	ID:68
ID:186	similar_to	ID:186
ID:186	similar_to	ID:202
ID:186	similar_to	ID:422
ID:186	similar_to	ID:441
ID:186	similar_to	ID:452
ID:186	similar_to	ID:583
ID:186	similar_to	ID:725
ID:186	similar_to	ID:764
ID:186	similar_to	ID:785
ID:186	similar_to	ID:818
ID:186	similar_to	ID:820
ID:186	similar_to	ID:875
ID:186	similar_to	ID:890
ID:186	similar_to	ID:894
ID:186	similar_to	ID:925
ID:187	similar_to	ID:74
ID:187	similar_to	ID:103
ID:187	similar_to	ID:136
ID:187	similar_to	ID:162
ID:187	similar_to	ID:187
ID:187	similar_to	ID:191
ID:187	similar_to	ID:195
ID:187	similar_to	ID:204
ID:187	similar_to	ID:335
ID:187	similar_to	ID:387
ID:187	similar_to	ID:408
ID:187	similar_to	ID:459
ID:187	similar_to	ID:510
ID:187	similar_to	ID:540
ID:187	similar_to	ID:611
ID:187	similar_to	ID:630
ID:188	similar_to	ID:184
ID:188	similar_to	ID:188
ID:188	similar_to	ID:290
ID:188	similar_to	ID:644
ID:188	similar_to	ID:665
ID:188	similar_to	ID:819
ID:188	similar_to	ID:983
ID:189	similar_to	ID:189
ID:189	similar_to	ID:196
ID:189	similar_to	ID:220
ID:189	similar_to	ID:661
ID:189	similar_to	ID:979
ID:190	similar_to	ID:24
ID:190	similar_to	ID:120
ID:190	similar_to	ID:190
ID:190	similar_to	ID:275
ID:190	similar_to	ID:280
ID:190	similar_to	ID:560
ID:190	similar_to	ID:778
ID:190	similar_to	ID:955
ID:191	similar_to	ID:74
ID:191	similar_to	ID:103
ID:191	similar_to	ID:136
ID:191	similar_to	ID:162
ID:191	similar_to	ID:187
ID:191	similar_to	ID:191
ID:191	similar_to	ID:195
ID:191	similar_to	ID:204
ID:191	similar_to	ID:335
ID:191	similar_to	ID:387
ID:191	similar_to	ID:408
ID:191	similar_to	ID:459
ID:191	similar_to	ID:510
ID:191	similar_to	ID:540
ID:191	similar_to	ID:611
ID:191	similar_to	ID:630
ID:192	similar_to	ID:57
ID:192	similar_to	ID:147
ID:192	similar_to	ID:192
ID:192	similar_to	ID:201
ID:192	similar_to	ID:276
ID:192	similar_to	ID:326
ID:192	similar_to	ID:455
ID:192	similar_to	ID:463
ID:192	similar_to	ID:507
ID:192	similar_to	ID:533
ID:192	similar_to	ID:569
ID:192	similar_to	ID:581
ID:192	similar_to	ID:639
ID:192	similar_to	ID:712
ID:192	similar_to	ID:779
ID:192	similar_to	ID:952
ID:192	similar_to	ID:989
ID:193	similar_to	ID:131
ID:193	similar_to	ID:138
ID:193	similar_to	ID:193
ID:193	similar_to	ID:359
ID:193	similar_to	ID:477
ID:193	similar_to	ID:545
ID:193	similar_to	ID:817
ID:193	similar_to	ID:883
ID:194	similar_to	ID:169
ID:194	similar_to	ID:181
ID:194	similar_to	ID:194
ID:194	similar_to	ID:736
ID:194	similar_to	ID:873
ID:194	similar_to	ID:941
ID:195	similar_to	ID:74
ID:195	similar_to	ID:103
ID:195	similar_to	ID:136
ID:195	similar_to	ID:162
ID:195	similar_to	ID:187
ID:195	similar_to	ID:191
ID:195	similar_to	ID:195
ID:195	similar_to	ID:204
ID:195	similar_to	ID:335
ID:195	similar_to	ID:387
ID:195	similar_to	ID:408
ID:195	similar_to	ID:459
ID:195	similar_to	ID:510
ID:195	similar_to	ID:540
ID:195	similar_to	ID:611
ID:195	similar_to	ID:630
ID:196	similar_to	ID:189
ID:196	similar_to	ID:196
ID:196	similar_to	ID:220
ID:196	similar_to	ID:661
ID:196	similar_to	ID:979
ID:197	similar_to	ID:104
ID:197	similar_to	ID:178
ID:197	similar_to	ID:197
ID:197	similar_to	ID:209
ID:197	similar_to	ID:342
ID:197	similar_to	ID:499
ID:197	similar_to	ID:664
ID:197	similar_to	ID:720
ID:198	similar_to	ID:63
ID:198	similar_to	ID:198
ID:198	similar_to	ID:279
ID:198	similar_to	ID:354
ID:198	similar_to	ID:749
ID:198	similar_to	ID:750
ID:198	similar_to	ID:849
ID:198	similar_to	ID:909
ID:199	similar_to	ID:129
ID:199	similar_to	ID:199
ID:199	similar_to	ID:395
ID:199	similar_to	ID:609
ID:199	similar_to	ID:658
ID:199	similar_to	ID:705
ID:199	similar_to	ID:948
ID:200	similar_to	ID:200
ID:200	similar_to	ID:887
ID:200	similar_to	ID:895
ID:200	similar_to	ID:935
ID:201	similar_to	ID:57
ID:201	similar_to	ID:147
ID:201	similar_to	ID:192
ID:201	similar_to	ID:201
ID:201	similar_to	ID:276
ID:201	similar_to	ID:326
ID:201	similar_to	ID:455
ID:201	similar_to	ID:463
ID:201	similar_to	ID:507
ID:201	similar_to	ID:533
ID:201	similar_to	ID:569
ID:201	similar_to	ID:581
ID:201	similar_to	ID:639
ID:201	similar_to	ID:712
ID:201	similar_to	ID:779
ID:201	similar_to	ID:952
ID:201	similar_to	ID:989
ID:202	similar_to	ID:32
ID:202	similar_to	ID:65
ID:202	similar_to	ID:68
ID:202	similar_to	ID:186
ID:202	similar_to	ID:202
ID:202	similar_to	ID:422
ID:202	similar_to	ID:441
ID:202	similar_to	ID:452
ID:202	similar_to	ID:583
ID:202	similar_to	ID:725
ID:202	similar_to	ID:764
ID:202	similar_to	ID:785
ID:202	similar_to	ID:818
ID:202	similar_to	ID:820
ID:202	similar_to	ID:875
ID:202	similar_to	ID:890
ID:202	similar_to	ID:894
ID:202	similar_to	ID:925
ID:203	similar_to	ID:37
ID:203	similar_to	ID:203
ID:203	similar_to	ID:974
ID:204	similar_to	ID:74
ID:204	similar_to	ID:103
ID:204	similar_to	ID:136
ID:204	similar_to	ID:162
ID:204	similar_to	ID:187
ID:204	similar_to	ID:191
ID:204	similar_to	ID:195
ID:204	similar_to	ID:204
ID:204	similar_to	ID:335
ID:204	similar_to	ID:387
ID:204	similar_to	ID:408
ID:204	similar_to	ID:459
ID:204	similar_to	ID:510
ID:204	similar_to	ID:540
ID:204	similar_to	ID:611
ID:204	similar_to	ID:630
ID:205	similar_to	ID:49
ID:205	similar_to	ID:110
ID:205	similar_to	ID:205
ID:205	similar_to	ID:242
ID:205	similar_to	ID:306
ID:205	similar_to	ID:400
ID:205	similar_to	ID:423
ID:205	similar_to	ID:627
ID:205	similar_to	ID:706
ID:205	similar_to	ID:815
ID:205	similar_to	ID:967
ID:206	similar_to	ID:100
ID:206	similar_to	ID:206
ID:206	similar_to	ID:566
ID:206	similar_to	ID:597
ID:206	similar_to	ID:993
ID:207	similar_to	ID:207
ID:207	similar_to	ID:472
ID:207	similar_to	ID:919
ID:208	similar_to	ID:36
ID:208	similar_to	ID:145
ID:208	similar_to	ID:185
ID:208	similar_to	ID:208
ID:208	similar_to	ID:270
ID:208	similar_to	ID:360
ID:208	similar_to	ID:409
ID:208	similar_to	ID:464
ID:208	similar_to	ID:544
ID:208	similar_to	ID:648
ID:208	similar_to	ID:980
ID:209	similar_to	ID:104
ID:209	similar_to	ID:178
ID:209	similar_to	ID:197
ID:209	similar_to	ID:209
ID:209	similar_to	ID:342
ID:209	similar_to	ID:499
ID:209	similar_to	ID:664
ID:209	similar_to	ID:720
ID:210	similar_to	ID:107
ID:210	similar_to	ID:210
ID:210	similar_to	ID:362
ID:210	similar_to	ID:655
ID:211	similar_to	ID:47
ID:211	similar_to	ID:211
ID:211	similar_to	ID:233
ID:211	similar_to	ID:666
ID:211	similar_to	ID:727
ID:212	similar_to	ID:212
ID:212	similar_to	ID:328
ID:213	similar_to	ID:73
ID:213	similar_to	ID:128
ID:213	similar_to	ID:213
ID:213	similar_to	ID:262
ID:213	similar_to	ID:388
ID:213	similar_to	ID:573
ID:213	similar_to	ID:753
ID:213	similar_to	ID:851
ID:213	similar_to	ID:891
ID:214	similar_to	ID:42
ID:214	similar_to	ID:50
ID:214	similar_to	ID:214
ID:214	similar_to	ID:305
ID:214	similar_to	ID:445
ID:214	similar_to	ID:501
ID:214	similar_to	ID:943
ID:215	similar_to	ID:170
ID:215	similar_to	ID:215
ID:215	similar_to	ID:323
ID:215	similar_to	ID:352
ID:215	similar_to	ID:508
ID:215	similar_to	ID:529
ID:215	similar_to	ID:541
ID:215	similar_to	ID:559
ID:215	similar_to	ID:850
ID:216	similar_to	ID:0
ID:216	similar_to	ID:77
ID:216	similar_to	ID:124
ID:216	similar_to	ID:216
ID:216	similar_to	ID:252
ID:216	similar_to	ID:542
ID:216	similar_to	ID:551
ID:216	similar_to	ID:788
ID:217	similar_to	ID:1
ID:217	similar_to	ID:25
ID:217	similar_to	ID:94
ID:217	similar_to	ID:113
ID:217	similar_to	ID:180
ID:217	similar_to	ID:217
ID:217	similar_to	ID:240
ID:217	similar_to	ID:365
ID:217	similar_to	ID:373
ID:217	similar_to	ID:404
ID:217	similar_to	ID:426
ID:217	similar_to	ID:462
ID:217	similar_to	ID:465
ID:217	similar_to	ID:480
ID:217	similar_to	ID:562
ID:217	similar_to	ID:654
ID:217	similar_to	ID:745
ID:217	similar_to	ID:781
ID:217	similar_to	ID:803
ID:217	similar_to	ID:806
ID:217	similar_to	ID:832
ID:217	similar_to	ID:844
ID:217	similar_to	ID:868
ID:217	similar_to	ID:878
ID:217	similar_to	ID:920
ID:217	similar_to	ID:984
ID:218	similar_to	ID:218
ID:218	similar_to	ID:599
ID:218	similar_to	ID:739
ID:218	similar_to	ID:834
ID:218	similar_to	ID:940
ID:219	similar_to	ID:51
ID:219	similar_to	ID:108
ID:219	similar_to	ID:219
ID:219	similar_to	ID:379
ID:219	similar_to	ID:516
ID:219	similar_to	ID:645
ID:219	similar_to	ID:670
ID:219	similar_to	ID:707
ID:219	similar_to	ID:804
ID:219	similar_to	ID:814
ID:219	similar_to	ID:843
ID:219	similar_to	ID:977
ID:220	similar_to	ID:189
ID:220	similar_to	ID:196
ID:220	similar_to	ID:220
ID:220	similar_to	ID:661
ID:220	similar_to	ID:979
ID:221	similar_to	ID:23
ID:221	similar_to	ID:221
ID:221	similar_to	ID:229
ID:221	similar_to	ID:386
ID:221	similar_to	ID:412
ID:221	similar_to	ID:620
ID:221	similar_to	ID:649
ID:221	similar_to	ID:651
ID:221	similar_to	ID:674
ID:221	similar_to	ID:675
ID:221	similar_to	ID:960
ID:221	similar_to	ID:995
ID:222	similar_to	ID:7
ID:222	similar_to	ID:117
ID:222	similar_to	ID:165
ID:222	similar_to	ID:222
ID:222	similar_to	ID:369
ID:222	similar_to	ID:709
ID:223	similar_to	ID:223
ID:223	similar_to	ID:265
ID:223	similar_to	ID:950
ID:224	similar_to	ID:80
ID:224	similar_to	ID:95
ID:224	similar_to	ID:132
ID:224	similar_to	ID:224
ID:224	similar_to	ID:619
ID:224	similar_to	ID:789
ID:225	similar_to	ID:225
ID:225	similar_to	ID:331
ID:225	similar_to	ID:332
ID:225	similar_to	ID:432
ID:225	similar_to	ID:457
ID:225	similar_to	ID:958
ID:226	similar_to	ID:13
ID:226	similar_to	ID:33
ID:226	similar_to	ID:98
ID:226	similar_to	ID:226
ID:226	similar_to	ID:283
ID:226	similar_to	ID:295
ID:226	similar_to	ID:782
ID:226	similar_to	ID:884
ID:226	similar_to	ID:985
ID:227	similar_to	ID:135
ID:227	similar_to	ID:157
ID:227	similar_to	ID:168
ID:227	similar_to	ID:227
ID:227	similar_to	ID:260
ID:227	similar_to	ID:375
ID:227	similar_to	ID:578
ID:227	similar_to	ID:582
ID:227	similar_to	ID:732
ID:227	similar_to	ID:757
ID:227	similar_to	ID:824
ID:227	similar_to	ID:897
ID:227	similar_to	ID:966
ID:227	similar_to	ID:975
ID:228	similar_to	ID:22
ID:228	similar_to	ID:55
ID:228	similar_to	ID:127
ID:228	similar_to	ID:154
ID:228	similar_to	ID:228
ID:228	similar_to	ID:264
ID:228	similar_to	ID:266
ID:228	similar_to	ID:274
ID:228	similar_to	ID:324
ID:228	similar_to	ID:363
ID:228	similar_to	ID:367
ID:228	similar_to	ID:722
ID:228	similar_to	ID:823
ID:228	similar_to	ID:858
ID:228	similar_to	ID:917
ID:229	similar_to	ID:23
ID:229	similar_to	ID:221
ID:229	similar_to	ID:229
ID:229	similar_to	ID:386
ID:229	similar_to	ID:412
ID:229	similar_to	ID:620
ID:229	similar_to	ID:649
ID:229	similar_to	ID:651
ID:229	similar_to	ID:674
ID:229	similar_to	ID:675
ID:229	similar_to	ID:960
ID:229	similar_to	ID:995
ID:230	similar_to	ID:230
ID:230	similar_to	ID:403
ID:230	similar_to	ID:646
ID:231	similar_to	ID:231
ID:231	similar_to	ID:304
ID:231	similar_to	ID:309
ID:231	similar_to	ID:443
ID:231	similar_to	ID:460
ID:231	similar_to	ID:550
ID:231	similar_to	ID:854
ID:232	similar_to	ID:12
ID:232	similar_to	ID:232
ID:232	similar_to	ID:377
ID:232	similar_to	ID:605
ID:232	similar_to	ID:616
ID:232	similar_to	ID:987
ID:233	similar_to	ID:47
ID:233	similar_to	ID:211
ID:233	similar_to	ID:233
ID:233	similar_to	ID:666
ID:233	similar_to	ID:727
ID:234	similar_to	ID:114
ID:234	similar_to	ID:234
ID:234	similar_to	ID:431
ID:234	similar_to	ID:556
ID:234	similar_to	ID:585
ID:234	similar_to	ID:610
ID:234	similar_to	ID:825
ID:234	similar_to	ID:893
ID:234	similar_to	ID:978
ID:235	similar_to	ID:164
ID:235	similar_to	ID:235
ID:235	similar_to	ID:617
ID:235	similar_to	ID:869
ID:235	similar_to	ID:874
ID:236	similar_to	ID:20
ID:236	similar_to	ID:140
ID:236	similar_to	ID:179
ID:236	similar_to	ID:236
ID:236	similar_to	ID:268
ID:236	similar_to	ID:382
ID:236	similar_to	ID:427
ID:236	similar_to	ID:488
ID:236	similar_to	ID:509
ID:236	similar_to	ID:553
ID:236	similar_to	ID:579
ID:236	similar_to	ID:595
ID:236	similar_to	ID:629
ID:236	similar_to	ID:643
ID:237	similar_to	ID:14
ID:237	similar_to	ID:19
ID:237	similar_to	ID:52
ID:237	similar_to	ID:89
ID:237	similar_to	ID:133
ID:237	similar_to	ID:137
ID:237	similar_to	ID:139
ID:237	similar_to	ID:143
ID:237	similar_to	ID:174
ID:237	similar_to	ID:176
ID:237	similar_to	ID:237
ID:237	similar_to	ID:284
ID:237	similar_to	ID:287
ID:237	similar_to	ID:384
ID:237	similar_to	ID:531
ID:237	similar_to	ID:565
ID:237	similar_to	ID:591
ID:237	similar_to	ID:701
ID:237	similar_to	ID:759
ID:237	similar_to	ID:776
ID:237	similar_to	ID:938
ID:237	similar_to	ID:994
ID:238	similar_to	ID:238
ID:238	similar_to	ID:239
ID:238	similar_to	ID:244
ID:238	similar_to	ID:255
ID:238	similar_to	ID:311
ID:238	similar_to	ID:436
ID:238	similar_to	ID:520
ID:238	similar_to	ID:548
ID:238	similar_to	ID:689
ID:238	similar_to	ID:840
ID:239	similar_to	ID:238
ID:239	similar_to	ID:239
ID:239	similar_to	ID:244
ID:239	similar_to	ID:255
ID:239	similar_to	ID:311
ID:239	similar_to	ID:436
ID:239	similar_to	ID:520
ID:239	similar_to	ID:548
ID:239	similar_to	ID:689
ID:239	similar_to	ID:840
ID:240	similar_to	ID:1
ID:240	similar_to	ID:25
ID:240	similar_to	ID:94
ID:240	similar_to	ID:113
ID:240	similar_to	ID:180
ID:240	similar_to	ID:217
ID:240	similar_to	ID:240
ID:240	similar_to	ID:365
ID:240	similar_to	ID:373
ID:240	similar_to	ID:404
ID:240	similar_to	ID:426
ID:240	similar_to	ID:462
ID:240	similar_to	ID:465
ID:240	similar_to	ID:480
ID:240	similar_to	ID:562
ID:240	similar_to	ID:654
ID:240	similar_to	ID:745
ID:240	similar_to	ID:781
ID:240	similar_to	ID:803
ID:240	similar_to	ID:806
ID:240	similar_to	ID:832
ID:240	similar_to	ID:844
ID:240	similar_to	ID:868
ID:240	similar_to	ID:878
ID:240	similar_to	ID:920
ID:240	similar_to	ID:984
ID:241	similar_to	ID:241
ID:241	similar_to	ID:334
ID:241	similar_to	ID:603
ID:241	similar_to	ID:780
ID:242	similar_to	ID:49
ID:242	similar_to	ID:110
ID:242	similar_to	ID:205
ID:242	similar_to	ID:242
ID:242	similar_to	ID:306
ID:242	similar_to	ID:400
ID:242	similar_to	ID:423
ID:242	similar_to	ID:627
ID:242	similar_to	ID:706
ID:242	similar_to	ID:815
ID:242	similar_to	ID:967
ID:243	similar_to	ID:44
ID:243	similar_to	ID:159
ID:243	similar_to	ID:243
ID:243	similar_to	ID:250
ID:243	similar_to	ID:263
ID:243	similar_to	ID:292
ID:243	similar_to	ID:397
ID:243	similar_to	ID:421
ID:243	similar_to	ID:682
ID:243	similar_to	ID:755
ID:243	similar_to	ID:793
ID:243	similar_to	ID:848
ID:243	similar_to	ID:857
ID:243	similar_to	ID:871
ID:243	similar_to	ID:922
ID:243	similar_to	ID:969
ID:244	similar_to	ID:238
ID:244	similar_to	ID:239
ID:244	similar_to	ID:244
ID:244	similar_to	ID:255
ID:244	similar_to	ID:311
ID:244	similar_to	ID:436
ID:244	similar_to	ID:520
ID:244	similar_to	ID:548
ID:244	similar_to	ID:689
ID:244	similar_to	ID:840
ID:245	similar_to	ID:245
ID:245	similar_to	ID:258
ID:245	similar_to	ID:313
ID:245	similar_to	ID:482
ID:245	similar_to	ID:657
ID:245	similar_to	ID:760
ID:245	similar_to	ID:926
ID:245	similar_to	ID:996
ID:246	similar_to	ID:246
ID:246	similar_to	ID:333
ID:246	similar_to	ID:376
ID:246	similar_to	ID:402
ID:246	similar_to	ID:532
ID:246	similar_to	ID:547
ID:247	similar_to	ID:71
ID:247	similar_to	ID:247
ID:247	similar_to	ID:286
ID:247	similar_to	ID:640
ID:247	similar_to	ID:680
ID:247	similar_to	ID:856
ID:248	similar_to	ID:248
ID:248	similar_to	ID:261
ID:248	similar_to	ID:374
ID:248	similar_to	ID:381
ID:248	similar_to	ID:572
ID:248	similar_to	ID:685
ID:248	similar_to	ID:741
ID:248	similar_to	ID:771
ID:248	similar_to	ID:838
ID:248	similar_to	ID:855
ID:249	similar_to	ID:84
ID:249	similar_to	ID:249
ID:249	similar_to	ID:338
ID:249	similar_to	ID:511
ID:249	similar_to	ID:799
ID:249	similar_to	ID:923
ID:249	similar_to	ID:933
ID:250	similar_to	ID:44
ID:250	similar_to	ID:159
ID:250	similar_to	ID:243
ID:250	similar_to	ID:250
ID:250	similar_to	ID:263
ID:250	similar_to	ID:292
ID:250	similar_to	ID:397
ID:250	similar_to	ID:421
ID:250	similar_to	ID:682
ID:250	similar_to	ID:755
ID:250	similar_to	ID:793
ID:250	similar_to	ID:848
ID:250	similar_to	ID:857
ID:250	similar_to	ID:871
ID:250	similar_to	ID:922
ID:250	similar_to	ID:969
ID:251	similar_to	ID:126
ID:251	similar_to	ID:251
ID:251	similar_to	ID:294
ID:251	similar_to	ID:481
ID:251	similar_to	ID:601
ID:251	similar_to	ID:830
ID:251	similar_to	ID:879
ID:252	similar_to	ID:0
ID:252	similar_to	ID:77
ID:252	similar_to	ID:124
ID:252	similar_to	ID:216
ID:252	similar_to	ID:252
ID:252	similar_to	ID:542
ID:252	similar_to	ID:551
ID:252	similar_to	ID:788
ID:253	similar_to	ID:16
ID:253	similar_to	ID:253
ID:253	similar_to	ID:310
ID:253	similar_to	ID:380
ID:253	similar_to	ID:390
ID:253	similar_to	ID:563
ID:253	similar_to	ID:586
ID:253	similar_to	ID:724
ID:253	similar_to	ID:742
ID:253	similar_to	ID:867
ID:253	similar_to	ID:902
ID:253	similar_to	ID:963
ID:253	similar_to	ID:970
ID:254	similar_to	ID:10
ID:254	similar_to	ID:81
ID:254	similar_to	ID:109
ID:254	similar_to	ID:254
ID:254	similar_to	ID:321
ID:254	similar_to	ID:398
ID:254	similar_to	ID:437
ID:254	similar_to	ID:454
ID:254	similar_to	ID:485
ID:254	similar_to	ID:568
ID:254	similar_to	ID:580
ID:254	similar_to	ID:721
ID:254	similar_to	ID:986
ID:255	similar_to	ID:238
ID:255	similar_to	ID:239
ID:255	similar_to	ID:244
ID:255	similar_to	ID:255
ID:255	similar_to	ID:311
ID:255	similar_to	ID:436
ID:255	similar_to	ID:520
ID:255	similar_to	ID:548
ID:255	similar_to	ID:689
ID:255	similar_to	ID:840
ID:256	similar_to	ID:60
ID:256	similar_to	ID:256
ID:256	similar_to	ID:296
ID:256	similar_to	ID:486
ID:256	similar_to	ID:487
ID:256	similar_to	ID:693
ID:256	similar_to	ID:892
ID:256	similar_to	ID:921
ID:257	similar_to	ID:31
ID:257	similar_to	ID:257
ID:257	similar_to	ID:327
ID:257	similar_to	ID:346
ID:257	similar_to	ID:453
ID:257	similar_to	ID:625
ID:257	similar_to	ID:691
ID:257	similar_to	ID:860
ID:257	similar_to	ID:877
ID:257	similar_to	ID:900
ID:257	similar_to	ID:954
ID:258	similar_to	ID:245
ID:258	similar_to	ID:258
ID:258	similar_to	ID:313
ID:258	similar_to	ID:482
ID:258	similar_to	ID:657
ID:258	similar_to	ID:760
ID:258	similar_to	ID:926
ID:258	similar_to	ID:996
ID:259	similar_to	ID:115
ID:259	similar_to	ID:259
ID:259	similar_to	ID:330
ID:259	similar_to	ID:592
ID:259	similar_to	ID:718
ID:260	similar_to	ID:135
ID:260	similar_to	ID:157
ID:260	similar_to	ID:168
ID:260	similar_to	ID:227
ID:260	similar_to	ID:260
ID:260	similar_to	ID:375
ID:260	similar_to	ID:578
ID:260	similar_to	ID:582
ID:260	similar_to	ID:732
ID:260	similar_to	ID:757
ID:260	similar_to	ID:824
ID:260	similar_to	ID:897
ID:260	similar_to	ID:966
ID:260	similar_to	ID:975
ID:261	similar_to	ID:248
ID:261	similar_to	ID:261
ID:261	similar_to	ID:374
ID:261	similar_to	ID:381
ID:261	similar_to	ID:572
ID:261	similar_to	ID:685
ID:261	similar_to	ID:741
ID:261	similar_to	ID:771
ID:261	similar_to	ID:838
ID:261	similar_to	ID:855
ID:262	similar_to	ID:73
ID:262	similar_to	ID:128
ID:262	similar_to	ID:213
ID:262	similar_to	ID:262
ID:262	similar_to	ID:388
ID:262	similar_to	ID:573
ID:262	similar_to	ID:753
ID:262	similar_to	ID:851
ID:262	similar_to	ID:891
ID:263	similar_to	ID:44
ID:263	similar_to	ID:159
ID:263	similar_to	ID:243
ID:263	similar_to	ID:250
ID:263	similar_to	ID:263
ID:263	similar_to	ID:292
ID:263	similar_to	ID:397
ID:263	similar_to	ID:421
ID:263	similar_to	ID:682
ID:263	similar_to	ID:755
ID:263	similar_to	ID:793
ID:263	similar_to	ID:848
ID:263	similar_to	ID:857
ID:263	similar_to	ID:871
ID:263	similar_to	ID:922
ID:263	similar_to	ID:969
ID:264	similar_to	ID:22
ID:264	similar_to	ID:55
ID:264	similar_to	ID:127
ID:264	similar_to	ID:154
ID:264	similar_to	ID:228
ID:264	similar_to	ID:264
ID:264	similar_to	ID:266
ID:264	similar_to	ID:274
ID:264	similar_to	ID:324
ID:264	similar_to	ID:363
ID:264	similar_to	ID:367
ID:264	similar_to	ID:722
ID:264	similar_to	ID:823
ID:264	similar_to	ID:858
ID:264	similar_to	ID:917
ID:265	similar_to	ID:223
ID:265	similar_to	ID:265
ID:265	similar_to	ID:950
ID:266	similar_to	ID:22
ID:266	similar_to	ID:55
ID:266	similar_to	ID:127
ID:266	similar_to	ID:154
ID:266	similar_to	ID:228
ID:266	similar_to	ID:264
ID:266	similar_to	ID:266
ID:266	similar_to	ID:274
ID:266	similar_to	ID:324
ID:266	similar_to	ID:363
ID:266	similar_to	ID:367
ID:266	similar_to	ID:722
ID:266	similar_to	ID:823
ID:266	similar_to	ID:858
ID:266	similar_to	ID:917
ID:267	similar_to	ID:75
ID:267	similar_to	ID:267
ID:267	similar_to	ID:903
ID:268	similar_to	ID:20
ID:268	similar_to	ID:140
ID:268	similar_to	ID:179
ID:268	similar_to	ID:236
ID:268	similar_to	ID:268
ID:268	similar_to	ID:382
ID:268	similar_to	ID:427
ID:268	similar_to	ID:488
ID:268	similar_to	ID:509
ID:268	similar_to	ID:553
ID:268	similar_to	ID:579
ID:268	similar_to	ID:595
ID:268	similar_to	ID:629
ID:268	similar_to	ID:643
ID:269	similar_to	ID:148
ID:269	similar_to	ID:269
ID:269	similar_to	ID:762
ID:269	similar_to	ID:998
ID:270	similar_to	ID:36
ID:270	similar_to	ID:145
ID:270	similar_to	ID:185
ID:270	similar_to	ID:208
ID:270	similar_to	ID:270
ID:270	similar_to	ID:360
ID:270	similar_to	ID:409
ID:270	similar_to	ID:464
ID:270	similar_to	ID:544
ID:270	similar_to	ID:648
ID:270	similar_to	ID:980
ID:271	similar_to	ID:271
ID:271	similar_to	ID:504
ID:271	similar_to	ID:613
ID:271	similar_to	ID:728
ID:272	similar_to	ID:76
ID:272	similar_to	ID:93
ID:272	similar_to	ID:272
ID:272	similar_to	ID:393
ID:272	similar_to	ID:428
ID:272	similar_to	ID:442
ID:272	similar_to	ID:519
ID:272	similar_to	ID:660
ID:272	similar_to	ID:667
ID:272	similar_to	ID:704
ID:272	similar_to	ID:864
ID:272	similar_to	ID:885
ID:272	similar_to	ID:886
ID:272	similar_to	ID:937
ID:272	similar_to	ID:957
ID:273	similar_to	ID:26
ID:273	similar_to	ID:30
ID:273	similar_to	ID:40
ID:273	similar_to	ID:273
ID:273	similar_to	ID:624
ID:273	similar_to	ID:652
ID:273	similar_to	ID:723
ID:274	similar_to	ID:22
ID:274	similar_to	ID:55
ID:274	similar_to	ID:127
ID:274	similar_to	ID:154
ID:274	similar_to	ID:228
ID:274	similar_to	ID:264
ID:274	similar_to	ID:266
ID:274	similar_to	ID:274
ID:274	similar_to	ID:324
ID:274	similar_to	ID:363
ID:274	similar_to	ID:367
ID:274	similar_to	ID:722
ID:274	similar_to	ID:823
ID:274	similar_to	ID:858
ID:274	similar_to	ID:917
ID:275	similar_to	ID:24
ID:275	similar_to	ID:120
ID:275	similar_to	ID:190
ID:275	similar_to	ID:275
ID:275	similar_to	ID:280
ID:275	similar_to	ID:560
ID:275	similar_to	ID:778
ID:275	similar_to	ID:955
ID:276	similar_to	ID:57
ID:276	similar_to	ID:147
ID:276	similar_to	ID:192
ID:276	similar_to	ID:201
ID:276	similar_to	ID:276
ID:276	similar_to	ID:326
ID:276	similar_to	ID:455
ID:276	similar_to	ID:463
ID:276	similar_to	ID:507
ID:276	similar_to	ID:533
ID:276	similar_to	ID:569
ID:276	similar_to	ID:581
ID:276	similar_to	ID:639
ID:276	similar_to	ID:712
ID:276	similar_to	ID:779
ID:276	similar_to	ID:952
ID:276	similar_to	ID:989
ID:277	similar_to	ID:54
ID:277	similar_to	ID:183
ID:277	similar_to	ID:277
ID:277	similar_to	ID:469
ID:277	similar_to	ID:503
ID:277	similar_to	ID:535
ID:277	similar_to	ID:552
ID:277	similar_to	ID:635
ID:277	similar_to	ID:763
ID:277	similar_to	ID:792
ID:277	similar_to	ID:928
ID:278	similar_to	ID:278
ID:278	similar_to	ID:414
ID:278	similar_to	ID:810
ID:278	similar_to	ID:914
ID:279	similar_to	ID:63
ID:279	similar_to	ID:198
ID:279	similar_to	ID:279
ID:279	similar_to	ID:354
ID:279	similar_to	ID:749
ID:279	similar_to	ID:750
ID:279	similar_to	ID:849
ID:279	similar_to	ID:909
ID:280	similar_to	ID:24
ID:280	similar_to	ID:120
ID:280	similar_to	ID:190
ID:280	similar_to	ID:275
ID:280	similar_to	ID:280
ID:280	similar_to	ID:560
ID:280	similar_to	ID:778
ID:280	similar_to	ID:955
ID:281	similar_to	ID:97
ID:281	similar_to	ID:111
ID:281	similar_to	ID:281
ID:281	similar_to	ID:303
ID:281	similar_to	ID:502
ID:281	similar_to	ID:668
ID:281	similar_to	ID:770
ID:281	similar_to	ID:802
ID:281	similar_to	ID:918
ID:282	similar_to	ID:282
ID:282	similar_to	ID:348
ID:282	similar_to	ID:524
ID:282	similar_to	ID:606
ID:282	similar_to	ID:700
ID:282	similar_to	ID:797
ID:282	similar_to	ID:839
ID:283	similar_to	ID:13
ID:283	similar_to	ID:33
ID:283	similar_to	ID:98
ID:283	similar_to	ID:226
ID:283	similar_to	ID:283
ID:283	similar_to	ID:295
ID:283	similar_to	ID:782
ID:283	similar_to	ID:884
ID:283	similar_to	ID:985
ID:284	similar_to	ID:14
ID:284	similar_to	ID:19
ID:284	similar_to	ID:52
ID:284	similar_to	ID:89
ID:284	similar_to	ID:133
ID:284	similar_to	ID:137
ID:284	similar_to	ID:139
ID:284	similar_to	ID:143
ID:284	similar_to	ID:174
ID:284	similar_to	ID:176
ID:284	similar_to	ID:237
ID:284	similar_to	ID:284
ID:284	similar_to	ID:287
ID:284	similar_to	ID:384
ID:284	similar_to	ID:531
ID:284	similar_to	ID:565
ID:284	similar_to	ID:591
ID:284	similar_to	ID:701
ID:284	similar_to	ID:759
ID:284	similar_to	ID:776
ID:284	similar_to	ID:938
ID:284	similar_to	ID:994
ID:285	similar_to	ID:21
ID:285	similar_to	ID:41
ID:285	similar_to	ID:285
ID:285	similar_to	ID:297
ID:285	similar_to	ID:351
ID:285	similar_to	ID:434
ID:285	similar_to	ID:461
ID:285	similar_to	ID:473
ID:285	similar_to	ID:476
ID:285	similar_to	ID:679
ID:285	similar_to	ID:853
ID:286	similar_to	ID:71
ID:286	similar_to	ID:247
ID:286	similar_to	ID:286
ID:286	similar_to	ID:640
ID:286	similar_to	ID:680
ID:286	similar_to	ID:856
ID:287	similar_to	ID:14
ID:287	similar_to	ID:19
ID:287	similar_to	ID:52
ID:287	similar_to	ID:89
ID:287	similar_to	ID:133
ID:287	similar_to	ID:137
ID:287	similar_to	ID:139
ID:287	similar_to	ID:143
ID:287	similar_to	ID:174
ID:287	similar_to	ID:176
ID:287	similar_to	ID:237
ID:287	similar_to	ID:284
ID:287	similar_to	ID:287
ID:287	similar_to	ID:384
ID:287	similar_to	ID:531
ID:287	similar_to	ID:565
ID:287	similar_to	ID:591
ID:287	similar_to	ID:701
ID:287	similar_to	ID:759
ID:287	similar_to	ID:776
ID:287	similar_to	ID:938
ID:287	similar_to	ID:994
ID:288	similar_to	ID:56
ID:288	similar_to	ID:58
ID:288	similar_to	ID:86
ID:288	similar_to	ID:288
ID:288	similar_to	ID:370
ID:288	similar_to	ID:413
ID:288	similar_to	ID:505
ID:288	similar_to	ID:702
ID:288	similar_to	ID:831
ID:288	similar_to	ID:880
ID:288	similar_to	ID:882
ID:289	similar_to	ID:123
ID:289	similar_to	ID:289
ID:289	similar_to	ID:406
ID:289	similar_to	ID:672
ID:289	similar_to	ID:798
ID:290	similar_to	ID:184
ID:290	similar_to	ID:188
ID:290	similar_to	ID:290
ID:290	similar_to	ID:644
ID:290	similar_to	ID:665
ID:290	similar_to	ID:819
ID:290	similar_to	ID:983
ID:291	similar_to	ID:5
ID:291	similar_to	ID:91
ID:291	similar_to	ID:291
ID:291	similar_to	ID:411
ID:291	similar_to	ID:904
ID:292	similar_to	ID:44
ID:292	similar_to	ID:159
ID:292	similar_to	ID:243
ID:292	similar_to	ID:250
ID:292	similar_to	ID:263
ID:292	similar_to	ID:292
ID:292	similar_to	ID:397
ID:292	similar_to	ID:421
ID:292	similar_to	ID:682
ID:292	similar_to	ID:755
ID:292	similar_to	ID:793
ID:292	similar_to	ID:848
ID:292	similar_to	ID:857
ID:292	similar_to	ID:871
ID:292	similar_to	ID:922
ID:292	similar_to	ID:969
ID:293	similar_to	ID:293
ID:293	similar_to	ID:942
ID:293	similar_to	ID:962
ID:293	similar_to	ID:992
ID:294	similar_to	ID:126
ID:294	similar_to	ID:251
ID:294	similar_to	ID:294
ID:294	similar_to	ID:481
ID:294	similar_to	ID:601
ID:294	similar_to	ID:830
ID:294	similar_to	ID:879
ID:295	similar_to	ID:13
ID:295	similar_to	ID:33
ID:295	similar_to	ID:98
ID:295	similar_to	ID:226
ID:295	similar_to	ID:283
ID:295	similar_to	ID:295
ID:295	similar_to	ID:782
ID:295	similar_to	ID:884
ID:295	similar_to	ID:985
ID:296	similar_to	ID:60
ID:296	similar_to	ID:256
ID:296	similar_to	ID:296
ID:296	similar_to	ID:486
ID:296	similar_to	ID:487
ID:296	similar_to	ID:693
ID:296	similar_to	ID:892
ID:296	similar_to	ID:921
ID:297	similar_to	ID:21
ID:297	similar_to	ID:41
ID:297	similar_to	ID:285
ID:297	similar_to	ID:297
ID:297	similar_to	ID:351
ID:297	similar_to	ID:434
ID:297	similar_to	ID:461
ID:297	similar_to	ID:473
ID:297	similar_to	ID:476
ID:297	similar_to	ID:679
ID:297	similar_to	ID:853
ID:298	similar_to	ID:142
ID:298	similar_to	ID:298
ID:298	similar_to	ID:671
ID:299	similar_to	ID:299
ID:299	similar_to	ID:577
ID:299	similar_to	ID:604
ID:300	similar_to	ID:300
ID:300	similar_to	ID:302
ID:300	similar_to	ID:307
ID:300	similar_to	ID:329
ID:300	similar_to	ID:899
ID:301	similar_to	ID:59
ID:301	similar_to	ID:301
ID:301	similar_to	ID:420
ID:301	similar_to	ID:615
ID:301	similar_to	ID:713
ID:302	similar_to	ID:300
ID:302	similar_to	ID:302
ID:302	similar_to	ID:307
ID:302	similar_to	ID:329
ID:302	similar_to	ID:899
ID:303	similar_to	ID:97
ID:303	similar_to	ID:111
ID:303	similar_to	ID:281
ID:303	similar_to	ID:303
ID:303	similar_to	ID:502
ID:303	similar_to	ID:668
ID:303	similar_to	ID:770
ID:303	similar_to	ID:802
ID:303	similar_to	ID:918
ID:304	similar_to	ID:231
ID:304	similar_to	ID:304
ID:304	similar_to	ID:309
ID:304	similar_to	ID:443
ID:304	similar_to	ID:460
ID:304	similar_to	ID:550
ID:304	similar_to	ID:854
ID:305	similar_to	ID:42
ID:305	similar_to	ID:50
ID:305	similar_to	ID:214
ID:305	similar_to	ID:305
ID:305	similar_to	ID:445
ID:305	similar_to	ID:501
ID:305	similar_to	ID:943
ID:306	similar_to	ID:49
ID:306	similar_to	ID:110
ID:306	similar_to	ID:205
ID:306	similar_to	ID:242
ID:306	similar_to	ID:306
ID:306	similar_to	ID:400
ID:306	similar_to	ID:423
ID:306	similar_to	ID:627
ID:306	similar_to	ID:706
ID:306	similar_to	ID:815
ID:306	similar_to	ID:967
ID:307	similar_to	ID:300
ID:307	similar_to	ID:302
ID:307	similar_to	ID:307
ID:307	similar_to	ID:329
ID:307	similar_to	ID:899
ID:308	similar_to	ID:45
ID:308	similar_to	ID:308
ID:308	similar_to	ID:345
ID:308	similar_to	ID:407
ID:308	similar_to	ID:471
ID:308	similar_to	ID:478
ID:308	similar_to	ID:631
ID:308	similar_to	ID:636
ID:308	similar_to	ID:703
ID:308	similar_to	ID:765
ID:308	similar_to	ID:829
ID:308	similar_to	ID:988
ID:309	similar_to	ID:231
ID:309	similar_to	ID:304
ID:309	similar_to	ID:309
ID:309	similar_to	ID:443
ID:309	similar_to	ID:460
ID:309	similar_to	ID:550
ID:309	similar_to	ID:854
ID:310	similar_to	ID:16
ID:310	similar_to	ID:253
ID:310	similar_to	ID:310
ID:310	similar_to	ID:380
ID:310	similar_to	ID:390
ID:310	similar_to	ID:563
ID:310	similar_to	ID:586
ID:310	similar_to	ID:724
ID:310	similar_to	ID:742
ID:310	similar_to	ID:867
ID:310	similar_to	ID:902
ID:310	similar_to	ID:963
ID:310	similar_to	ID:970
ID:311	similar_to	ID:238
ID:311	similar_to	ID:239
ID:311	similar_to	ID:244
ID:311	similar_to	ID:255
ID:311	similar_to	ID:311
ID:311	similar_to	ID:436
ID:311	similar_to	ID:520
ID:311	similar_to	ID:548
ID:311	similar_to	ID:689
ID:311	similar_to	ID:840
ID:312	similar_to	ID:312
ID:312	similar_to	ID:315
ID:312	similar_to	ID:449
ID:312	similar_to	ID:711
ID:312	similar_to	ID:794
ID:312	similar_to	ID:889
ID:313	similar_to	ID:245
ID:313	similar_to	ID:258
ID:313	similar_to	ID:313
ID:313	similar_to	ID:482
ID:313	similar_to	ID:657
ID:313	similar_to	ID:760
ID:313	similar_to	ID:926
ID:313	similar_to	ID:996
ID:314	similar_to	ID:173
ID:314	similar_to	ID:314
ID:314	similar_to	ID:344
ID:314	similar_to	ID:513
ID:314	similar_to	ID:570
ID:315	similar_to	ID:312
ID:315	similar_to	ID:315
ID:315	similar_to	ID:449
ID:315	similar_to	ID:711
ID:315	similar_to	ID:794
ID:315	similar_to	ID:889
ID:316	similar_to	ID:316
ID:316	similar_to	ID:845
ID:316	similar_to	ID:846
ID:317	similar_to	ID:317
ID:317	similar_to	ID:439
ID:318	similar_to	ID:70
ID:318	similar_to	ID:318
ID:318	similar_to	ID:341
ID:318	similar_to	ID:353
ID:318	similar_to	ID:451
ID:318	similar_to	ID:740
ID:318	similar_to	ID:756
ID:319	similar_to	ID:48
ID:319	similar_to	ID:64
ID:319	similar_to	ID:319
ID:319	similar_to	ID:410
ID:319	similar_to	ID:990
ID:320	similar_to	ID:82
ID:320	similar_to	ID:153
ID:320	similar_to	ID:320
ID:320	similar_to	ID:493
ID:320	similar_to	ID:807
ID:321	similar_to	ID:10
ID:321	similar_to	ID:81
ID:321	similar_to	ID:109
ID:321	similar_to	ID:254
ID:321	similar_to	ID:321
ID:321	similar_to	ID:398
ID:321	similar_to	ID:437
ID:321	similar_to	ID:454
ID:321	similar_to	ID:485
ID:321	similar_to	ID:568
ID:321	similar_to	ID:580
ID:321	similar_to	ID:721
ID:321	similar_to	ID:986
ID:322	similar_to	ID:322
ID:322	similar_to	ID:378
ID:322	similar_to	ID:821
ID:322	similar_to	ID:906
ID:323	similar_to	ID:170
ID:323	similar_to	ID:215
ID:323	similar_to	ID:323
ID:323	similar_to	ID:352
ID:323	similar_to	ID:508
ID:323	similar_to	ID:529
ID:323	similar_to	ID:541
ID:323	similar_to	ID:559
ID:323	similar_to	ID:850
ID:324	similar_to	ID:22
ID:324	similar_to	ID:55
ID:324	similar_to	ID:127
ID:324	similar_to	ID:154
ID:324	similar_to	ID:228
ID:324	similar_to	ID:264
ID:324	similar_to	ID:266
ID:324	similar_to	ID:274
ID:324	similar_to	ID:324
ID:324	similar_to	ID:363
ID:324	similar_to	ID:367
ID:324	similar_to	ID:722
ID:324	similar_to	ID:823
ID:324	similar_to	ID:858
ID:324	similar_to	ID:917
ID:325	similar_to	ID:78
ID:325	similar_to	ID:325
ID:325	similar_to	ID:385
ID:325	similar_to	ID:419
ID:325	similar_to	ID:515
ID:325	similar_to	ID:618
ID:325	similar_to	ID:696
ID:325	similar_to	ID:744
ID:325	similar_to	ID:865
ID:325	similar_to	ID:946
ID:326	similar_to	ID:57
ID:326	similar_to	ID:147
ID:326	similar_to	ID:192
ID:326	similar_to	ID:201
ID:326	similar_to	ID:276
ID:326	similar_to	ID:326
ID:326	similar_to	ID:455
ID:326	similar_to	ID:463
ID:326	similar_to	ID:507
ID:326	similar_to	ID:533
ID:326	similar_to	ID:569
ID:326	similar_to	ID:581
ID:326	similar_to	ID:639
ID:326	similar_to	ID:712
ID:326	similar_to	ID:779
ID:326	similar_to	ID:952
ID:326	similar_to	ID:989
ID:327	similar_to	ID:31
ID:327	similar_to	ID:257
ID:327	similar_to	ID:327
ID:327	similar_to	ID:346
ID:327	similar_to	ID:453
ID:327	similar_to	ID:625
ID:327	similar_to	ID:691
ID:327	similar_to	ID:860
ID:327	similar_to	ID:877
ID:327	similar_to	ID:900
ID:327	similar_to	ID:954
ID:328	similar_to	ID:212
ID:328	similar_to	ID:328
ID:329	similar_to	ID:300
ID:329	similar_to	ID:302
ID:329	similar_to	ID:307
ID:329	similar_to	ID:329
ID:329	similar_to	ID:899
ID:330	similar_to	ID:115
ID:330	similar_to	ID:259
ID:330	similar_to	ID:330
ID:330	similar_to	ID:592
ID:330	similar_to	ID:718
ID:331	similar_to	ID:225
ID:331	similar_to	ID:331
ID:331	similar_to	ID:332
ID:331	similar_to	ID:432
ID:331	similar_to	ID:457
ID:331	similar_to	ID:958
ID:332	similar_to	ID:225
ID:332	similar_to	ID:331
ID:332	similar_to	ID:332
ID:332	similar_to	ID:432
ID:332	similar_to	ID:457
ID:332	similar_to	ID:958
ID:333	similar_to	ID:246
ID:333	similar_to	ID:333
ID:333	similar_to	ID:376
ID:333	similar_to	ID:402
ID:333	similar_to	ID:532
ID:333	similar_to	ID:547
ID:334	similar_to	ID:241
ID:334	similar_to	ID:334
ID:334	similar_to	ID:603
ID:334	similar_to	ID:780
ID:335	similar_to	ID:74
ID:335	similar_to	ID:103
ID:335	similar_to	ID:136
ID:335	similar_to	ID:162
ID:335	similar_to	ID:187
ID:335	similar_to	ID:191
ID:335	similar_to	ID:195
ID:335	similar_to	ID:204
ID:335	similar_to	ID:335
ID:335	similar_to	ID:387
ID:335	similar_to	ID:408
ID:335	similar_to	ID:459
ID:335	similar_to	ID:510
ID:335	similar_to	ID:540
ID:335	similar_to	ID:611
ID:335	similar_to	ID:630
ID:336	similar_to	ID:116
ID:336	similar_to	ID:336
ID:336	similar_to	ID:405
ID:336	similar_to	ID:710
ID:336	similar_to	ID:836
ID:336	similar_to	ID:916
ID:337	similar_to	ID:337
ID:337	similar_to	ID:368
ID:337	similar_to	ID:561
ID:337	similar_to	ID:602
ID:337	similar_to	ID:747
ID:338	similar_to	ID:84
ID:338	similar_to	ID:249
ID:338	similar_to	ID:338
ID:338	similar_to	ID:511
ID:338	similar_to	ID:799
ID:338	similar_to	ID:923
ID:338	similar_to	ID:933
ID:339	similar_to	ID:339
ID:339	similar_to	ID:433
ID:339	similar_to	ID:506
ID:339	similar_to	ID:612
ID:339	similar_to	ID:678
ID:339	similar_to	ID:751
ID:339	similar_to	ID:927
ID:339	similar_to	ID:959
ID:340	similar_to	ID:340
ID:340	similar_to	ID:498
ID:340	similar_to	ID:500
ID:340	similar_to	ID:777
ID:340	similar_to	ID:791
ID:341	similar_to	ID:70
ID:341	similar_to	ID:318
ID:341	similar_to	ID:341
ID:341	similar_to	ID:353
ID:341	similar_to	ID:451
ID:341	similar_to	ID:740
ID:341	similar_to	ID:756
ID:342	similar_to	ID:104
ID:342	similar_to	ID:178
ID:342	similar_to	ID:197
ID:342	similar_to	ID:209
ID:342	similar_to	ID:342
ID:342	similar_to	ID:499
ID:342	similar_to	ID:664
ID:342	similar_to	ID:720
ID:343	similar_to	ID:2
ID:343	similar_to	ID:130
ID:343	similar_to	ID:343
ID:344	similar_to	ID:173
ID:344	similar_to	ID:314
ID:344	similar_to	ID:344
ID:344	similar_to	ID:513
ID:344	similar_to	ID:570
ID:345	similar_to	ID:45
ID:345	similar_to	ID:308
ID:345	similar_to	ID:345
ID:345	similar_to	ID:407
ID:345	similar_to	ID:471
ID:345	similar_to	ID:478
ID:345	similar_to	ID:631
ID:345	similar_to	ID:636
ID:345	similar_to	ID:703
ID:345	similar_to	ID:765
ID:345	similar_to	ID:829
ID:345	similar_to	ID:988
ID:346	similar_to	ID:31
ID:346	similar_to	ID:257
ID:346	similar_to	ID:327
ID:346	similar_to	ID:346
ID:346	similar_to	ID:453
ID:346	similar_to	ID:625
ID:346	similar_to	ID:691
ID:346	similar_to	ID:860
ID:346	similar_to	ID:877
ID:346	similar_to	ID:900
ID:346	similar_to	ID:954
ID:347	similar_to	ID:38
ID:347	similar_to	ID:347
ID:347	similar_to	ID:356
ID:347	similar_to	ID:598
ID:347	similar_to	ID:738
ID:347	similar_to	ID:982
ID:348	similar_to	ID:282
ID:348	similar_to	ID:348
ID:348	similar_to	ID:524
ID:348	similar_to	ID:606
ID:348	similar_to	ID:700
ID:348	similar_to	ID:797
ID:348	similar_to	ID:839
ID:349	similar_to	ID:85
ID:349	similar_to	ID:349
ID:349	similar_to	ID:479
ID:350	similar_to	ID:167
ID:350	similar_to	ID:350
ID:350	similar_to	ID:748
ID:350	similar_to	ID:775
ID:351	similar_to	ID:21
ID:351	similar_to	ID:41
ID:351	similar_to	ID:285
ID:351	similar_to	ID:297
ID:351	similar_to	ID:351
ID:351	similar_to	ID:434
ID:351	similar_to	ID:461
ID:351	similar_to	ID:473
ID:351	similar_to	ID:476
ID:351	similar_to	ID:679
ID:351	similar_to	ID:853
ID:352	similar_to	ID:170
ID:352	similar_to	ID:215
ID:352	similar_to	ID:323
ID:352	similar_to	ID:352
ID:352	similar_to	ID:508
ID:352	similar_to	ID:529
ID:352	similar_to	ID:541
ID:352	similar_to	ID:559
ID:352	similar_to	ID:850
ID:353	similar_to	ID:70
ID:353	similar_to	ID:318
ID:353	similar_to	ID:341
ID:353	similar_to	ID:353
ID:353	similar_to	ID:451
ID:353	similar_to	ID:740
ID:353	similar_to	ID:756
ID:354	similar_to	ID:63
ID:354	similar_to	ID:198
ID:354	similar_to	ID:279
ID:354	similar_to	ID:354
ID:354	similar_to	ID:749
ID:354	similar_to	ID:750
ID:354	similar_to	ID:849
ID:354	similar_to	ID:909
ID:355	similar_to	ID:15
ID:355	similar_to	ID:83
ID:355	similar_to	ID:105
ID:355	similar_to	ID:150
ID:355	similar_to	ID:355
ID:355	similar_to	ID:584
ID:355	similar_to	ID:663
ID:355	similar_to	ID:852
ID:356	similar_to	ID:38
ID:356	similar_to	ID:347
ID:356	similar_to	ID:356
ID:356	similar_to	ID:598
ID:356	similar_to	ID:738
ID:356	similar_to	ID:982
ID:357	similar_to	ID:106
ID:357	similar_to	ID:156
ID:357	similar_to	ID:357
ID:357	similar_to	ID:430
ID:357	similar_to	ID:497
ID:357	similar_to	ID:518
ID:357	similar_to	ID:784
ID:357	similar_to	ID:811
ID:358	similar_to	ID:358
ID:358	similar_to	ID:448
ID:358	similar_to	ID:450
ID:358	similar_to	ID:588
ID:358	similar_to	ID:924
ID:358	similar_to	ID:936
ID:358	similar_to	ID:999
ID:359	similar_to	ID:131
ID:359	similar_to	ID:138
ID:359	similar_to	ID:193
ID:359	similar_to	ID:359
ID:359	similar_to	ID:477
ID:359	similar_to	ID:545
ID:359	similar_to	ID:817
ID:359	similar_to	ID:883
ID:360	similar_to	ID:36
ID:360	similar_to	ID:145
ID:360	similar_to	ID:185
ID:360	similar_to	ID:208
ID:360	similar_to	ID:270
ID:360	similar_to	ID:360
ID:360	similar_to	ID:409
ID:360	similar_to	ID:464
ID:360	similar_to	ID:544
ID:360	similar_to	ID:648
ID:360	similar_to	ID:980
ID:361	similar_to	ID:161
ID:361	similar_to	ID:361
ID:361	similar_to	ID:475
ID:361	similar_to	ID:512
ID:361	similar_to	ID:622
ID:361	similar_to	ID:783
ID:361	similar_to	ID:929
ID:362	similar_to	ID:107
ID:362	similar_to	ID:210
ID:362	similar_to	ID:362
ID:362	similar_to	ID:655
ID:363	similar_to	ID:22
ID:363	similar_to	ID:55
ID:363	similar_to	ID:127
ID:363	similar_to	ID:154
ID:363	similar_to	ID:228
ID:363	similar_to	ID:264
ID:363	similar_to	ID:266
ID:363	similar_to	ID:274
ID:363	similar_to	ID:324
ID:363	similar_to	ID:363
ID:363	similar_to	ID:367
ID:363	similar_to	ID:722
ID:363	similar_to	ID:823
ID:363	similar_to	ID:858
ID:363	similar_to	ID:917
ID:364	similar_to	ID:364
ID:364	similar_to	ID:607
ID:364	similar_to	ID:949
ID:364	similar_to	ID:973
ID:365	similar_to	ID:1
ID:365	similar_to	ID:25
ID:365	similar_to	ID:94
ID:365	similar_to	ID:113
ID:365	similar_to	ID:180
ID:365	similar_to	ID:217
ID:365	similar_to	ID:240
ID:365	similar_to	ID:365
ID:365	similar_to	ID:373
ID:365	similar_to	ID:404
ID:365	similar_to	ID:426
ID:365	similar_to	ID:462
ID:365	similar_to	ID:465
ID:365	similar_to	ID:480
ID:365	similar_to	ID:562
ID:365	similar_to	ID:654
ID:365	similar_to	ID:745
ID:365	similar_to	ID:781
ID:365	similar_to	ID:803
ID:365	similar_to	ID:806
ID:365	similar_to	ID:832
ID:365	similar_to	ID:844
ID:365	similar_to	ID:868
ID:365	similar_to	ID:878
ID:365	similar_to	ID:920
ID:365	similar_to	ID:984
ID:366	similar_to	ID:366
ID:366	similar_to	ID:494
ID:366	similar_to	ID:731
ID:367	similar_to	ID:22
ID:367	similar_to	ID:55
ID:367	similar_to	ID:127
ID:367	similar_to	ID:154
ID:367	similar_to	ID:228
ID:367	similar_to	ID:264
ID:367	similar_to	ID:266
ID:367	similar_to	ID:274
ID:367	similar_to	ID:324
ID:367	similar_to	ID:363
ID:367	similar_to	ID:367
ID:367	similar_to	ID:722
ID:367	similar_to	ID:823
ID:367	similar_to	ID:858
ID:367	similar_to	ID:917
ID:368	similar_to	ID:337
ID:368	similar_to	ID:368
ID:368	similar_to	ID:561
ID:368	similar_to	ID:602
ID:368	similar_to	ID:747
ID:369	similar_to	ID:7
ID:369	similar_to	ID:117
ID:369	similar_to	ID:165
ID:369	similar_to	ID:222
ID:369	similar_to	ID:369
ID:369	similar_to	ID:709
ID:370	similar_to	ID:56
ID:370	similar_to	ID:58
ID:370	similar_to	ID:86
ID:370	similar_to	ID:288
ID:370	similar_to	ID:370
ID:370	similar_to	ID:413
ID:370	similar_to	ID:505
ID:370	similar_to	ID:702
ID:370	similar_to	ID:831
ID:370	similar_to	ID:880
ID:370	similar_to	ID:882
ID:371	similar_to	ID:18
ID:371	similar_to	ID:371
ID:371	similar_to	ID:558
ID:371	similar_to	ID:590
ID:371	similar_to	ID:872
ID:372	similar_to	ID:372
ID:372	similar_to	ID:418
ID:372	similar_to	ID:695
ID:372	similar_to	ID:766
ID:372	similar_to	ID:912
ID:372	similar_to	ID:961
ID:373	similar_to	ID:1
ID:373	similar_to	ID:25
ID:373	similar_to	ID:94
ID:373	similar_to	ID:113
ID:373	similar_to	ID:180
ID:373	similar_to	ID:217
ID:373	similar_to	ID:240
ID:373	similar_to	ID:365
ID:373	similar_to	ID:373
ID:373	similar_to	ID:404
ID:373	similar_to	ID:426
ID:373	similar_to	ID:462
ID:373	similar_to	ID:465
ID:373	similar_to	ID:480
ID:373	similar_to	ID:562
ID:373	similar_to	ID:654
ID:373	similar_to	ID:745
ID:373	similar_to	ID:781
ID:373	similar_to	ID:803
ID:373	similar_to	ID:806
ID:373	similar_to	ID:832
ID:373	similar_to	ID:844
ID:373	similar_to	ID:868
ID:373	similar_to	ID:878
ID:373	similar_to	ID:920
ID:373	similar_to	ID:984
ID:374	similar_to	ID:248
ID:374	similar_to	ID:261
ID:374	similar_to	ID:374
ID:374	similar_to	ID:381
ID:374	similar_to	ID:572
ID:374	similar_to	ID:685
ID:374	similar_to	ID:741
ID:374	similar_to	ID:771
ID:374	similar_to	ID:838
ID:374	similar_to	ID:855
ID:375	similar_to	ID:135
ID:375	similar_to	ID:157
ID:375	similar_to	ID:168
ID:375	similar_to	ID:227
ID:375	similar_to	ID:260
ID:375	similar_to	ID:375
ID:375	similar_to	ID:578
ID:375	similar_to	ID:582
ID:375	similar_to	ID:732
ID:375	similar_to	ID:757
ID:375	similar_to	ID:824
ID:375	similar_to	ID:897
ID:375	similar_to	ID:966
ID:375	similar_to	ID:975
ID:376	similar_to	ID:246
ID:376	similar_to	ID:333
ID:376	similar_to	ID:376
ID:376	similar_to	ID:402
ID:376	similar_to	ID:532
ID:376	similar_to	ID:547
ID:377	similar_to	ID:12
ID:377	similar_to	ID:232
ID:377	similar_to	ID:377
ID:377	similar_to	ID:605
ID:377	similar_to	ID:616
ID:377	similar_to	ID:987
ID:378	similar_to	ID:322
ID:378	similar_to	ID:378
ID:378	similar_to	ID:821
ID:378	similar_to	ID:906
ID:379	similar_to	ID:51
ID:379	similar_to	ID:108
ID:379	similar_to	ID:219
ID:379	similar_to	ID:379
ID:379	similar_to	ID:516
ID:379	similar_to	ID:645
ID:379	similar_to	ID:670
ID:379	similar_to	ID:707
ID:379	similar_to	ID:804
ID:379	similar_to	ID:814
ID:379	similar_to	ID:843
ID:379	similar_to	ID:977
ID:380	similar_to	ID:16
ID:380	similar_to	ID:253
ID:380	similar_to	ID:310
ID:380	similar_to	ID:380
ID:380	similar_to	ID:390
ID:380	similar_to	ID:563
ID:380	similar_to	ID:586
ID:380	similar_to	ID:724
ID:380	similar_to	ID:742
ID:380	similar_to	ID:867
ID:380	similar_to	ID:902
ID:380	similar_to	ID:963
ID:380	similar_to	ID:970
ID:381	similar_to	ID:248
ID:381	similar_to	ID:261
ID:381	similar_to	ID:374
ID:381	similar_to	ID:381
ID:381	similar_to	ID:572
ID:381	similar_to	ID:685
ID:381	similar_to	ID:741
ID:381	similar_to	ID:771
ID:381	similar_to	ID:838
ID:381	similar_to	ID:855
ID:382	similar_to	ID:20
ID:382	similar_to	ID:140
ID:382	similar_to	ID:179
ID:382	similar_to	ID:236
ID:382	similar_to	ID:268
ID:382	similar_to	ID:382
ID:382	similar_to	ID:427
ID:382	similar_to	ID:488
ID:382	similar_to	ID:509
ID:382	similar_to	ID:553
ID:382	similar_to	ID:579
ID:382	similar_to	ID:595
ID:382	similar_to	ID:629
ID:382	similar_to	ID:643
ID:383	similar_to	ID:4
ID:383	similar_to	ID:383
ID:383	similar_to	ID:842
ID:383	similar_to	ID:870
ID:383	similar_to	ID:976
ID:384	similar_to	ID:14
ID:384	similar_to	ID:19
ID:384	similar_to	ID:52
ID:384	similar_to	ID:89
ID:384	similar_to	ID:133
ID:384	similar_to	ID:137
ID:384	similar_to	ID:139
ID:384	similar_to	ID:143
ID:384	similar_to	ID:174
ID:384	similar_to	ID:176
ID:384	similar_to	ID:237
ID:384	similar_to	ID:284
ID:384	similar_to	ID:287
ID:384	similar_to	ID:384
ID:384	similar_to	ID:531
ID:384	similar_to	ID:565
ID:384	similar_to	ID:591
ID:384	similar_to	ID:701
ID:384	similar_to	ID:759
ID:384	similar_to	ID:776
ID:384	similar_to	ID:938
ID:384	similar_to	ID:994
ID:385	similar_to	ID:78
ID:385	similar_to	ID:325
ID:385	similar_to	ID:385
ID:385	similar_to	ID:419
ID:385	similar_to	ID:515
ID:385	similar_to	ID:618
ID:385	similar_to	ID:696
ID:385	similar_to	ID:744
ID:385	similar_to	ID:865
ID:385	similar_to	ID:946
ID:386	similar_to	ID:23
ID:386	similar_to	ID:221
ID:386	similar_to	ID:229
ID:386	similar_to	ID:386
ID:386	similar_to	ID:412
ID:386	similar_to	ID:620
ID:386	similar_to	ID:649
ID:386	similar_to	ID:651
ID:386	similar_to	ID:674
ID:386	similar_to	ID:675
ID:386	similar_to	ID:960
ID:386	similar_to	ID:995
ID:387	similar_to	ID:74
ID:387	similar_to	ID:103
ID:387	similar_to	ID:136
ID:387	similar_to	ID:162
ID:387	similar_to	ID:187
ID:387	similar_to	ID:191
ID:387	similar_to	ID:195
ID:387	similar_to	ID:204
ID:387	similar_to	ID:335
ID:387	similar_to	ID:387
ID:387	similar_to	ID:408
ID:387	similar_to	ID:459
ID:387	similar_to	ID:510
ID:387	similar_to	ID:540
ID:387	similar_to	ID:611
ID:387	similar_to	ID:630
ID:388	similar_to	ID:73
ID:388	similar_to	ID:128
ID:388	similar_to	ID:213
ID:388	similar_to	ID:262
ID:388	similar_to	ID:388
ID:388	similar_to	ID:573
ID:388	similar_to	ID:753
ID:388	similar_to	ID:851
ID:388	similar_to	ID:891
ID:389	similar_to	ID:389
ID:389	similar_to	ID:589
ID:389	similar_to	ID:774
ID:389	similar_to	ID:835
ID:390	similar_to	ID:16
ID:390	similar_to	ID:253
ID:390	similar_to	ID:310
ID:390	similar_to	ID:380
ID:390	similar_to	ID:390
ID:390	similar_to	ID:563
ID:390	similar_to	ID:586
ID:390	similar_to	ID:724
ID:390	similar_to	ID:742
ID:390	similar_to	ID:867
ID:390	similar_to	ID:902
ID:390	similar_to	ID:963
ID:390	similar_to	ID:970
ID:391	similar_to	ID:391
ID:391	similar_to	ID:694
ID:392	similar_to	ID:69
ID:392	similar_to	ID:144
ID:392	similar_to	ID:392
ID:392	similar_to	ID:394
ID:392	similar_to	ID:521
ID:392	similar_to	ID:549
ID:392	similar_to	ID:673
ID:392	similar_to	ID:915
ID:393	similar_to	ID:76
ID:393	similar_to	ID:93
ID:393	similar_to	ID:272
ID:393	similar_to	ID:393
ID:393	similar_to	ID:428
ID:393	similar_to	ID:442
ID:393	similar_to	ID:519
ID:393	similar_to	ID:660
ID:393	similar_to	ID:667
ID:393	similar_to	ID:704
ID:393	similar_to	ID:864
ID:393	similar_to	ID:885
ID:393	similar_to	ID:886
ID:393	similar_to	ID:937
ID:393	similar_to	ID:957
ID:394	similar_to	ID:69
ID:394	similar_to	ID:144
ID:394	similar_to	ID:392
ID:394	similar_to	ID:394
ID:394	similar_to	ID:521
ID:394	similar_to	ID:549
ID:394	similar_to	ID:673
ID:394	similar_to	ID:915
ID:395	similar_to	ID:129
ID:395	similar_to	ID:199
ID:395	similar_to	ID:395
ID:395	similar_to	ID:609
ID:395	similar_to	ID:658
ID:395	similar_to	ID:705
ID:395	similar_to	ID:948
ID:396	similar_to	ID:396
ID:396	similar_to	ID:841
ID:396	similar_to	ID:876
ID:397	similar_to	ID:44
ID:397	similar_to	ID:159
ID:397	similar_to	ID:243
ID:397	similar_to	ID:250
ID:397	similar_to	ID:263
ID:397	similar_to	ID:292
ID:397	similar_to	ID:397
ID:397	similar_to	ID:421
ID:397	similar_to	ID:682
ID:397	similar_to	ID:755
ID:397	similar_to	ID:793
ID:397	similar_to	ID:848
ID:397	similar_to	ID:857
ID:397	similar_to	ID:871
ID:397	similar_to	ID:922
ID:397	similar_to	ID:969
ID:398	similar_to	ID:10
ID:398	similar_to	ID:81
ID:398	similar_to	ID:109
ID:398	similar_to	ID:254
ID:398	similar_to	ID:321
ID:398	similar_to	ID:398
ID:398	similar_to	ID:437
ID:398	similar_to	ID:454
ID:398	similar_to	ID:485
ID:398	similar_to	ID:568
ID:398	similar_to	ID:580
ID:398	similar_to	ID:721
ID:398	similar_to	ID:986
ID:399	similar_to	ID:53
ID:399	similar_to	ID:119
ID:399	similar_to	ID:399
ID:399	similar_to	ID:425
ID:399	similar_to	ID:752
ID:399	similar_to	ID:828
ID:399	similar_to	ID:888
ID:400	similar_to	ID:49
ID:400	similar_to	ID:110
ID:400	similar_to	ID:205
ID:400	similar_to	ID:242
ID:400	similar_to	ID:306
ID:400	similar_to	ID:400
ID:400	similar_to	ID:423
ID:400	similar_to	ID:627
ID:400	similar_to	ID:706
ID:400	similar_to	ID:815
ID:400	similar_to	ID:967
ID:401	similar_to	ID:125
ID:401	similar_to	ID:401
ID:401	similar_to	ID:440
ID:401	similar_to	ID:456
ID:401	similar_to	ID:659
ID:401	similar_to	ID:786
ID:401	similar_to	ID:910
ID:401	similar_to	ID:972
ID:402	similar_to	ID:246
ID:402	similar_to	ID:333
ID:402	similar_to	ID:376
ID:402	similar_to	ID:402
ID:402	similar_to	ID:532
ID:402	similar_to	ID:547
ID:403	similar_to	ID:230
ID:403	similar_to	ID:403
ID:403	similar_to	ID:646
ID:404	similar_to	ID:1
ID:404	similar_to	ID:25
ID:404	similar_to	ID:94
ID:404	similar_to	ID:113
ID:404	similar_to	ID:180
ID:404	similar_to	ID:217
ID:404	similar_to	ID:240
ID:404	similar_to	ID:365
ID:404	similar_to	ID:373
ID:404	similar_to	ID:404
ID:404	similar_to	ID:426
ID:404	similar_to	ID:462
ID:404	similar_to	ID:465
ID:404	similar_to	ID:480
ID:404	similar_to	ID:562
ID:404	similar_to	ID:654
ID:404	similar_to	ID:745
ID:404	similar_to	ID:781
ID:404	similar_to	ID:803
ID:404	similar_to	ID:806
ID:404	similar_to	ID:832
ID:404	similar_to	ID:844
ID:404	similar_to	ID:868
ID:404	similar_to	ID:878
ID:404	similar_to	ID:920
ID:404	similar_to	ID:984
ID:405	similar_to	ID:116
ID:405	similar_to	ID:336
ID:405	similar_to	ID:405
ID:405	similar_to	ID:710
ID:405	similar_to	ID:836
ID:405	similar_to	ID:916
ID:406	similar_to	ID:123
ID:406	similar_to	ID:289
ID:406	similar_to	ID:406
ID:406	similar_to	ID:672
ID:406	similar_to	ID:798
ID:407	similar_to	ID:45
ID:407	similar_to	ID:308
ID:407	similar_to	ID:345
ID:407	similar_to	ID:407
ID:407	similar_to	ID:471
ID:407	similar_to	ID:478
ID:407	similar_to	ID:631
ID:407	similar_to	ID:636
ID:407	similar_to	ID:703
ID:407	similar_to	ID:765
ID:407	similar_to	ID:829
ID:407	similar_to	ID:988
ID:408	similar_to	ID:74
ID:408	similar_to	ID:103
ID:408	similar_to	ID:136
ID:408	similar_to	ID:162
ID:408	similar_to	ID:187
ID:408	similar_to	ID:191
ID:408	similar_to	ID:195
ID:408	similar_to	ID:204
ID:408	similar_to	ID:335
ID:408	similar_to	ID:387
ID:408	similar_to	ID:408
ID:408	similar_to	ID:459
ID:408	similar_to	ID:510
ID:408	similar_to	ID:540
ID:408	similar_to	ID:611
ID:408	similar_to	ID:630
ID:409	similar_to	ID:36
ID:409	similar_to	ID:145
ID:409	similar_to	ID:185
ID:409	similar_to	ID:208
ID:409	similar_to	ID:270
ID:409	similar_to	ID:360
ID:409	similar_to	ID:409
ID:409	similar_to	ID:464
ID:409	similar_to	ID:544
ID:409	similar_to	ID:648
ID:409	similar_to	ID:980
ID:410	similar_to	ID:48
ID:410	similar_to	ID:64
ID:410	similar_to	ID:319
ID:410	similar_to	ID:410
ID:410	similar_to	ID:990
ID:411	similar_to	ID:5
ID:411	similar_to	ID:91
ID:411	similar_to	ID:291
ID:411	similar_to	ID:411
ID:411	similar_to	ID:904
ID:412	similar_to	ID:23
ID:412	similar_to	ID:221
ID:412	similar_to	ID:229
ID:412	similar_to	ID:386
ID:412	similar_to	ID:412
ID:412	similar_to	ID:620
ID:412	similar_to	ID:649
ID:412	similar_to	ID:651
ID:412	similar_to	ID:674
ID:412	similar_to	ID:675
ID:412	similar_to	ID:960
ID:412	similar_to	ID:995
ID:413	similar_to	ID:56
ID:413	similar_to	ID:58
ID:413	similar_to	ID:86
ID:413	similar_to	ID:288
ID:413	similar_to	ID:370
ID:413	similar_to	ID:413
ID:413	similar_to	ID:505
ID:413	similar_to	ID:702
ID:413	similar_to	ID:831
ID:413	similar_to	ID:880
ID:413	similar_to	ID:882
ID:414	similar_to	ID:278
ID:414	similar_to	ID:414
ID:414	similar_to	ID:810
ID:414	similar_to	ID:914
ID:415	similar_to	ID:96
ID:415	similar_to	ID:122
ID:415	similar_to	ID:415
ID:415	similar_to	ID:458
ID:415	similar_to	ID:626
ID:415	similar_to	ID:837
ID:415	similar_to	ID:859
ID:416	similar_to	ID:46
ID:416	similar_to	ID:155
ID:416	similar_to	ID:416
ID:416	similar_to	ID:633
ID:416	similar_to	ID:754
ID:417	similar_to	ID:417
ID:417	similar_to	ID:600
ID:417	similar_to	ID:684
ID:417	similar_to	ID:908
ID:418	similar_to	ID:372
ID:418	similar_to	ID:418
ID:418	similar_to	ID:695
ID:418	similar_to	ID:766
ID:418	similar_to	ID:912
ID:418	similar_to	ID:961
ID:419	similar_to	ID:78
ID:419	similar_to	ID:325
ID:419	similar_to	ID:385
ID:419	similar_to	ID:419
ID:419	similar_to	ID:515
ID:419	similar_to	ID:618
ID:419	similar_to	ID:696
ID:419	similar_to	ID:744
ID:419	similar_to	ID:865
ID:419	similar_to	ID:946
ID:420	similar_to	ID:59
ID:420	similar_to	ID:301
ID:420	similar_to	ID:420
ID:420	similar_to	ID:615
ID:420	similar_to	ID:713
ID:421	similar_to	ID:44
ID:421	similar_to	ID:159
ID:421	similar_to	ID:243
ID:421	similar_to	ID:250
ID:421	similar_to	ID:263
ID:421	similar_to	ID:292
ID:421	similar_to	ID:397
ID:421	similar_to	ID:421
ID:421	similar_to	ID:682
ID:421	similar_to	ID:755
ID:421	similar_to	ID:793
ID:421	similar_to	ID:848
ID:421	similar_to	ID:857
ID:421	similar_to	ID:871
ID:421	similar_to	ID:922
ID:421	similar_to	ID:969
ID:422	similar_to	ID:32
ID:422	similar_to	ID:65
ID:422	similar_to	ID:68
ID:422	similar_to	ID:186
ID:422	similar_to	ID:202
ID:422	similar_to	ID:422
ID:422	similar_to	ID:441
ID:422	similar_to	ID:452
ID:422	similar_to	ID:583
ID:422	similar_to	ID:725
ID:422	similar_to	ID:764
ID:422	similar_to	ID:785
ID:422	similar_to	ID:818
ID:422	similar_to	ID:820
ID:422	similar_to	ID:875
ID:422	similar_to	ID:890
ID:422	similar_to	ID:894
ID:422	similar_to	ID:925
ID:423	similar_to	ID:49
ID:423	similar_to	ID:110
ID:423	similar_to	ID:205
ID:423	similar_to	ID:242
ID:423	similar_to	ID:306
ID:423	similar_to	ID:400
ID:423	similar_to	ID:423
ID:423	similar_to	ID:627
ID:423	similar_to	ID:706
ID:423	similar_to	ID:815
ID:423	similar_to	ID:967
ID:424	similar_to	ID:3
ID:424	similar_to	ID:424
ID:424	similar_to	ID:484
ID:424	similar_to	ID:638
ID:424	similar_to	ID:641
ID:424	similar_to	ID:866
ID:424	similar_to	ID:964
ID:424	similar_to	ID:997
ID:425	similar_to	ID:53
ID:425	similar_to	ID:119
ID:425	similar_to	ID:399
ID:425	similar_to	ID:425
ID:425	similar_to	ID:752
ID:425	similar_to	ID:828
ID:425	similar_to	ID:888
ID:426	similar_to	ID:1
ID:426	similar_to	ID:25
ID:426	similar_to	ID:94
ID:426	similar_to	ID:113
ID:426	similar_to	ID:180
ID:426	similar_to	ID:217
ID:426	similar_to	ID:240
ID:426	similar_to	ID:365
ID:426	similar_to	ID:373
ID:426	similar_to	ID:404
ID:426	similar_to	ID:426
ID:426	similar_to	ID:462
ID:426	similar_to	ID:465
ID:426	similar_to	ID:480
ID:426	similar_to	ID:562
ID:426	similar_to	ID:654
ID:426	similar_to	ID:745
ID:426	similar_to	ID:781
ID:426	similar_to	ID:803
ID:426	similar_to	ID:806
ID:426	similar_to	ID:832
ID:426	similar_to	ID:844
ID:426	similar_to	ID:868
ID:426	similar_to	ID:878
ID:426	similar_to	ID:920
ID:426	similar_to	ID:984
ID:427	similar_to	ID:20
ID:427	similar_to	ID:140
ID:427	similar_to	ID:179
ID:427	similar_to	ID:236
ID:427	similar_to	ID:268
ID:427	similar_to	ID:382
ID:427	similar_to	ID:427
ID:427	similar_to	ID:488
ID:427	similar_to	ID:509
ID:427	similar_to	ID:553
ID:427	similar_to	ID:579
ID:427	similar_to	ID:595
ID:427	similar_to	ID:629
ID:427	similar_to	ID:643
ID:428	similar_to	ID:76
ID:428	similar_to	ID:93
ID:428	similar_to	ID:272
ID:428	similar_to	ID:393
ID:428	similar_to	ID:428
ID:428	similar_to	ID:442
ID:428	similar_to	ID:519
ID:428	similar_to	ID:660
ID:428	similar_to	ID:667
ID:428	similar_to	ID:704
ID:428	similar_to	ID:864
ID:428	similar_to	ID:885
ID:428	similar_to	ID:886
ID:428	similar_to	ID:937
ID:428	similar_to	ID:957
ID:429	similar_to	ID:9
ID:429	similar_to	ID:29
ID:429	similar_to	ID:163
ID:429	similar_to	ID:429
ID:429	similar_to	ID:653
ID:429	similar_to	ID:801
ID:430	similar_to	ID:106
ID:430	similar_to	ID:156
ID:430	similar_to	ID:357
ID:430	similar_to	ID:430
ID:430	similar_to	ID:497
ID:430	similar_to	ID:518
ID:430	similar_to	ID:784
ID:430	similar_to	ID:811
ID:431	similar_to	ID:114
ID:431	similar_to	ID:234
ID:431	similar_to	ID:431
ID:431	similar_to	ID:556
ID:431	similar_to	ID:585
ID:431	similar_to	ID:610
ID:431	similar_to	ID:825
ID:431	similar_to	ID:893
ID:431	similar_to	ID:978
ID:432	similar_to	ID:225
ID:432	similar_to	ID:331
ID:432	similar_to	ID:332
ID:432	similar_to	ID:432
ID:432	similar_to	ID:457
ID:432	similar_to	ID:958
ID:433	similar_to	ID:339
ID:433	similar_to	ID:433
ID:433	similar_to	ID:506
ID:433	similar_to	ID:612
ID:433	similar_to	ID:678
ID:433	similar_to	ID:751
ID:433	similar_to	ID:927
ID:433	similar_to	ID:959
ID:434	similar_to	ID:21
ID:434	similar_to	ID:41
ID:434	similar_to	ID:285
ID:434	similar_to	ID:297
ID:434	similar_to	ID:351
ID:434	similar_to	ID:434
ID:434	similar_to	ID:461
ID:434	similar_to	ID:473
ID:434	similar_to	ID:476
ID:434	similar_to	ID:679
ID:434	similar_to	ID:853
ID:435	similar_to	ID:435
ID:435	similar_to	ID:571
ID:436	similar_to	ID:238
ID:436	similar_to	ID:239
ID:436	similar_to	ID:244
ID:436	similar_to	ID:255
ID:436	similar_to	ID:311
ID:436	similar_to	ID:436
ID:436	similar_to	ID:520
ID:436	similar_to	ID:548
ID:436	similar_to	ID:689
ID:436	similar_to	ID:840
ID:437	similar_to	ID:10
ID:437	similar_to	ID:81
ID:437	similar_to	ID:109
ID:437	similar_to	ID:254
ID:437	similar_to	ID:321
ID:437	similar_to	ID:398
ID:437	similar_to	ID:437
ID:437	similar_to	ID:454
ID:437	similar_to	ID:485
ID:437	similar_to	ID:568
ID:437	similar_to	ID:580
ID:437	similar_to	ID:721
ID:437	similar_to	ID:986
ID:438	similar_to	ID:438
ID:438	similar_to	ID:594
ID:438	similar_to	ID:729
ID:439	similar_to	ID:317
ID:439	similar_to	ID:439
ID:440	similar_to	ID:125
ID:440	similar_to	ID:401
ID:440	similar_to	ID:440
ID:440	similar_to	ID:456
ID:440	similar_to	ID:659
ID:440	similar_to	ID:786
ID:440	similar_to	ID:910
ID:440	similar_to	ID:972
ID:441	similar_to	ID:32
ID:441	similar_to	ID:65
ID:441	similar_to	ID:68
ID:441	similar_to	ID:186
ID:441	similar_to	ID:202
ID:441	similar_to	ID:422
ID:441	similar_to	ID:441
ID:441	similar_to	ID:452
ID:441	similar_to	ID:583
ID:441	similar_to	ID:725
ID:441	similar_to	ID:764
ID:441	similar_to	ID:785
ID:441	similar_to	ID:818
ID:441	similar_to	ID:820
ID:441	similar_to	ID:875
ID:441	similar_to	ID:890
ID:441	similar_to	ID:894
ID:441	similar_to	ID:925
ID:442	similar_to	ID:76
ID:442	similar_to	ID:93
ID:442	similar_to	ID:272
ID:442	similar_to	ID:393
ID:442	similar_to	ID:428
ID:442	similar_to	ID:442
ID:442	similar_to	ID:519
ID:442	similar_to	ID:660
ID:442	similar_to	ID:667
ID:442	similar_to	ID:704
ID:442	similar_to	ID:864
ID:442	similar_to	ID:885
ID:442	similar_to	ID:886
ID:442	similar_to	ID:937
ID:442	similar_to	ID:957
ID:443	similar_to	ID:231
ID:443	similar_to	ID:304
ID:443	similar_to	ID:309
ID:443	similar_to	ID:443
ID:443	similar_to	ID:460
ID:443	similar_to	ID:550
ID:443	similar_to	ID:854
ID:444	similar_to	ID:444
ID:444	similar_to	ID:686
ID:444	similar_to	ID:965
ID:445	similar_to	ID:42
ID:445	similar_to	ID:50
ID:445	similar_to	ID:214
ID:445	similar_to	ID:305
ID:445	similar_to	ID:445
ID:445	similar_to	ID:501
ID:445	similar_to	ID:943
ID:446	similar_to	ID:446
ID:446	similar_to	ID:496
ID:446	similar_to	ID:517
ID:446	similar_to	ID:647
ID:446	similar_to	ID:827
ID:447	similar_to	ID:39
ID:447	similar_to	ID:447
ID:447	similar_to	ID:717
ID:447	similar_to	ID:826
ID:447	similar_to	ID:934
ID:448	similar_to	ID:358
ID:448	similar_to	ID:448
ID:448	similar_to	ID:450
ID:448	similar_to	ID:588
ID:448	similar_to	ID:924
ID:448	similar_to	ID:936
ID:448	similar_to	ID:999
ID:449	similar_to	ID:312
ID:449	similar_to	ID:315
ID:449	similar_to	ID:449
ID:449	similar_to	ID:711
ID:449	similar_to	ID:794
ID:449	similar_to	ID:889
ID:450	similar_to	ID:358
ID:450	similar_to	ID:448
ID:450	similar_to	ID:450
ID:450	similar_to	ID:588
ID:450	similar_to	ID:924
ID:450	similar_to	ID:936
ID:450	similar_to	ID:999
ID:451	similar_to	ID:70
ID:451	similar_to	ID:318
ID:451	similar_to	ID:341
ID:451	similar_to	ID:353
ID:451	similar_to	ID:451
ID:451	similar_to	ID:740
ID:451	similar_to	ID:756
ID:452	similar_to	ID:32
ID:452	similar_to	ID:65
ID:452	similar_to	ID:68
ID:452	similar_to	ID:186
ID:452	similar_to	ID:202
ID:452	similar_to	ID:422
ID:452	similar_to	ID:441
ID:452	similar_to	ID:452
ID:452	similar_to	ID:583
ID:452	similar_to	ID:725
ID:452	similar_to	ID:764
ID:452	similar_to	ID:785
ID:452	similar_to	ID:818
ID:452	similar_to	ID:820
ID:452	similar_to	ID:875
ID:452	similar_to	ID:890
ID:452	similar_to	ID:894
ID:452	similar_to	ID:925
ID:453	similar_to	ID:31
ID:453	similar_to	ID:257
ID:453	similar_to	ID:327
ID:453	similar_to	ID:346
ID:453	similar_to	ID:453
ID:453	similar_to	ID:625
ID:453	similar_to	ID:691
ID:453	similar_to	ID:860
ID:453	similar_to	ID:877
ID:453	similar_to	ID:900
ID:453	similar_to	ID:954
ID:454	similar_to	ID:10
ID:454	similar_to	ID:81
ID:454	similar_to	ID:109
ID:454	similar_to	ID:254
ID:454	similar_to	ID:321
ID:454	similar_to	ID:398
ID:454	similar_to	ID:437
ID:454	similar_to	ID:454
ID:454	similar_to	ID:485
ID:454	similar_to	ID:568
ID:454	similar_to	ID:580
ID:454	similar_to	ID:721
ID:454	similar_to	ID:986
ID:455	similar_to	ID:57
ID:455	similar_to	ID:147
ID:455	similar_to	ID:192
ID:455	similar_to	ID:201
ID:455	similar_to	ID:276
ID:455	similar_to	ID:326
ID:455	similar_to	ID:455
ID:455	similar_to	ID:463
ID:455	similar_to	ID:507
ID:455	similar_to	ID:533
ID:455	similar_to	ID:569
ID:455	similar_to	ID:581
ID:455	similar_to	ID:639
ID:455	similar_to	ID:712
ID:455	similar_to	ID:779
ID:455	similar_to	ID:952
ID:455	similar_to	ID:989
ID:456	similar_to	ID:125
ID:456	similar_to	ID:401
ID:456	similar_to	ID:440
ID:456	similar_to	ID:456
ID:456	similar_to	ID:659
ID:456	similar_to	ID:786
ID:456	similar_to	ID:910
ID:456	similar_to	ID:972
ID:457	similar_to	ID:225
ID:457	similar_to	ID:331
ID:457	similar_to	ID:332
ID:457	similar_to	ID:432
ID:457	similar_to	ID:457
ID:457	similar_to	ID:958
ID:458	similar_to	ID:96
ID:458	similar_to	ID:122
ID:458	similar_to	ID:415
ID:458	similar_to	ID:458
ID:458	similar_to	ID:626
ID:458	similar_to	ID:837
ID:458	similar_to	ID:859
ID:459	similar_to	ID:74
ID:459	similar_to	ID:103
ID:459	similar_to	ID:136
ID:459	similar_to	ID:162
ID:459	similar_to	ID:187
ID:459	similar_to	ID:191
ID:459	similar_to	ID:195
ID:459	similar_to	ID:204
ID:459	similar_to	ID:335
ID:459	similar_to	ID:387
ID:459	similar_to	ID:408
ID:459	similar_to	ID:459
ID:459	similar_to	ID:510
ID:459	similar_to	ID:540
ID:459	similar_to	ID:611
ID:459	similar_to	ID:630
ID:460	similar_to	ID:231
ID:460	similar_to	ID:304
ID:460	similar_to	ID:309
ID:460	similar_to	ID:443
ID:460	similar_to	ID:460
ID:460	similar_to	ID:550
ID:460	similar_to	ID:854
ID:461	similar_to	ID:21
ID:461	similar_to	ID:41
ID:461	similar_to	ID:285
ID:461	similar_to	ID:297
ID:461	similar_to	ID:351
ID:461	similar_to	ID:434
ID:461	similar_to	ID:461
ID:461	similar_to	ID:473
ID:461	similar_to	ID:476
ID:461	similar_to	ID:679
ID:461	similar_to	ID:853
ID:462	similar_to	ID:1
ID:462	similar_to	ID:25
ID:462	similar_to	ID:94
ID:462	similar_to	ID:113
ID:462	similar_to	ID:180
ID:462	similar_to	ID:217
ID:462	similar_to	ID:240
ID:462	similar_to	ID:365
ID:462	similar_to	ID:373
ID:462	similar_to	ID:404
ID:462	similar_to	ID:426
ID:462	similar_to	ID:462
ID:462	similar_to	ID:465
ID:462	similar_to	ID:480
ID:462	similar_to	ID:562
ID:462	similar_to	ID:654
ID:462	similar_to	ID:745
ID:462	similar_to	ID:781
ID:462	similar_to	ID:803
ID:462	similar_to	ID:806
ID:462	similar_to	ID:832
ID:462	similar_to	ID:844
ID:462	similar_to	ID:868
ID:462	similar_to	ID:878
ID:462	similar_to	ID:920
ID:462	similar_to	ID:984
ID:463	similar_to	ID:57
ID:463	similar_to	ID:147
ID:463	similar_to	ID:192
ID:463	similar_to	ID:201
ID:463	similar_to	ID:276
ID:463	similar_to	ID:326
ID:463	similar_to	ID:455
ID:463	similar_to	ID:463
ID:463	similar_to	ID:507
ID:463	similar_to	ID:533
ID:463	similar_to	ID:569
ID:463	similar_to	ID:581
ID:463	similar_to	ID:639
ID:463	similar_to	ID:712
ID:463	similar_to	ID:779
ID:463	similar_to	ID:952
ID:463	similar_to	ID:989
ID:464	similar_to	ID:36
ID:464	similar_to	ID:145
ID:464	similar_to	ID:185
ID:464	similar_to	ID:208
ID:464	similar_to	ID:270
ID:464	similar_to	ID:360
ID:464	similar_to	ID:409
ID:464	similar_to	ID:464
ID:464	similar_to	ID:544
ID:464	similar_to	ID:648
ID:464	similar_to	ID:980
ID:465	similar_to	ID:1
ID:465	similar_to	ID:25
ID:465	similar_to	ID:94
ID:465	similar_to	ID:113
ID:465	similar_to	ID:180
ID:465	similar_to	ID:217
ID:465	similar_to	ID:240
ID:465	similar_to	ID:365
ID:465	similar_to	ID:373
ID:465	similar_to	ID:404
ID:465	similar_to	ID:426
ID:465	similar_to	ID:462
ID:465	similar_to	ID:465
ID:465	similar_to	ID:480
ID:465	similar_to	ID:562
ID:465	similar_to	ID:654
ID:465	similar_to	ID:745
ID:465	similar_to	ID:781
ID:465	similar_to	ID:803
ID:465	similar_to	ID:806
ID:465	similar_to	ID:832
ID:465	similar_to	ID:844
ID:465	similar_to	ID:868
ID:465	similar_to	ID:878
ID:465	similar_to	ID:920
ID:465	similar_to	ID:984
ID:466	similar_to	ID:466
ID:466	similar_to	ID:492
ID:466	similar_to	ID:537
ID:466	similar_to	ID:677
ID:466	similar_to	ID:863
ID:466	similar_to	ID:931
ID:466	similar_to	ID:932
ID:467	similar_to	ID:90
ID:467	similar_to	ID:467
ID:468	similar_to	ID:66
ID:468	similar_to	ID:134
ID:468	similar_to	ID:151
ID:468	similar_to	ID:468
ID:468	similar_to	ID:692
ID:468	similar_to	ID:769
ID:468	similar_to	ID:772
ID:468	similar_to	ID:800
ID:468	similar_to	ID:862
ID:468	similar_to	ID:956
ID:469	similar_to	ID:54
ID:469	similar_to	ID:183
ID:469	similar_to	ID:277
ID:469	similar_to	ID:469
ID:469	similar_to	ID:503
ID:469	similar_to	ID:535
ID:469	similar_to	ID:552
ID:469	similar_to	ID:635
ID:469	similar_to	ID:763
ID:469	similar_to	ID:792
ID:469	similar_to	ID:928
ID:470	similar_to	ID:61
ID:470	similar_to	ID:72
ID:470	similar_to	ID:101
ID:470	similar_to	ID:470
ID:470	similar_to	ID:697
ID:471	similar_to	ID:45
ID:471	similar_to	ID:308
ID:471	similar_to	ID:345
ID:471	similar_to	ID:407
ID:471	similar_to	ID:471
ID:471	similar_to	ID:478
ID:471	similar_to	ID:631
ID:471	similar_to	ID:636
ID:471	similar_to	ID:703
ID:471	similar_to	ID:765
ID:471	similar_to	ID:829
ID:471	similar_to	ID:988
ID:472	similar_to	ID:207
ID:472	similar_to	ID:472
ID:472	similar_to	ID:919
ID:473	similar_to	ID:21
ID:473	similar_to	ID:41
ID:473	similar_to	ID:285
ID:473	similar_to	ID:297
ID:473	similar_to	ID:351
ID:473	similar_to	ID:434
ID:473	similar_to	ID:461
ID:473	similar_to	ID:473
ID:473	similar_to	ID:476
ID:473	similar_to	ID:679
ID:473	similar_to	ID:853
ID:474	similar_to	ID:27
ID:474	similar_to	ID:474
ID:474	similar_to	ID:554
ID:474	similar_to	ID:913
ID:475	similar_to	ID:161
ID:475	similar_to	ID:361
ID:475	similar_to	ID:475
ID:475	similar_to	ID:512
ID:475	similar_to	ID:622
ID:475	similar_to	ID:783
ID:475	similar_to	ID:929
ID:476	similar_to	ID:21
ID:476	similar_to	ID:41
ID:476	similar_to	ID:285
ID:476	similar_to	ID:297
ID:476	similar_to	ID:351
ID:476	similar_to	ID:434
ID:476	similar_to	ID:461
ID:476	similar_to	ID:473
ID:476	similar_to	ID:476
ID:476	similar_to	ID:679
ID:476	similar_to	ID:853
ID:477	similar_to	ID:131
ID:477	similar_to	ID:138
ID:477	similar_to	ID:193
ID:477	similar_to	ID:359
ID:477	similar_to	ID:477
ID:477	similar_to	ID:545
ID:477	similar_to	ID:817
ID:477	similar_to	ID:883
ID:478	similar_to	ID:45
ID:478	similar_to	ID:308
ID:478	similar_to	ID:345
ID:478	similar_to	ID:407
ID:478	similar_to	ID:471
ID:478	similar_to	ID:478
ID:478	similar_to	ID:631
ID:478	similar_to	ID:636
ID:478	similar_to	ID:703
ID:478	similar_to	ID:765
ID:478	similar_to	ID:829
ID:478	similar_to	ID:988
ID:479	similar_to	ID:85
ID:479	similar_to	ID:349
ID:479	similar_to	ID:479
ID:480	similar_to	ID:1
ID:480	similar_to	ID:25
ID:480	similar_to	ID:94
ID:480	similar_to	ID:113
ID:480	similar_to	ID:180
ID:480	similar_to	ID:217
ID:480	similar_to	ID:240
ID:480	similar_to	ID:365
ID:480	similar_to	ID:373
ID:480	similar_to	ID:404
ID:480	similar_to	ID:426
ID:480	similar_to	ID:462
ID:480	similar_to	ID:465
ID:480	similar_to	ID:480
ID:480	similar_to	ID:562
ID:480	similar_to	ID:654
ID:480	similar_to	ID:745
ID:480	similar_to	ID:781
ID:480	similar_to	ID:803
ID:480	similar_to	ID:806
ID:480	similar_to	ID:832
ID:480	similar_to	ID:844
ID:480	similar_to	ID:868
ID:480	similar_to	ID:878
ID:480	similar_to	ID:920
ID:480	similar_to	ID:984
ID:481	similar_to	ID:126
ID:481	similar_to	ID:251
ID:481	similar_to	ID:294
ID:481	similar_to	ID:481
ID:481	similar_to	ID:601
ID:481	similar_to	ID:830
ID:481	similar_to	ID:879
ID:482	similar_to	ID:245
ID:482	similar_to	ID:258
ID:482	similar_to	ID:313
ID:482	similar_to	ID:482
ID:482	similar_to	ID:657
ID:482	similar_to	ID:760
ID:482	similar_to	ID:926
ID:482	similar_to	ID:996
ID:483	similar_to	ID:483
ID:483	similar_to	ID:596
ID:483	similar_to	ID:699
ID:483	similar_to	ID:951
ID:484	similar_to	ID:3
ID:484	similar_to	ID:424
ID:484	similar_to	ID:484
ID:484	similar_to	ID:638
ID:484	similar_to	ID:641
ID:484	similar_to	ID:866
ID:484	similar_to	ID:964
ID:484	similar_to	ID:997
ID:485	similar_to	ID:10
ID:485	similar_to	ID:81
ID:485	similar_to	ID:109
ID:485	similar_to	ID:254
ID:485	similar_to	ID:321
ID:485	similar_to	ID:398
ID:485	similar_to	ID:437
ID:485	similar_to	ID:454
ID:485	similar_to	ID:485
ID:485	similar_to	ID:568
ID:485	similar_to	ID:580
ID:485	similar_to	ID:721
ID:485	similar_to	ID:986
ID:486	similar_to	ID:60
ID:486	similar_to	ID:256
ID:486	similar_to	ID:296
ID:486	similar_to	ID:486
ID:486	similar_to	ID:487
ID:486	similar_to	ID:693
ID:486	similar_to	ID:892
ID:486	similar_to	ID:921
ID:487	similar_to	ID:60
ID:487	similar_to	ID:256
ID:487	similar_to	ID:296
ID:487	similar_to	ID:486
ID:487	similar_to	ID:487
ID:487	similar_to	ID:693
ID:487	similar_to	ID:892
ID:487	similar_to	ID:921
ID:488	similar_to	ID:20
ID:488	similar_to	ID:140
ID:488	similar_to	ID:179
ID:488	similar_to	ID:236
ID:488	similar_to	ID:268
ID:488	similar_to	ID:382
ID:488	similar_to	ID:427
ID:488	similar_to	ID:488
ID:488	similar_to	ID:509
ID:488	similar_to	ID:553
ID:488	similar_to	ID:579
ID:488	similar_to	ID:595
ID:488	similar_to	ID:629
ID:488	similar_to	ID:643
ID:489	similar_to	ID:6
ID:489	similar_to	ID:62
ID:489	similar_to	ID:489
ID:489	similar_to	ID:564
ID:489	similar_to	ID:576
ID:489	similar_to	ID:628
ID:489	similar_to	ID:642
ID:489	similar_to	ID:812
ID:489	similar_to	ID:945
ID:490	similar_to	ID:490
ID:490	similar_to	ID:555
ID:490	similar_to	ID:746
ID:490	similar_to	ID:768
ID:490	similar_to	ID:833
ID:490	similar_to	ID:905
ID:491	similar_to	ID:118
ID:491	similar_to	ID:491
ID:491	similar_to	ID:557
ID:491	similar_to	ID:683
ID:491	similar_to	ID:767
ID:491	similar_to	ID:805
ID:491	similar_to	ID:808
ID:492	similar_to	ID:466
ID:492	similar_to	ID:492
ID:492	similar_to	ID:537
ID:492	similar_to	ID:677
ID:492	similar_to	ID:863
ID:492	similar_to	ID:931
ID:492	similar_to	ID:932
ID:493	similar_to	ID:82
ID:493	similar_to	ID:153
ID:493	similar_to	ID:320
ID:493	similar_to	ID:493
ID:493	similar_to	ID:807
ID:494	similar_to	ID:366
ID:494	similar_to	ID:494
ID:494	similar_to	ID:731
ID:495	similar_to	ID:99
ID:495	similar_to	ID:495
ID:495	similar_to	ID:608
ID:496	similar_to	ID:446
ID:496	similar_to	ID:496
ID:496	similar_to	ID:517
ID:496	similar_to	ID:647
ID:496	similar_to	ID:827
ID:497	similar_to	ID:106
ID:497	similar_to	ID:156
ID:497	similar_to	ID:357
ID:497	similar_to	ID:430
ID:497	similar_to	ID:497
ID:497	similar_to	ID:518
ID:497	similar_to	ID:784
ID:497	similar_to	ID:811
ID:498	similar_to	ID:340
ID:498	similar_to	ID:498
ID:498	similar_to	ID:500
ID:498	similar_to	ID:777
ID:498	similar_to	ID:791
ID:499	similar_to	ID:104
ID:499	similar_to	ID:178
ID:499	similar_to	ID:197
ID:499	similar_to	ID:209
ID:499	similar_to	ID:342
ID:499	similar_to	ID:499
ID:499	similar_to	ID:664
ID:499	similar_to	ID:720
ID:500	similar_to	ID:340
ID:500	similar_to	ID:498
ID:500	similar_to	ID:500
ID:500	similar_to	ID:777
ID:500	similar_to	ID:791
ID:501	similar_to	ID:42
ID:501	similar_to	ID:50
ID:501	similar_to	ID:214
ID:501	similar_to	ID:305
ID:501	similar_to	ID:445
ID:501	similar_to	ID:501
ID:501	similar_to	ID:943
ID:502	similar_to	ID:97
ID:502	similar_to	ID:111
ID:502	similar_to	ID:281
ID:502	similar_to	ID:303
ID:502	similar_to	ID:502
ID:502	similar_to	ID:668
ID:502	similar_to	ID:770
ID:502	similar_to	ID:802
ID:502	similar_to	ID:918
ID:503	similar_to	ID:54
ID:503	similar_to	ID:183
ID:503	similar_to	ID:277
ID:503	similar_to	ID:469
ID:503	similar_to	ID:503
ID:503	similar_to	ID:535
ID:503	similar_to	ID:552
ID:503	similar_to	ID:635
ID:503	similar_to	ID:763
ID:503	similar_to	ID:792
ID:503	similar_to	ID:928
ID:504	similar_to	ID:271
ID:504	similar_to	ID:504
ID:504	similar_to	ID:613
ID:504	similar_to	ID:728
ID:505	similar_to	ID:56
ID:505	similar_to	ID:58
ID:505	similar_to	ID:86
ID:505	similar_to	ID:288
ID:505	similar_to	ID:370
ID:505	similar_to	ID:413
ID:505	similar_to	ID:505
ID:505	similar_to	ID:702
ID:505	similar_to	ID:831
ID:505	similar_to	ID:880
ID:505	similar_to	ID:882
ID:506	similar_to	ID:339
ID:506	similar_to	ID:433
ID:506	similar_to	ID:506
ID:506	similar_to	ID:612
ID:506	similar_to	ID:678
ID:506	similar_to	ID:751
ID:506	similar_to	ID:927
ID:506	similar_to	ID:959
ID:507	similar_to	ID:57
ID:507	similar_to	ID:147
ID:507	similar_to	ID:192
ID:507	similar_to	ID:201
ID:507	similar_to	ID:276
ID:507	similar_to	ID:326
ID:507	similar_to	ID:455
ID:507	similar_to	ID:463
ID:507	similar_to	ID:507
ID:507	similar_to	ID:533
ID:507	similar_to	ID:569
ID:507	similar_to	ID:581
ID:507	similar_to	ID:639
ID:507	similar_to	ID:712
ID:507	similar_to	ID:779
ID:507	similar_to	ID:952
ID:507	similar_to	ID:989
ID:508	similar_to	ID:170
ID:508	similar_to	ID:215
ID:508	similar_to	ID:323
ID:508	similar_to	ID:352
ID:508	similar_to	ID:508
ID:508	similar_to	ID:529
ID:508	similar_to	ID:541
ID:508	similar_to	ID:559
ID:508	similar_to	ID:850
ID:509	similar_to	ID:20
ID:509	similar_to	ID:140
ID:509	similar_to	ID:179
ID:509	similar_to	ID:236
ID:509	similar_to	ID:268
ID:509	similar_to	ID:382
ID:509	similar_to	ID:427
ID:509	similar_to	ID:488
ID:509	similar_to	ID:509
ID:509	similar_to	ID:553
ID:509	similar_to	ID:579
ID:509	similar_to	ID:595
ID:509	similar_to	ID:629
ID:509	similar_to	ID:643
ID:510	similar_to	ID:74
ID:510	similar_to	ID:103
ID:510	similar_to	ID:136
ID:510	similar_to	ID:162
ID:510	similar_to	ID:187
ID:510	similar_to	ID:191
ID:510	similar_to	ID:195
ID:510	similar_to	ID:204
ID:510	similar_to	ID:335
ID:510	similar_to	ID:387
ID:510	similar_to	ID:408
ID:510	similar_to	ID:459
ID:510	similar_to	ID:510
ID:510	similar_to	ID:540
ID:510	similar_to	ID:611
ID:510	similar_to	ID:630
ID:511	similar_to	ID:84
ID:511	similar_to	ID:249
ID:511	similar_to	ID:338
ID:511	similar_to	ID:511
ID:511	similar_to	ID:799
ID:511	similar_to	ID:923
ID:511	similar_to	ID:933
ID:512	similar_to	ID:161
ID:512	similar_to	ID:361
ID:512	similar_to	ID:475
ID:512	similar_to	ID:512
ID:512	similar_to	ID:622
ID:512	similar_to	ID:783
ID:512	similar_to	ID:929
ID:513	similar_to	ID:173
ID:513	similar_to	ID:314
ID:513	similar_to	ID:344
ID:513	similar_to	ID:513
ID:513	similar_to	ID:570
ID:514	similar_to	ID:11
ID:514	similar_to	ID:160
ID:514	similar_to	ID:514
ID:514	similar_to	ID:773
ID:514	similar_to	ID:947
ID:515	similar_to	ID:78
ID:515	similar_to	ID:325
ID:515	similar_to	ID:385
ID:515	similar_to	ID:419
ID:515	similar_to	ID:515
ID:515	similar_to	ID:618
ID:515	similar_to	ID:696
ID:515	similar_to	ID:744
ID:515	similar_to	ID:865
ID:515	similar_to	ID:946
ID:516	similar_to	ID:51
ID:516	similar_to	ID:108
ID:516	similar_to	ID:219
ID:516	similar_to	ID:379
ID:516	similar_to	ID:516
ID:516	similar_to	ID:645
ID:516	similar_to	ID:670
ID:516	similar_to	ID:707
ID:516	similar_to	ID:804
ID:516	similar_to	ID:814
ID:516	similar_to	ID:843
ID:516	similar_to	ID:977
ID:517	similar_to	ID:446
ID:517	similar_to	ID:496
ID:517	similar_to	ID:517
ID:517	similar_to	ID:647
ID:517	similar_to	ID:827
ID:518	similar_to	ID:106
ID:518	similar_to	ID:156
ID:518	similar_to	ID:357
ID:518	similar_to	ID:430
ID:518	similar_to	ID:497
ID:518	similar_to	ID:518
ID:518	similar_to	ID:784
ID:518	similar_to	ID:811
ID:519	similar_to	ID:76
ID:519	similar_to	ID:93
ID:519	similar_to	ID:272
ID:519	similar_to	ID:393
ID:519	similar_to	ID:428
ID:519	similar_to	ID:442
ID:519	similar_to	ID:519
ID:519	similar_to	ID:660
ID:519	similar_to	ID:667
ID:519	similar_to	ID:704
ID:519	similar_to	ID:864
ID:519	similar_to	ID:885
ID:519	similar_to	ID:886
ID:519	similar_to	ID:937
ID:519	similar_to	ID:957
ID:520	similar_to	ID:238
ID:520	similar_to	ID:239
ID:520	similar_to	ID:244
ID:520	similar_to	ID:255
ID:520	similar_to	ID:311
ID:520	similar_to	ID:436
ID:520	similar_to	ID:520
ID:520	similar_to	ID:548
ID:520	similar_to	ID:689
ID:520	similar_to	ID:840
ID:521	similar_to	ID:69
ID:521	similar_to	ID:144
ID:521	similar_to	ID:392
ID:521	similar_to	ID:394
ID:521	similar_to	ID:521
ID:521	similar_to	ID:549
ID:521	similar_to	ID:673
ID:521	similar_to	ID:915
ID:522	similar_to	ID:34
ID:522	similar_to	ID:522
ID:522	similar_to	ID:525
ID:523	similar_to	ID:523
ID:523	similar_to	ID:528
ID:523	similar_to	ID:534
ID:523	similar_to	ID:621
ID:523	similar_to	ID:650
ID:523	similar_to	ID:698
ID:523	similar_to	ID:716
ID:523	similar_to	ID:809
ID:523	similar_to	ID:911
ID:523	similar_to	ID:953
ID:524	similar_to	ID:282
ID:524	similar_to	ID:348
ID:524	similar_to	ID:524
ID:524	similar_to	ID:606
ID:524	similar_to	ID:700
ID:524	similar_to	ID:797
ID:524	similar_to	ID:839
ID:525	similar_to	ID:34
ID:525	similar_to	ID:522
ID:525	similar_to	ID:525
ID:526	similar_to	ID:526
ID:526	similar_to	ID:536
ID:526	similar_to	ID:634
ID:526	similar_to	ID:715
ID:527	similar_to	ID:158
ID:527	similar_to	ID:527
ID:527	similar_to	ID:930
ID:528	similar_to	ID:523
ID:528	similar_to	ID:528
ID:528	similar_to	ID:534
ID:528	similar_to	ID:621
ID:528	similar_to	ID:650
ID:528	similar_to	ID:698
ID:528	similar_to	ID:716
ID:528	similar_to	ID:809
ID:528	similar_to	ID:911
ID:528	similar_to	ID:953
ID:529	similar_to	ID:170
ID:529	similar_to	ID:215
ID:529	similar_to	ID:323
ID:529	similar_to	ID:352
ID:529	similar_to	ID:508
ID:529	similar_to	ID:529
ID:529	similar_to	ID:541
ID:529	similar_to	ID:559
ID:529	similar_to	ID:850
ID:530	similar_to	ID:172
ID:530	similar_to	ID:530
ID:530	similar_to	ID:847
ID:530	similar_to	ID:881
ID:531	similar_to	ID:14
ID:531	similar_to	ID:19
ID:531	similar_to	ID:52
ID:531	similar_to	ID:89
ID:531	similar_to	ID:133
ID:531	similar_to	ID:137
ID:531	similar_to	ID:139
ID:531	similar_to	ID:143
ID:531	similar_to	ID:174
ID:531	similar_to	ID:176
ID:531	similar_to	ID:237
ID:531	similar_to	ID:284
ID:531	similar_to	ID:287
ID:531	similar_to	ID:384
ID:531	similar_to	ID:531
ID:531	similar_to	ID:565
ID:531	similar_to	ID:591
ID:531	similar_to	ID:701
ID:531	similar_to	ID:759
ID:531	similar_to	ID:776
ID:531	similar_to	ID:938
ID:531	similar_to	ID:994
ID:532	similar_to	ID:246
ID:532	similar_to	ID:333
ID:532	similar_to	ID:376
ID:532	similar_to	ID:402
ID:532	similar_to	ID:532
ID:532	similar_to	ID:547
ID:533	similar_to	ID:57
ID:533	similar_to	ID:147
ID:533	similar_to	ID:192
ID:533	similar_to	ID:201
ID:533	similar_to	ID:276
ID:533	similar_to	ID:326
ID:533	similar_to	ID:455
ID:533	similar_to	ID:463
ID:533	similar_to	ID:507
ID:533	similar_to	ID:533
ID:533	similar_to	ID:569
ID:533	similar_to	ID:581
ID:533	similar_to	ID:639
ID:533	similar_to	ID:712
ID:533	similar_to	ID:779
ID:533	similar_to	ID:952
ID:533	similar_to	ID:989
ID:534	similar_to	ID:523
ID:534	similar_to	ID:528
ID:534	similar_to	ID:534
ID:534	similar_to	ID:621
ID:534	similar_to	ID:650
ID:534	similar_to	ID:698
ID:534	similar_to	ID:716
ID:534	similar_to	ID:809
ID:534	similar_to	ID:911
ID:534	similar_to	ID:953
ID:535	similar_to	ID:54
ID:535	similar_to	ID:183
ID:535	similar_to	ID:277
ID:535	similar_to	ID:469
ID:535	similar_to	ID:503
ID:535	similar_to	ID:535
ID:535	similar_to	ID:552
ID:535	similar_to	ID:635
ID:535	similar_to	ID:763
ID:535	similar_to	ID:792
ID:535	similar_to	ID:928
ID:536	similar_to	ID:526
ID:536	similar_to	ID:536
ID:536	similar_to	ID:634
ID:536	similar_to	ID:715
ID:537	similar_to	ID:466
ID:537	similar_to	ID:492
ID:537	similar_to	ID:537
ID:537	similar_to	ID:677
ID:537	similar_to	ID:863
ID:537	similar_to	ID:931
ID:537	similar_to	ID:932
ID:538	similar_to	ID:538
ID:538	similar_to	ID:901
ID:539	similar_to	ID:87
ID:539	similar_to	ID:112
ID:539	similar_to	ID:175
ID:539	similar_to	ID:539
ID:539	similar_to	ID:546
ID:539	similar_to	ID:587
ID:539	similar_to	ID:758
ID:539	similar_to	ID:761
ID:539	similar_to	ID:795
ID:539	similar_to	ID:971
ID:540	similar_to	ID:74
ID:540	similar_to	ID:103
ID:540	similar_to	ID:136
ID:540	similar_to	ID:162
ID:540	similar_to	ID:187
ID:540	similar_to	ID:191
ID:540	similar_to	ID:195
ID:540	similar_to	ID:204
ID:540	similar_to	ID:335
ID:540	similar_to	ID:387
ID:540	similar_to	ID:408
ID:540	similar_to	ID:459
ID:540	similar_to	ID:510
ID:540	similar_to	ID:540
ID:540	similar_to	ID:611
ID:540	similar_to	ID:630
ID:541	similar_to	ID:170
ID:541	similar_to	ID:215
ID:541	similar_to	ID:323
ID:541	similar_to	ID:352
ID:541	similar_to	ID:508
ID:541	similar_to	ID:529
ID:541	similar_to	ID:541
ID:541	similar_to	ID:559
ID:541	similar_to	ID:850
ID:542	similar_to	ID:0
ID:542	similar_to	ID:77
ID:542	similar_to	ID:124
ID:542	similar_to	ID:216
ID:542	similar_to	ID:252
ID:542	similar_to	ID:542
ID:542	similar_to	ID:551
ID:542	similar_to	ID:788
ID:543	similar_to	ID:43
ID:543	similar_to	ID:92
ID:543	similar_to	ID:543
ID:544	similar_to	ID:36
ID:544	similar_to	ID:145
ID:544	similar_to	ID:185
ID:544	similar_to	ID:208
ID:544	similar_to	ID:270
ID:544	similar_to	ID:360
ID:544	similar_to	ID:409
ID:544	similar_to	ID:464
ID:544	similar_to	ID:544
ID:544	similar_to	ID:648
ID:544	similar_to	ID:980
ID:545	similar_to	ID:131
ID:545	similar_to	ID:138
ID:545	similar_to	ID:193
ID:545	similar_to	ID:359
ID:545	similar_to	ID:477
ID:545	similar_to	ID:545
ID:545	similar_to	ID:817
ID:545	similar_to	ID:883
ID:546	similar_to	ID:87
ID:546	similar_to	ID:112
ID:546	similar_to	ID:175
ID:546	similar_to	ID:539
ID:546	similar_to	ID:546
ID:546	similar_to	ID:587
ID:546	similar_to	ID:758
ID:546	similar_to	ID:761
ID:546	similar_to	ID:795
ID:546	similar_to	ID:971
ID:547	similar_to	ID:246
ID:547	similar_to	ID:333
ID:547	similar_to	ID:376
ID:547	similar_to	ID:402
ID:547	similar_to	ID:532
ID:547	similar_to	ID:547
ID:548	similar_to	ID:238
ID:548	similar_to	ID:239
ID:548	similar_to	ID:244
ID:548	similar_to	ID:255
ID:548	similar_to	ID:311
ID:548	similar_to	ID:436
ID:548	similar_to	ID:520
ID:548	similar_to	ID:548
ID:548	similar_to	ID:689
ID:548	similar_to	ID:840
ID:549	similar_to	ID:69
ID:549	similar_to	ID:144
ID:549	similar_to	ID:392
ID:549	similar_to	ID:394
ID:549	similar_to	ID:521
ID:549	similar_to	ID:549
ID:549	similar_to	ID:673
ID:549	similar_to	ID:915
ID:550	similar_to	ID:231
ID:550	similar_to	ID:304
ID:550	similar_to	ID:309
ID:550	similar_to	ID:443
ID:550	similar_to	ID:460
ID:550	similar_to	ID:550
ID:550	similar_to	ID:854
ID:551	similar_to	ID:0
ID:551	similar_to	ID:77
ID:551	similar_to	ID:124
ID:551	similar_to	ID:216
ID:551	similar_to	ID:252
ID:551	similar_to	ID:542
ID:551	similar_to	ID:551
ID:551	similar_to	ID:788
ID:552	similar_to	ID:54
ID:552	similar_to	ID:183
ID:552	similar_to	ID:277
ID:552	similar_to	ID:469
ID:552	similar_to	ID:503
ID:552	similar_to	ID:535
ID:552	similar_to	ID:552
ID:552	similar_to	ID:635
ID:552	similar_to	ID:763
ID:552	similar_to	ID:792
ID:552	similar_to	ID:928
ID:553	similar_to	ID:20
ID:553	similar_to	ID:140
ID:553	similar_to	ID:179
ID:553	similar_to	ID:236
ID:553	similar_to	ID:268
ID:553	similar_to	ID:382
ID:553	similar_to	ID:427
ID:553	similar_to	ID:488
ID:553	similar_to	ID:509
ID:553	similar_to	ID:553
ID:553	similar_to	ID:579
ID:553	similar_to	ID:595
ID:553	similar_to	ID:629
ID:553	similar_to	ID:643
ID:554	similar_to	ID:27
ID:554	similar_to	ID:474
ID:554	similar_to	ID:554
ID:554	similar_to	ID:913
ID:555	similar_to	ID:490
ID:555	similar_to	ID:555
ID:555	similar_to	ID:746
ID:555	similar_to	ID:768
ID:555	similar_to	ID:833
ID:555	similar_to	ID:905
ID:556	similar_to	ID:114
ID:556	similar_to	ID:234
ID:556	similar_to	ID:431
ID:556	similar_to	ID:556
ID:556	similar_to	ID:585
ID:556	similar_to	ID:610
ID:556	similar_to	ID:825
ID:556	similar_to	ID:893
ID:556	similar_to	ID:978
ID:557	similar_to	ID:118
ID:557	similar_to	ID:491
ID:557	similar_to	ID:557
ID:557	similar_to	ID:683
ID:557	similar_to	ID:767
ID:557	similar_to	ID:805
ID:557	similar_to	ID:808
ID:558	similar_to	ID:18
ID:558	similar_to	ID:371
ID:558	similar_to	ID:558
ID:558	similar_to	ID:590
ID:558	similar_to	ID:872
ID:559	similar_to	ID:170
ID:559	similar_to	ID:215
ID:559	similar_to	ID:323
ID:559	similar_to	ID:352
ID:559	similar_to	ID:508
ID:559	similar_to	ID:529
ID:559	similar_to	ID:541
ID:559	similar_to	ID:559
ID:559	similar_to	ID:850
ID:560	similar_to	ID:24
ID:560	similar_to	ID:120
ID:560	similar_to	ID:190
ID:560	similar_to	ID:275
ID:560	similar_to	ID:280
ID:560	similar_to	ID:560
ID:560	similar_to	ID:778
ID:560	similar_to	ID:955
ID:561	similar_to	ID:337
ID:561	similar_to	ID:368
ID:561	similar_to	ID:561
ID:561	similar_to	ID:602
ID:561	similar_to	ID:747
ID:562	similar_to	ID:1
ID:562	similar_to	ID:25
ID:562	similar_to	ID:94
ID:562	similar_to	ID:113
ID:562	similar_to	ID:180
ID:562	similar_to	ID:217
ID:562	similar_to	ID:240
ID:562	similar_to	ID:365
ID:562	similar_to	ID:373
ID:562	similar_to	ID:404
ID:562	similar_to	ID:426
ID:562	similar_to	ID:462
ID:562	similar_to	ID:465
ID:562	similar_to	ID:480
ID:562	similar_to	ID:562
ID:562	similar_to	ID:654
ID:562	similar_to	ID:745
ID:562	similar_to	ID:781
ID:562	similar_to	ID:803
ID:562	similar_to	ID:806
ID:562	similar_to	ID:832
ID:562	similar_to	ID:844
ID:562	similar_to	ID:868
ID:562	similar_to	ID:878
ID:562	similar_to	ID:920
ID:562	similar_to	ID:984
ID:563	similar_to	ID:16
ID:563	similar_to	ID:253
ID:563	similar_to	ID:310
ID:563	similar_to	ID:380
ID:563	similar_to	ID:390
ID:563	similar_to	ID:563
ID:563	similar_to	ID:586
ID:563	similar_to	ID:724
ID:563	similar_to	ID:742
ID:563	similar_to	ID:867
ID:563	similar_to	ID:902
ID:563	similar_to	ID:963
ID:563	similar_to	ID:970
ID:564	similar_to	ID:6
ID:564	similar_to	ID:62
ID:564	similar_to	ID:489
ID:564	similar_to	ID:564
ID:564	similar_to	ID:576
ID:564	similar_to	ID:628
ID:564	similar_to	ID:642
ID:564	similar_to	ID:812
ID:564	similar_to	ID:945
ID:565	similar_to	ID:14
ID:565	similar_to	ID:19
ID:565	similar_to	ID:52
ID:565	similar_to	ID:89
ID:565	similar_to	ID:133
ID:565	similar_to	ID:137
ID:565	similar_to	ID:139
ID:565	similar_to	ID:143
ID:565	similar_to	ID:174
ID:565	similar_to	ID:176
ID:565	similar_to	ID:237
ID:565	similar_to	ID:284
ID:565	similar_to	ID:287
ID:565	similar_to	ID:384
ID:565	similar_to	ID:531
ID:565	similar_to	ID:565
ID:565	similar_to	ID:591
ID:565	similar_to	ID:701
ID:565	similar_to	ID:759
ID:565	similar_to	ID:776
ID:565	similar_to	ID:938
ID:565	similar_to	ID:994
ID:566	similar_to	ID:100
ID:566	similar_to	ID:206
ID:566	similar_to	ID:566
ID:566	similar_to	ID:597
ID:566	similar_to	ID:993
ID:567	similar_to	ID:177
ID:567	similar_to	ID:567
ID:567	similar_to	ID:708
ID:567	similar_to	ID:737
ID:567	similar_to	ID:981
ID:568	similar_to	ID:10
ID:568	similar_to	ID:81
ID:568	similar_to	ID:109
ID:568	similar_to	ID:254
ID:568	similar_to	ID:321
ID:568	similar_to	ID:398
ID:568	similar_to	ID:437
ID:568	similar_to	ID:454
ID:568	similar_to	ID:485
ID:568	similar_to	ID:568
ID:568	similar_to	ID:580
ID:568	similar_to	ID:721
ID:568	similar_to	ID:986
ID:569	similar_to	ID:57
ID:569	similar_to	ID:147
ID:569	similar_to	ID:192
ID:569	similar_to	ID:201
ID:569	similar_to	ID:276
ID:569	similar_to	ID:326
ID:569	similar_to	ID:455
ID:569	similar_to	ID:463
ID:569	similar_to	ID:507
ID:569	similar_to	ID:533
ID:569	similar_to	ID:569
ID:569	similar_to	ID:581
ID:569	similar_to	ID:639
ID:569	similar_to	ID:712
ID:569	similar_to	ID:779
ID:569	similar_to	ID:952
ID:569	similar_to	ID:989
ID:570	similar_to	ID:173
ID:570	similar_to	ID:314
ID:570	similar_to	ID:344
ID:570	similar_to	ID:513
ID:570	similar_to	ID:570
ID:571	similar_to	ID:435
ID:571	similar_to	ID:571
ID:572	similar_to	ID:248
ID:572	similar_to	ID:261
ID:572	similar_to	ID:374
ID:572	similar_to	ID:381
ID:572	similar_to	ID:572
ID:572	similar_to	ID:685
ID:572	similar_to	ID:741
ID:572	similar_to	ID:771
ID:572	similar_to	ID:838
ID:572	similar_to	ID:855
ID:573	similar_to	ID:73
ID:573	similar_to	ID:128
ID:573	similar_to	ID:213
ID:573	similar_to	ID:262
ID:573	similar_to	ID:388
ID:573	similar_to	ID:573
ID:573	similar_to	ID:753
ID:573	similar_to	ID:851
ID:573	similar_to	ID:891
ID:574	similar_to	ID:8
ID:574	similar_to	ID:141
ID:574	similar_to	ID:574
ID:574	similar_to	ID:743
ID:575	similar_to	ID:575
ID:575	similar_to	ID:733
ID:576	similar_to	ID:6
ID:576	similar_to	ID:62
ID:576	similar_to	ID:489
ID:576	similar_to	ID:564
ID:576	similar_to	ID:576
ID:576	similar_to	ID:628
ID:576	similar_to	ID:642
ID:576	similar_to	ID:812
ID:576	similar_to	ID:945
ID:577	similar_to	ID:299
ID:577	similar_to	ID:577
ID:577	similar_to	ID:604
ID:578	similar_to	ID:135
ID:578	similar_to	ID:157
ID:578	similar_to	ID:168
ID:578	similar_to	ID:227
ID:578	similar_to	ID:260
ID:578	similar_to	ID:375
ID:578	similar_to	ID:578
ID:578	similar_to	ID:582
ID:578	similar_to	ID:732
ID:578	similar_to	ID:757
ID:578	similar_to	ID:824
ID:578	similar_to	ID:897
ID:578	similar_to	ID:966
ID:578	similar_to	ID:975
ID:579	similar_to	ID:20
ID:579	similar_to	ID:140
ID:579	similar_to	ID:179
ID:579	similar_to	ID:236
ID:579	similar_to	ID:268
ID:579	similar_to	ID:382
ID:579	similar_to	ID:427
ID:579	similar_to	ID:488
ID:579	similar_to	ID:509
ID:579	similar_to	ID:553
ID:579	similar_to	ID:579
ID:579	similar_to	ID:595
ID:579	similar_to	ID:629
ID:579	similar_to	ID:643
ID:580	similar_to	ID:10
ID:580	similar_to	ID:81
ID:580	similar_to	ID:109
ID:580	similar_to	ID:254
ID:580	similar_to	ID:321
ID:580	similar_to	ID:398
ID:580	similar_to	ID:437
ID:580	similar_to	ID:454
ID:580	similar_to	ID:485
ID:580	similar_to	ID:568
ID:580	similar_to	ID:580
ID:580	similar_to	ID:721
ID:580	similar_to	ID:986
ID:581	similar_to	ID:57
ID:581	similar_to	ID:147
ID:581	similar_to	ID:192
ID:581	similar_to	ID:201
ID:581	similar_to	ID:276
ID:581	similar_to	ID:326
ID:581	similar_to	ID:455
ID:581	similar_to	ID:463
ID:581	similar_to	ID:507
ID:581	similar_to	ID:533
ID:581	similar_to	ID:569
ID:581	similar_to	ID:581
ID:581	similar_to	ID:639
ID:581	similar_to	ID:712
ID:581	similar_to	ID:779
ID:581	similar_to	ID:952
ID:581	similar_to	ID:989
ID:582	similar_to	ID:135
ID:582	similar_to	ID:157
ID:582	similar_to	ID:168
ID:582	similar_to	ID:227
ID:582	similar_to	ID:260
ID:582	similar_to	ID:375
ID:582	similar_to	ID:578
ID:582	similar_to	ID:582
ID:582	similar_to	ID:732
ID:582	similar_to	ID:757
ID:582	similar_to	ID:824
ID:582	similar_to	ID:897
ID:582	similar_to	ID:966
ID:582	similar_to	ID:975
ID:583	similar_to	ID:32
ID:583	similar_to	ID:65
ID:583	similar_to	ID:68
ID:583	similar_to	ID:186
ID:583	similar_to	ID:202
ID:583	similar_to	ID:422
ID:583	similar_to	ID:441
ID:583	similar_to	ID:452
ID:583	similar_to	ID:583
ID:583	similar_to	ID:725
ID:583	similar_to	ID:764
ID:583	similar_to	ID:785
ID:583	similar_to	ID:818
ID:583	similar_to	ID:820
ID:583	similar_to	ID:875
ID:583	similar_to	ID:890
ID:583	similar_to	ID:894
ID:583	similar_to	ID:925
ID:584	similar_to	ID:15
ID:584	similar_to	ID:83
ID:584	similar_to	ID:105
ID:584	similar_to	ID:150
ID:584	similar_to	ID:355
ID:584	similar_to	ID:584
ID:584	similar_to	ID:663
ID:584	similar_to	ID:852
ID:585	similar_to	ID:114
ID:585	similar_to	ID:234
ID:585	similar_to	ID:431
ID:585	similar_to	ID:556
ID:585	similar_to	ID:585
ID:585	similar_to	ID:610
ID:585	similar_to	ID:825
ID:585	similar_to	ID:893
ID:585	similar_to	ID:978
ID:586	similar_to	ID:16
ID:586	similar_to	ID:253
ID:586	similar_to	ID:310
ID:586	similar_to	ID:380
ID:586	similar_to	ID:390
ID:586	similar_to	ID:563
ID:586	similar_to	ID:586
ID:586	similar_to	ID:724
ID:586	similar_to	ID:742
ID:586	similar_to	ID:867
ID:586	similar_to	ID:902
ID:586	similar_to	ID:963
ID:586	similar_to	ID:970
ID:587	similar_to	ID:87
ID:587	similar_to	ID:112
ID:587	similar_to	ID:175
ID:587	similar_to	ID:539
ID:587	similar_to	ID:546
ID:587	similar_to	ID:587
ID:587	similar_to	ID:758
ID:587	similar_to	ID:761
ID:587	similar_to	ID:795
ID:587	similar_to	ID:971
ID:588	similar_to	ID:358
ID:588	similar_to	ID:448
ID:588	similar_to	ID:450
ID:588	similar_to	ID:588
ID:588	similar_to	ID:924
ID:588	similar_to	ID:936
ID:588	similar_to	ID:999
ID:589	similar_to	ID:389
ID:589	similar_to	ID:589
ID:589	similar_to	ID:774
ID:589	similar_to	ID:835
ID:590	similar_to	ID:18
ID:590	similar_to	ID:371
ID:590	similar_to	ID:558
ID:590	similar_to	ID:590
ID:590	similar_to	ID:872
ID:591	similar_to	ID:14
ID:591	similar_to	ID:19
ID:591	similar_to	ID:52
ID:591	similar_to	ID:89
ID:591	similar_to	ID:133
ID:591	similar_to	ID:137
ID:591	similar_to	ID:139
ID:591	similar_to	ID:143
ID:591	similar_to	ID:174
ID:591	similar_to	ID:176
ID:591	similar_to	ID:237
ID:591	similar_to	ID:284
ID:591	similar_to	ID:287
ID:591	similar_to	ID:384
ID:591	similar_to	ID:531
ID:591	similar_to	ID:565
ID:591	similar_to	ID:591
ID:591	similar_to	ID:701
ID:591	similar_to	ID:759
ID:591	similar_to	ID:776
ID:591	similar_to	ID:938
ID:591	similar_to	ID:994
ID:592	similar_to	ID:115
ID:592	similar_to	ID:259
ID:592	similar_to	ID:330
ID:592	similar_to	ID:592
ID:592	similar_to	ID:718
ID:593	similar_to	ID:88
ID:593	similar_to	ID:593
ID:593	similar_to	ID:690
ID:594	similar_to	ID:438
ID:594	similar_to	ID:594
ID:594	similar_to	ID:729
ID:595	similar_to	ID:20
ID:595	similar_to	ID:140
ID:595	similar_to	ID:179
ID:595	similar_to	ID:236
ID:595	similar_to	ID:268
ID:595	similar_to	ID:382
ID:595	similar_to	ID:427
ID:595	similar_to	ID:488
ID:595	similar_to	ID:509
ID:595	similar_to	ID:553
ID:595	similar_to	ID:579
ID:595	similar_to	ID:595
ID:595	similar_to	ID:629
ID:595	similar_to	ID:643
ID:596	similar_to	ID:483
ID:596	similar_to	ID:596
ID:596	similar_to	ID:699
ID:596	similar_to	ID:951
ID:597	similar_to	ID:100
ID:597	similar_to	ID:206
ID:597	similar_to	ID:566
ID:597	similar_to	ID:597
ID:597	similar_to	ID:993
ID:598	similar_to	ID:38
ID:598	similar_to	ID:347
ID:598	similar_to	ID:356
ID:598	similar_to	ID:598
ID:598	similar_to	ID:738
ID:598	similar_to	ID:982
ID:599	similar_to	ID:218
ID:599	similar_to	ID:599
ID:599	similar_to	ID:739
ID:599	similar_to	ID:834
ID:599	similar_to	ID:940
ID:600	similar_to	ID:417
ID:600	similar_to	ID:600
ID:600	similar_to	ID:684
ID:600	similar_to	ID:908
ID:601	similar_to	ID:126
ID:601	similar_to	ID:251
ID:601	similar_to	ID:294
ID:601	similar_to	ID:481
ID:601	similar_to	ID:601
ID:601	similar_to	ID:830
ID:601	similar_to	ID:879
ID:602	similar_to	ID:337
ID:602	similar_to	ID:368
ID:602	similar_to	ID:561
ID:602	similar_to	ID:602
ID:602	similar_to	ID:747
ID:603	similar_to	ID:241
ID:603	similar_to	ID:334
ID:603	similar_to	ID:603
ID:603	similar_to	ID:780
ID:604	similar_to	ID:299
ID:604	similar_to	ID:577
ID:604	similar_to	ID:604
ID:605	similar_to	ID:12
ID:605	similar_to	ID:232
ID:605	similar_to	ID:377
ID:605	similar_to	ID:605
ID:605	similar_to	ID:616
ID:605	similar_to	ID:987
ID:606	similar_to	ID:282
ID:606	similar_to	ID:348
ID:606	similar_to	ID:524
ID:606	similar_to	ID:606
ID:606	similar_to	ID:700
ID:606	similar_to	ID:797
ID:606	similar_to	ID:839
ID:607	similar_to	ID:364
ID:607	similar_to	ID:607
ID:607	similar_to	ID:949
ID:607	similar_to	ID:973
ID:608	similar_to	ID:99
ID:608	similar_to	ID:495
ID:608	similar_to	ID:608
ID:609	similar_to	ID:129
ID:609	similar_to	ID:199
ID:609	similar_to	ID:395
ID:609	similar_to	ID:609
ID:609	similar_to	ID:658
ID:609	similar_to	ID:705
ID:609	similar_to	ID:948
ID:610	similar_to	ID:114
ID:610	similar_to	ID:234
ID:610	similar_to	ID:431
ID:610	similar_to	ID:556
ID:610	similar_to	ID:585
ID:610	similar_to	ID:610
ID:610	similar_to	ID:825
ID:610	similar_to	ID:893
ID:610	similar_to	ID:978
ID:611	similar_to	ID:74
ID:611	similar_to	ID:103
ID:611	similar_to	ID:136
ID:611	similar_to	ID:162
ID:611	similar_to	ID:187
ID:611	similar_to	ID:191
ID:611	similar_to	ID:195
ID:611	similar_to	ID:204
ID:611	similar_to	ID:335
ID:611	similar_to	ID:387
ID:611	similar_to	ID:408
ID:611	similar_to	ID:459
ID:611	similar_to	ID:510
ID:611	similar_to	ID:540
ID:611	similar_to	ID:611
ID:611	similar_to	ID:630
ID:612	similar_to	ID:339
ID:612	similar_to	ID:433
ID:612	similar_to	ID:506
ID:612	similar_to	ID:612
ID:612	similar_to	ID:678
ID:612	similar_to	ID:751
ID:612	similar_to	ID:927
ID:612	similar_to	ID:959
ID:613	similar_to	ID:271
ID:613	similar_to	ID:504
ID:613	similar_to	ID:613
ID:613	similar_to	ID:728
ID:614	similar_to	ID:614
ID:614	similar_to	ID:676
ID:614	similar_to	ID:861
ID:615	similar_to	ID:59
ID:615	similar_to	ID:301
ID:615	similar_to	ID:420
ID:615	similar_to	ID:615
ID:615	similar_to	ID:713
ID:616	similar_to	ID:12
ID:616	similar_to	ID:232
ID:616	similar_to	ID:377
ID:616	similar_to	ID:605
ID:616	similar_to	ID:616
ID:616	similar_to	ID:987
ID:617	similar_to	ID:164
ID:617	similar_to	ID:235
ID:617	similar_to	ID:617
ID:617	similar_to	ID:869
ID:617	similar_to	ID:874
ID:618	similar_to	ID:78
ID:618	similar_to	ID:325
ID:618	similar_to	ID:385
ID:618	similar_to	ID:419
ID:618	similar_to	ID:515
ID:618	similar_to	ID:618
ID:618	similar_to	ID:696
ID:618	similar_to	ID:744
ID:618	similar_to	ID:865
ID:618	similar_to	ID:946
ID:619	similar_to	ID:80
ID:619	similar_to	ID:95
ID:619	similar_to	ID:132
ID:619	similar_to	ID:224
ID:619	similar_to	ID:619
ID:619	similar_to	ID:789
ID:620	similar_to	ID:23
ID:620	similar_to	ID:221
ID:620	similar_to	ID:229
ID:620	similar_to	ID:386
ID:620	similar_to	ID:412
ID:620	similar_to	ID:620
ID:620	similar_to	ID:649
ID:620	similar_to	ID:651
ID:620	similar_to	ID:674
ID:620	similar_to	ID:675
ID:620	similar_to	ID:960
ID:620	similar_to	ID:995
ID:621	similar_to	ID:523
ID:621	similar_to	ID:528
ID:621	similar_to	ID:534
ID:621	similar_to	ID:621
ID:621	similar_to	ID:650
ID:621	similar_to	ID:698
ID:621	similar_to	ID:716
ID:621	similar_to	ID:809
ID:621	similar_to	ID:911
ID:621	similar_to	ID:953
ID:622	similar_to	ID:161
ID:622	similar_to	ID:361
ID:622	similar_to	ID:475
ID:622	similar_to	ID:512
ID:622	similar_to	ID:622
ID:622	similar_to	ID:783
ID:622	similar_to	ID:929
ID:623	similar_to	ID:152
ID:623	similar_to	ID:171
ID:623	similar_to	ID:623
ID:623	similar_to	ID:734
ID:623	similar_to	ID:796
ID:624	similar_to	ID:26
ID:624	similar_to	ID:30
ID:624	similar_to	ID:40
ID:624	similar_to	ID:273
ID:624	similar_to	ID:624
ID:624	similar_to	ID:652
ID:624	similar_to	ID:723
ID:625	similar_to	ID:31
ID:625	similar_to	ID:257
ID:625	similar_to	ID:327
ID:625	similar_to	ID:346
ID:625	similar_to	ID:453
ID:625	similar_to	ID:625
ID:625	similar_to	ID:691
ID:625	similar_to	ID:860
ID:625	similar_to	ID:877
ID:625	similar_to	ID:900
ID:625	similar_to	ID:954
ID:626	similar_to	ID:96
ID:626	similar_to	ID:122
ID:626	similar_to	ID:415
ID:626	similar_to	ID:458
ID:626	similar_to	ID:626
ID:626	similar_to	ID:837
ID:626	similar_to	ID:859
ID:627	similar_to	ID:49
ID:627	similar_to	ID:110
ID:627	similar_to	ID:205
ID:627	similar_to	ID:242
ID:627	similar_to	ID:306
ID:627	similar_to	ID:400
ID:627	similar_to	ID:423
ID:627	similar_to	ID:627
ID:627	similar_to	ID:706
ID:627	similar_to	ID:815
ID:627	similar_to	ID:967
ID:628	similar_to	ID:6
ID:628	similar_to	ID:62
ID:628	similar_to	ID:489
ID:628	similar_to	ID:564
ID:628	similar_to	ID:576
ID:628	similar_to	ID:628
ID:628	similar_to	ID:642
ID:628	similar_to	ID:812
ID:628	similar_to	ID:945
ID:629	similar_to	ID:20
ID:629	similar_to	ID:140
ID:629	similar_to	ID:179
ID:629	similar_to	ID:236
ID:629	similar_to	ID:268
ID:629	similar_to	ID:382
ID:629	similar_to	ID:427
ID:629	similar_to	ID:488
ID:629	similar_to	ID:509
ID:629	similar_to	ID:553
ID:629	similar_to	ID:579
ID:629	similar_to	ID:595
ID:629	similar_to	ID:629
ID:629	similar_to	ID:643
ID:630	similar_to	ID:74
ID:630	similar_to	ID:103
ID:630	similar_to	ID:136
ID:630	similar_to	ID:162
ID:630	similar_to	ID:187
ID:630	similar_to	ID:191
ID:630	similar_to	ID:195
ID:630	similar_to	ID:204
ID:630	similar_to	ID:335
ID:630	similar_to	ID:387
ID:630	similar_to	ID:408
ID:630	similar_to	ID:459
ID:630	similar_to	ID:510
ID:630	similar_to	ID:540
ID:630	similar_to	ID:611
ID:630	similar_to	ID:630
ID:631	similar_to	ID:45
ID:631	similar_to	ID:308
ID:631	similar_to	ID:345
ID:631	similar_to	ID:407
ID:631	similar_to	ID:471
ID:631	similar_to	ID:478
ID:631	similar_to	ID:631
ID:631	similar_to	ID:636
ID:631	similar_to	ID:703
ID:631	similar_to	ID:765
ID:631	similar_to	ID:829
ID:631	similar_to	ID:988
ID:632	similar_to	ID:121
ID:632	similar_to	ID:632
ID:632	similar_to	ID:787
ID:633	similar_to	ID:46
ID:633	similar_to	ID:155
ID:633	similar_to	ID:416
ID:633	similar_to	ID:633
ID:633	similar_to	ID:754
ID:634	similar_to	ID:526
ID:634	similar_to	ID:536
ID:634	similar_to	ID:634
ID:634	similar_to	ID:715
ID:635	similar_to	ID:54
ID:635	similar_to	ID:183
ID:635	similar_to	ID:277
ID:635	similar_to	ID:469
ID:635	similar_to	ID:503
ID:635	similar_to	ID:535
ID:635	similar_to	ID:552
ID:635	similar_to	ID:635
ID:635	similar_to	ID:763
ID:635	similar_to	ID:792
ID:635	similar_to	ID:928
ID:636	similar_to	ID:45
ID:636	similar_to	ID:308
ID:636	similar_to	ID:345
ID:636	similar_to	ID:407
ID:636	similar_to	ID:471
ID:636	similar_to	ID:478
ID:636	similar_to	ID:631
ID:636	similar_to	ID:636
ID:636	similar_to	ID:703
ID:636	similar_to	ID:765
ID:636	similar_to	ID:829
ID:636	similar_to	ID:988
ID:637	similar_to	ID:637
ID:637	similar_to	ID:968
ID:638	similar_to	ID:3
ID:638	similar_to	ID:424
ID:638	similar_to	ID:484
ID:638	similar_to	ID:638
ID:638	similar_to	ID:641
ID:638	similar_to	ID:866
ID:638	similar_to	ID:964
ID:638	similar_to	ID:997
ID:639	similar_to	ID:57
ID:639	similar_to	ID:147
ID:639	similar_to	ID:192
ID:639	similar_to	ID:201
ID:639	similar_to	ID:276
ID:639	similar_to	ID:326
ID:639	similar_to	ID:455
ID:639	similar_to	ID:463
ID:639	similar_to	ID:507
ID:639	similar_to	ID:533
ID:639	similar_to	ID:569
ID:639	similar_to	ID:581
ID:639	similar_to	ID:639
ID:639	similar_to	ID:712
ID:639	similar_to	ID:779
ID:639	similar_to	ID:952
ID:639	similar_to	ID:989
ID:640	similar_to	ID:71
ID:640	similar_to	ID:247
ID:640	similar_to	ID:286
ID:640	similar_to	ID:640
ID:640	similar_to	ID:680
ID:640	similar_to	ID:856
ID:641	similar_to	ID:3
ID:641	similar_to	ID:424
ID:641	similar_to	ID:484
ID:641	similar_to	ID:638
ID:641	similar_to	ID:641
ID:641	similar_to	ID:866
ID:641	similar_to	ID:964
ID:641	similar_to	ID:997
ID:642	similar_to	ID:6
ID:642	similar_to	ID:62
ID:642	similar_to	ID:489
ID:642	similar_to	ID:564
ID:642	similar_to	ID:576
ID:642	similar_to	ID:628
ID:642	similar_to	ID:642
ID:642	similar_to	ID:812
ID:642	similar_to	ID:945
ID:643	similar_to	ID:20
ID:643	similar_to	ID:140
ID:643	similar_to	ID:179
ID:643	similar_to	ID:236
ID:643	similar_to	ID:268
ID:643	similar_to	ID:382
ID:643	similar_to	ID:427
ID:643	similar_to	ID:488
ID:643	similar_to	ID:509
ID:643	similar_to	ID:553
ID:643	similar_to	ID:579
ID:643	similar_to	ID:595
ID:643	similar_to	ID:629
ID:643	similar_to	ID:643
ID:644	similar_to	ID:184
ID:644	similar_to	ID:188
ID:644	similar_to	ID:290
ID:644	similar_to	ID:644
ID:644	similar_to	ID:665
ID:644	similar_to	ID:819
ID:644	similar_to	ID:983
ID:645	similar_to	ID:51
ID:645	similar_to	ID:108
ID:645	similar_to	ID:219
ID:645	similar_to	ID:379
ID:645	similar_to	ID:516
ID:645	similar_to	ID:645
ID:645	similar_to	ID:670
ID:645	similar_to	ID:707
ID:645	similar_to	ID:804
ID:645	similar_to	ID:814
ID:645	similar_to	ID:843
ID:645	similar_to	ID:977
ID:646	similar_to	ID:230
ID:646	similar_to	ID:403
ID:646	similar_to	ID:646
ID:647	similar_to	ID:446
ID:647	similar_to	ID:496
ID:647	similar_to	ID:517
ID:647	similar_to	ID:647
ID:647	similar_to	ID:827
ID:648	similar_to	ID:36
ID:648	similar_to	ID:145
ID:648	similar_to	ID:185
ID:648	similar_to	ID:208
ID:648	similar_to	ID:270
ID:648	similar_to	ID:360
ID:648	similar_to	ID:409
ID:648	similar_to	ID:464
ID:648	similar_to	ID:544
ID:648	similar_to	ID:648
ID:648	similar_to	ID:980
ID:649	similar_to	ID:23
ID:649	similar_to	ID:221
ID:649	similar_to	ID:229
ID:649	similar_to	ID:386
ID:649	similar_to	ID:412
ID:649	similar_to	ID:620
ID:649	similar_to	ID:649
ID:649	similar_to	ID:651
ID:649	similar_to	ID:674
ID:649	similar_to	ID:675
ID:649	similar_to	ID:960
ID:649	similar_to	ID:995
ID:650	similar_to	ID:523
ID:650	similar_to	ID:528
ID:650	similar_to	ID:534
ID:650	similar_to	ID:621
ID:650	similar_to	ID:650
ID:650	similar_to	ID:698
ID:650	similar_to	ID:716
ID:650	similar_to	ID:809
ID:650	similar_to	ID:911
ID:650	similar_to	ID:953
ID:651	similar_to	ID:23
ID:651	similar_to	ID:221
ID:651	similar_to	ID:229
ID:651	similar_to	ID:386
ID:651	similar_to	ID:412
ID:651	similar_to	ID:620
ID:651	similar_to	ID:649
ID:651	similar_to	ID:651
ID:651	similar_to	ID:674
ID:651	similar_to	ID:675
ID:651	similar_to	ID:960
ID:651	similar_to	ID:995
ID:652	similar_to	ID:26
ID:652	similar_to	ID:30
ID:652	similar_to	ID:40
ID:652	similar_to	ID:273
ID:652	similar_to	ID:624
ID:652	similar_to	ID:652
ID:652	similar_to	ID:723
ID:653	similar_to	ID:9
ID:653	similar_to	ID:29
ID:653	similar_to	ID:163
ID:653	similar_to	ID:429
ID:653	similar_to	ID:653
ID:653	similar_to	ID:801
ID:654	similar_to	ID:1
ID:654	similar_to	ID:25
ID:654	similar_to	ID:94
ID:654	similar_to	ID:113
ID:654	similar_to	ID:180
ID:654	similar_to	ID:217
ID:654	similar_to	ID:240
ID:654	similar_to	ID:365
ID:654	similar_to	ID:373
ID:654	similar_to	ID:404
ID:654	similar_to	ID:426
ID:654	similar_to	ID:462
ID:654	similar_to	ID:465
ID:654	similar_to	ID:480
ID:654	similar_to	ID:562
ID:654	similar_to	ID:654
ID:654	similar_to	ID:745
ID:654	similar_to	ID:781
ID:654	similar_to	ID:803
ID:654	similar_to	ID:806
ID:654	similar_to	ID:832
ID:654	similar_to	ID:844
ID:654	similar_to	ID:868
ID:654	similar_to	ID:878
ID:654	similar_to	ID:920
ID:654	similar_to	ID:984
ID:655	similar_to	ID:107
ID:655	similar_to	ID:210
ID:655	similar_to	ID:362
ID:655	similar_to	ID:655
ID:656	similar_to	ID:28
ID:656	similar_to	ID:656
ID:656	similar_to	ID:688
ID:656	similar_to	ID:719
ID:656	similar_to	ID:726
ID:656	similar_to	ID:822
ID:657	similar_to	ID:245
ID:657	similar_to	ID:258
ID:657	similar_to	ID:313
ID:657	similar_to	ID:482
ID:657	similar_to	ID:657
ID:657	similar_to	ID:760
ID:657	similar_to	ID:926
ID:657	similar_to	ID:996
ID:658	similar_to	ID:129
ID:658	similar_to	ID:199
ID:658	similar_to	ID:395
ID:658	similar_to	ID:609
ID:658	similar_to	ID:658
ID:658	similar_to	ID:705
ID:658	similar_to	ID:948
ID:659	similar_to	ID:125
ID:659	similar_to	ID:401
ID:659	similar_to	ID:440
ID:659	similar_to	ID:456
ID:659	similar_to	ID:659
ID:659	similar_to	ID:786
ID:659	similar_to	ID:910
ID:659	similar_to	ID:972
ID:660	similar_to	ID:76
ID:660	similar_to	ID:93
ID:660	similar_to	ID:272
ID:660	similar_to	ID:393
ID:660	similar_to	ID:428
ID:660	similar_to	ID:442
ID:660	similar_to	ID:519
ID:660	similar_to	ID:660
ID:660	similar_to	ID:667
ID:660	similar_to	ID:704
ID:660	similar_to	ID:864
ID:660	similar_to	ID:885
ID:660	similar_to	ID:886
ID:660	similar_to	ID:937
ID:660	similar_to	ID:957
ID:661	similar_to	ID:189
ID:661	similar_to	ID:196
ID:661	similar_to	ID:220
ID:661	similar_to	ID:661
ID:661	similar_to	ID:979
ID:662	similar_to	ID:662
ID:663	similar_to	ID:15
ID:663	similar_to	ID:83
ID:663	similar_to	ID:105
ID:663	similar_to	ID:150
ID:663	similar_to	ID:355
ID:663	similar_to	ID:584
ID:663	similar_to	ID:663
ID:663	similar_to	ID:852
ID:664	similar_to	ID:104
ID:664	similar_to	ID:178
ID:664	similar_to	ID:197
ID:664	similar_to	ID:209
ID:664	similar_to	ID:342
ID:664	similar_to	ID:499
ID:664	similar_to	ID:664
ID:664	similar_to	ID:720
ID:665	similar_to	ID:184
ID:665	similar_to	ID:188
ID:665	similar_to	ID:290
ID:665	similar_to	ID:644
ID:665	similar_to	ID:665
ID:665	similar_to	ID:819
ID:665	similar_to	ID:983
ID:666	similar_to	ID:47
ID:666	similar_to	ID:211
ID:666	similar_to	ID:233
ID:666	similar_to	ID:666
ID:666	similar_to	ID:727
ID:667	similar_to	ID:76
ID:667	similar_to	ID:93
ID:667	similar_to	ID:272
ID:667	similar_to	ID:393
ID:667	similar_to	ID:428
ID:667	similar_to	ID:442
ID:667	similar_to	ID:519
ID:667	similar_to	ID:660
ID:667	similar_to	ID:667
ID:667	similar_to	ID:704
ID:667	similar_to	ID:864
ID:667	similar_to	ID:885
ID:667	similar_to	ID:886
ID:667	similar_to	ID:937
ID:667	similar_to	ID:957
ID:668	similar_to	ID:97
ID:668	similar_to	ID:111
ID:668	similar_to	ID:281
ID:668	similar_to	ID:303
ID:668	similar_to	ID:502
ID:668	similar_to	ID:668
ID:668	similar_to	ID:770
ID:668	similar_to	ID:802
ID:668	similar_to	ID:918
ID:669	similar_to	ID:182
ID:669	similar_to	ID:669
ID:669	similar_to	ID:813
ID:669	similar_to	ID:907
ID:670	similar_to	ID:51
ID:670	similar_to	ID:108
ID:670	similar_to	ID:219
ID:670	similar_to	ID:379
ID:670	similar_to	ID:516
ID:670	similar_to	ID:645
ID:670	similar_to	ID:670
ID:670	similar_to	ID:707
ID:670	similar_to	ID:804
ID:670	similar_to	ID:814
ID:670	similar_to	ID:843
ID:670	similar_to	ID:977
ID:671	similar_to	ID:142
ID:671	similar_to	ID:298
ID:671	similar_to	ID:671
ID:672	similar_to	ID:123
ID:672	similar_to	ID:289
ID:672	similar_to	ID:406
ID:672	similar_to	ID:672
ID:672	similar_to	ID:798
ID:673	similar_to	ID:69
ID:673	similar_to	ID:144
ID:673	similar_to	ID:392
ID:673	similar_to	ID:394
ID:673	similar_to	ID:521
ID:673	similar_to	ID:549
ID:673	similar_to	ID:673
ID:673	similar_to	ID:915
ID:674	similar_to	ID:23
ID:674	similar_to	ID:221
ID:674	similar_to	ID:229
ID:674	similar_to	ID:386
ID:674	similar_to	ID:412
ID:674	similar_to	ID:620
ID:674	similar_to	ID:649
ID:674	similar_to	ID:651
ID:674	similar_to	ID:674
ID:674	similar_to	ID:675
ID:674	similar_to	ID:960
ID:674	similar_to	ID:995
ID:675	similar_to	ID:23
ID:675	similar_to	ID:221
ID:675	similar_to	ID:229
ID:675	similar_to	ID:386
ID:675	similar_to	ID:412
ID:675	similar_to	ID:620
ID:675	similar_to	ID:649
ID:675	similar_to	ID:651
ID:675	similar_to	ID:674
ID:675	similar_to	ID:675
ID:675	similar_to	ID:960
ID:675	similar_to	ID:995
ID:676	similar_to	ID:614
ID:676	similar_to	ID:676
ID:676	similar_to	ID:861
ID:677	similar_to	ID:466
ID:677	similar_to	ID:492
ID:677	similar_to	ID:537
ID:677	similar_to	ID:677
ID:677	similar_to	ID:863
ID:677	similar_to	ID:931
ID:677	similar_to	ID:932
ID:678	similar_to	ID:339
ID:678	similar_to	ID:433
ID:678	similar_to	ID:506
ID:678	similar_to	ID:612
ID:678	similar_to	ID:678
ID:678	similar_to	ID:751
ID:678	similar_to	ID:927
ID:678	similar_to	ID:959
ID:679	similar_to	ID:21
ID:679	similar_to	ID:41
ID:679	similar_to	ID:285
ID:679	similar_to	ID:297
ID:679	similar_to	ID:351
ID:679	similar_to	ID:434
ID:679	similar_to	ID:461
ID:679	similar_to	ID:473
ID:679	similar_to	ID:476
ID:679	similar_to	ID:679
ID:679	similar_to	ID:853
ID:680	similar_to	ID:71
ID:680	similar_to	ID:247
ID:680	similar_to	ID:286
ID:680	similar_to	ID:640
ID:680	similar_to	ID:680
ID:680	similar_to	ID:856
ID:681	similar_to	ID:681
ID:681	similar_to	ID:735
ID:681	similar_to	ID:939
ID:682	similar_to	ID:44
ID:682	similar_to	ID:159
ID:682	similar_to	ID:243
ID:682	similar_to	ID:250
ID:682	similar_to	ID:263
ID:682	similar_to	ID:292
ID:682	similar_to	ID:397
ID:682	similar_to	ID:421
ID:682	similar_to	ID:682
ID:682	similar_to	ID:755
ID:682	similar_to	ID:793
ID:682	similar_to	ID:848
ID:682	similar_to	ID:857
ID:682	similar_to	ID:871
ID:682	similar_to	ID:922
ID:682	similar_to	ID:969
ID:683	similar_to	ID:118
ID:683	similar_to	ID:491
ID:683	similar_to	ID:557
ID:683	similar_to	ID:683
ID:683	similar_to	ID:767
ID:683	similar_to	ID:805
ID:683	similar_to	ID:808
ID:684	similar_to	ID:417
ID:684	similar_to	ID:600
ID:684	similar_to	ID:684
ID:684	similar_to	ID:908
ID:685	similar_to	ID:248
ID:685	similar_to	ID:261
ID:685	similar_to	ID:374
ID:685	similar_to	ID:381
ID:685	similar_to	ID:572
ID:685	similar_to	ID:685
ID:685	similar_to	ID:741
ID:685	similar_to	ID:771
ID:685	similar_to	ID:838
ID:685	similar_to	ID:855
ID:686	similar_to	ID:444
ID:686	similar_to	ID:686
ID:686	similar_to	ID:965
ID:687	similar_to	ID:687
ID:687	similar_to	ID:898
ID:687	similar_to	ID:991
ID:688	similar_to	ID:28
ID:688	similar_to	ID:656
ID:688	similar_to	ID:688
ID:688	similar_to	ID:719
ID:688	similar_to	ID:726
ID:688	similar_to	ID:822
ID:689	similar_to	ID:238
ID:689	similar_to	ID:239
ID:689	similar_to	ID:244
ID:689	similar_to	ID:255
ID:689	similar_to	ID:311
ID:689	similar_to	ID:436
ID:689	similar_to	ID:520
ID:689	similar_to	ID:548
ID:689	similar_to	ID:689
ID:689	similar_to	ID:840
ID:690	similar_to	ID:88
ID:690	similar_to	ID:593
ID:690	similar_to	ID:690
ID:691	similar_to	ID:31
ID:691	similar_to	ID:257
ID:691	similar_to	ID:327
ID:691	similar_to	ID:346
ID:691	similar_to	ID:453
ID:691	similar_to	ID:625
ID:691	similar_to	ID:691
ID:691	similar_to	ID:860
ID:691	similar_to	ID:877
ID:691	similar_to	ID:900
ID:691	similar_to	ID:954
ID:692	similar_to	ID:66
ID:692	similar_to	ID:134
ID:692	similar_to	ID:151
ID:692	similar_to	ID:468
ID:692	similar_to	ID:692
ID:692	similar_to	ID:769
ID:692	similar_to	ID:772
ID:692	similar_to	ID:800
ID:692	similar_to	ID:862
ID:692	similar_to	ID:956
ID:693	similar_to	ID:60
ID:693	similar_to	ID:256
ID:693	similar_to	ID:296
ID:693	similar_to	ID:486
ID:693	similar_to	ID:487
ID:693	similar_to	ID:693
ID:693	similar_to	ID:892
ID:693	similar_to	ID:921
ID:694	similar_to	ID:391
ID:694	similar_to	ID:694
ID:695	similar_to	ID:372
ID:695	similar_to	ID:418
ID:695	similar_to	ID:695
ID:695	similar_to	ID:766
ID:695	similar_to	ID:912
ID:695	similar_to	ID:961
ID:696	similar_to	ID:78
ID:696	similar_to	ID:325
ID:696	similar_to	ID:385
ID:696	similar_to	ID:419
ID:696	similar_to	ID:515
ID:696	similar_to	ID:618
ID:696	similar_to	ID:696
ID:696	similar_to	ID:744
ID:696	similar_to	ID:865
ID:696	similar_to	ID:946
ID:697	similar_to	ID:61
ID:697	similar_to	ID:72
ID:697	similar_to	ID:101
ID:697	similar_to	ID:470
ID:697	similar_to	ID:697
ID:698	similar_to	ID:523
ID:698	similar_to	ID:528
ID:698	similar_to	ID:534
ID:698	similar_to	ID:621
ID:698	similar_to	ID:650
ID:698	similar_to	ID:698
ID:698	similar_to	ID:716
ID:698	similar_to	ID:809
ID:698	similar_to	ID:911
ID:698	similar_to	ID:953
ID:699	similar_to	ID:483
ID:699	similar_to	ID:596
ID:699	similar_to	ID:699
ID:699	similar_to	ID:951
ID:700	similar_to	ID:282
ID:700	similar_to	ID:348
ID:700	similar_to	ID:524
ID:700	similar_to	ID:606
ID:700	similar_to	ID:700
ID:700	similar_to	ID:797
ID:700	similar_to	ID:839
ID:701	similar_to	ID:14
ID:701	similar_to	ID:19
ID:701	similar_to	ID:52
ID:701	similar_to	ID:89
ID:701	similar_to	ID:133
ID:701	similar_to	ID:137
ID:701	similar_to	ID:139
ID:701	similar_to	ID:143
ID:701	similar_to	ID:174
ID:701	similar_to	ID:176
ID:701	similar_to	ID:237
ID:701	similar_to	ID:284
ID:701	similar_to	ID:287
ID:701	similar_to	ID:384
ID:701	similar_to	ID:531
ID:701	similar_to	ID:565
ID:701	similar_to	ID:591
ID:701	similar_to	ID:701
ID:701	similar_to	ID:759
ID:701	similar_to	ID:776
ID:701	similar_to	ID:938
ID:701	similar_to	ID:994
ID:702	similar_to	ID:56
ID:702	similar_to	ID:58
ID:702	similar_to	ID:86
ID:702	similar_to	ID:288
ID:702	similar_to	ID:370
ID:702	similar_to	ID:413
ID:702	similar_to	ID:505
ID:702	similar_to	ID:702
ID:702	similar_to	ID:831
ID:702	similar_to	ID:880
ID:702	similar_to	ID:882
ID:703	similar_to	ID:45
ID:703	similar_to	ID:308
ID:703	similar_to	ID:345
ID:703	similar_to	ID:407
ID:703	similar_to	ID:471
ID:703	similar_to	ID:478
ID:703	similar_to	ID:631
ID:703	similar_to	ID:636
ID:703	similar_to	ID:703
ID:703	similar_to	ID:765
ID:703	similar_to	ID:829
ID:703	similar_to	ID:988
ID:704	similar_to	ID:76
ID:704	similar_to	ID:93
ID:704	similar_to	ID:272
ID:704	similar_to	ID:393
ID:704	similar_to	ID:428
ID:704	similar_to	ID:442
ID:704	similar_to	ID:519
ID:704	similar_to	ID:660
ID:704	similar_to	ID:667
ID:704	similar_to	ID:704
ID:704	similar_to	ID:864
ID:704	similar_to	ID:885
ID:704	similar_to	ID:886
ID:704	similar_to	ID:937
ID:704	similar_to	ID:957
ID:705	similar_to	ID:129
ID:705	similar_to	ID:199
ID:705	similar_to	ID:395
ID:705	similar_to	ID:609
ID:705	similar_to	ID:658
ID:705	similar_to	ID:705
ID:705	similar_to	ID:948
ID:706	similar_to	ID:49
ID:706	similar_to	ID:110
ID:706	similar_to	ID:205
ID:706	similar_to	ID:242
ID:706	similar_to	ID:306
ID:706	similar_to	ID:400
ID:706	similar_to	ID:423
ID:706	similar_to	ID:627
ID:706	similar_to	ID:706
ID:706	similar_to	ID:815
ID:706	similar_to	ID:967
ID:707	similar_to	ID:51
ID:707	similar_to	ID:108
ID:707	similar_to	ID:219
ID:707	similar_to	ID:379
ID:707	similar_to	ID:516
ID:707	similar_to	ID:645
ID:707	similar_to	ID:670
ID:707	similar_to	ID:707
ID:707	similar_to	ID:804
ID:707	similar_to	ID:814
ID:707	similar_to	ID:843
ID:707	similar_to	ID:977
ID:708	similar_to	ID:177
ID:708	similar_to	ID:567
ID:708	similar_to	ID:708
ID:708	similar_to	ID:737
ID:708	similar_to	ID:981
ID:709	similar_to	ID:7
ID:709	similar_to	ID:117
ID:709	similar_to	ID:165
ID:709	similar_to	ID:222
ID:709	similar_to	ID:369
ID:709	similar_to	ID:709
ID:710	similar_to	ID:116
ID:710	similar_to	ID:336
ID:710	similar_to	ID:405
ID:710	similar_to	ID:710
ID:710	similar_to	ID:836
ID:710	similar_to	ID:916
ID:711	similar_to	ID:312
ID:711	similar_to	ID:315
ID:711	similar_to	ID:449
ID:711	similar_to	ID:711
ID:711	similar_to	ID:794
ID:711	similar_to	ID:889
ID:712	similar_to	ID:57
ID:712	similar_to	ID:147
ID:712	similar_to	ID:192
ID:712	similar_to	ID:201
ID:712	similar_to	ID:276
ID:712	similar_to	ID:326
ID:712	similar_to	ID:455
ID:712	similar_to	ID:463
ID:712	similar_to	ID:507
ID:712	similar_to	ID:533
ID:712	similar_to	ID:569
ID:712	similar_to	ID:581
ID:712	similar_to	ID:639
ID:712	similar_to	ID:712
ID:712	similar_to	ID:779
ID:712	similar_to	ID:952
ID:712	similar_to	ID:989
ID:713	similar_to	ID:59
ID:713	similar_to	ID:301
ID:713	similar_to	ID:420
ID:713	similar_to	ID:615
ID:713	similar_to	ID:713
ID:714	similar_to	ID:714
ID:715	similar_to	ID:526
ID:715	similar_to	ID:536
ID:715	similar_to	ID:634
ID:715	similar_to	ID:715
ID:716	similar_to	ID:523
ID:716	similar_to	ID:528
ID:716	similar_to	ID:534
ID:716	similar_to	ID:621
ID:716	similar_to	ID:650
ID:716	similar_to	ID:698
ID:716	similar_to	ID:716
ID:716	similar_to	ID:809
ID:716	similar_to	ID:911
ID:716	similar_to	ID:953
ID:717	similar_to	ID:39
ID:717	similar_to	ID:447
ID:717	similar_to	ID:717
ID:717	similar_to	ID:826
ID:717	similar_to	ID:934
ID:718	similar_to	ID:115
ID:718	similar_to	ID:259
ID:718	similar_to	ID:330
ID:718	similar_to	ID:592
ID:718	similar_to	ID:718
ID:719	similar_to	ID:28
ID:719	similar_to	ID:656
ID:719	similar_to	ID:688
ID:719	similar_to	ID:719
ID:719	similar_to	ID:726
ID:719	similar_to	ID:822
ID:720	similar_to	ID:104
ID:720	similar_to	ID:178
ID:720	similar_to	ID:197
ID:720	similar_to	ID:209
ID:720	similar_to	ID:342
ID:720	similar_to	ID:499
ID:720	similar_to	ID:664
ID:720	similar_to	ID:720
ID:721	similar_to	ID:10
ID:721	similar_to	ID:81
ID:721	similar_to	ID:109
ID:721	similar_to	ID:254
ID:721	similar_to	ID:321
ID:721	similar_to	ID:398
ID:721	similar_to	ID:437
ID:721	similar_to	ID:454
ID:721	similar_to	ID:485
ID:721	similar_to	ID:568
ID:721	similar_to	ID:580
ID:721	similar_to	ID:721
ID:721	similar_to	ID:986
ID:722	similar_to	ID:22
ID:722	similar_to	ID:55
ID:722	similar_to	ID:127
ID:722	similar_to	ID:154
ID:722	similar_to	ID:228
ID:722	similar_to	ID:264
ID:722	similar_to	ID:266
ID:722	similar_to	ID:274
ID:722	similar_to	ID:324
ID:722	similar_to	ID:363
ID:722	similar_to	ID:367
ID:722	similar_to	ID:722
ID:722	similar_to	ID:823
ID:722	similar_to	ID:858
ID:722	similar_to	ID:917
ID:723	similar_to	ID:26
ID:723	similar_to	ID:30
ID:723	similar_to	ID:40
ID:723	similar_to	ID:273
ID:723	similar_to	ID:624
ID:723	similar_to	ID:652
ID:723	similar_to	ID:723
ID:724	similar_to	ID:16
ID:724	similar_to	ID:253
ID:724	similar_to	ID:310
ID:724	similar_to	ID:380
ID:724	similar_to	ID:390
ID:724	similar_to	ID:563
ID:724	similar_to	ID:586
ID:724	similar_to	ID:724
ID:724	similar_to	ID:742
ID:724	similar_to	ID:867
ID:724	similar_to	ID:902
ID:724	similar_to	ID:963
ID:724	similar_to	ID:970
ID:725	similar_to	ID:32
ID:725	similar_to	ID:65
ID:725	similar_to	ID:68
ID:725	similar_to	ID:186
ID:725	similar_to	ID:202
ID:725	similar_to	ID:422
ID:725	similar_to	ID:441
ID:725	similar_to	ID:452
ID:725	similar_to	ID:583
ID:725	similar_to	ID:725
ID:725	similar_to	ID:764
ID:725	similar_to	ID:785
ID:725	similar_to	ID:818
ID:725	similar_to	ID:820
ID:725	similar_to	ID:875
ID:725	similar_to	ID:890
ID:725	similar_to	ID:894
ID:725	similar_to	ID:925
ID:726	similar_to	ID:28
ID:726	similar_to	ID:656
ID:726	similar_to	ID:688
ID:726	similar_to	ID:719
ID:726	similar_to	ID:726
ID:726	similar_to	ID:822
ID:727	similar_to	ID:47
ID:727	similar_to	ID:211
ID:727	similar_to	ID:233
ID:727	similar_to	ID:666
ID:727	similar_to	ID:727
ID:728	similar_to	ID:271
ID:728	similar_to	ID:504
ID:728	similar_to	ID:613
ID:728	similar_to	ID:728
ID:729	similar_to	ID:438
ID:729	similar_to	ID:594
ID:729	similar_to	ID:729
ID:730	similar_to	ID:17
ID:730	similar_to	ID:166
ID:730	similar_to	ID:730
ID:730	similar_to	ID:790
ID:731	similar_to	ID:366
ID:731	similar_to	ID:494
ID:731	similar_to	ID:731
ID:732	similar_to	ID:135
ID:732	similar_to	ID:157
ID:732	similar_to	ID:168
ID:732	similar_to	ID:227
ID:732	similar_to	ID:260
ID:732	similar_to	ID:375
ID:732	similar_to	ID:578
ID:732	similar_to	ID:582
ID:732	similar_to	ID:732
ID:732	similar_to	ID:757
ID:732	similar_to	ID:824
ID:732	similar_to	ID:897
ID:732	similar_to	ID:966
ID:732	similar_to	ID:975
ID:733	similar_to	ID:575
ID:733	similar_to	ID:733
ID:734	similar_to	ID:152
ID:734	similar_to	ID:171
ID:734	similar_to	ID:623
ID:734	similar_to	ID:734
ID:734	similar_to	ID:796
ID:735	similar_to	ID:681
ID:735	similar_to	ID:735
ID:735	similar_to	ID:939
ID:736	similar_to	ID:169
ID:736	similar_to	ID:181
ID:736	similar_to	ID:194
ID:736	similar_to	ID:736
ID:736	similar_to	ID:873
ID:736	similar_to	ID:941
ID:737	similar_to	ID:177
ID:737	similar_to	ID:567
ID:737	similar_to	ID:708
ID:737	similar_to	ID:737
ID:737	similar_to	ID:981
ID:738	similar_to	ID:38
ID:738	similar_to	ID:347
ID:738	similar_to	ID:356
ID:738	similar_to	ID:598
ID:738	similar_to	ID:738
ID:738	similar_to	ID:982
ID:739	similar_to	ID:218
ID:739	similar_to	ID:599
ID:739	similar_to	ID:739
ID:739	similar_to	ID:834
ID:739	similar_to	ID:940
ID:740	similar_to	ID:70
ID:740	similar_to	ID:318
ID:740	similar_to	ID:341
ID:740	similar_to	ID:353
ID:740	similar_to	ID:451
ID:740	similar_to	ID:740
ID:740	similar_to	ID:756
ID:741	similar_to	ID:248
ID:741	similar_to	ID:261
ID:741	similar_to	ID:374
ID:741	similar_to	ID:381
ID:741	similar_to	ID:572
ID:741	similar_to	ID:685
ID:741	similar_to	ID:741
ID:741	similar_to	ID:771
ID:741	similar_to	ID:838
ID:741	similar_to	ID:855
ID:742	similar_to	ID:16
ID:742	similar_to	ID:253
ID:742	similar_to	ID:310
ID:742	similar_to	ID:380
ID:742	similar_to	ID:390
ID:742	similar_to	ID:563
ID:742	similar_to	ID:586
ID:742	similar_to	ID:724
ID:742	similar_to	ID:742
ID:742	similar_to	ID:867
ID:742	similar_to	ID:902
ID:742	similar_to	ID:963
ID:742	similar_to	ID:970
ID:743	similar_to	ID:8
ID:743	similar_to	ID:141
ID:743	similar_to	ID:574
ID:743	similar_to	ID:743
ID:744	similar_to	ID:78
ID:744	similar_to	ID:325
ID:744	similar_to	ID:385
ID:744	similar_to	ID:419
ID:744	similar_to	ID:515
ID:744	similar_to	ID:618
ID:744	similar_to	ID:696
ID:744	similar_to	ID:744
ID:744	similar_to	ID:865
ID:744	similar_to	ID:946
ID:745	similar_to	ID:1
ID:745	similar_to	ID:25
ID:745	similar_to	ID:94
ID:745	similar_to	ID:113
ID:745	similar_to	ID:180
ID:745	similar_to	ID:217
ID:745	similar_to	ID:240
ID:745	similar_to	ID:365
ID:745	similar_to	ID:373
ID:745	similar_to	ID:404
ID:745	similar_to	ID:426
ID:745	similar_to	ID:462
ID:745	similar_to	ID:465
ID:745	similar_to	ID:480
ID:745	similar_to	ID:562
ID:745	similar_to	ID:654
ID:745	similar_to	ID:745
ID:745	similar_to	ID:781
ID:745	similar_to	ID:803
ID:745	similar_to	ID:806
ID:745	similar_to	ID:832
ID:745	similar_to	ID:844
ID:745	similar_to	ID:868
ID:745	similar_to	ID:878
ID:745	similar_to	ID:920
ID:745	similar_to	ID:984
ID:746	similar_to	ID:490
ID:746	similar_to	ID:555
ID:746	similar_to	ID:746
ID:746	similar_to	ID:768
ID:746	similar_to	ID:833
ID:746	similar_to	ID:905
ID:747	similar_to	ID:337
ID:747	similar_to	ID:368
ID:747	similar_to	ID:561
ID:747	similar_to	ID:602
ID:747	similar_to	ID:747
ID:748	similar_to	ID:167
ID:748	similar_to	ID:350
ID:748	similar_to	ID:748
ID:748	similar_to	ID:775
ID:749	similar_to	ID:63
ID:749	similar_to	ID:198
ID:749	similar_to	ID:279
ID:749	similar_to	ID:354
ID:749	similar_to	ID:749
ID:749	similar_to	ID:750
ID:749	similar_to	ID:849
ID:749	similar_to	ID:909
ID:750	similar_to	ID:63
ID:750	similar_to	ID:198
ID:750	similar_to	ID:279
ID:750	similar_to	ID:354
ID:750	similar_to	ID:749
ID:750	similar_to	ID:750
ID:750	similar_to	ID:849
ID:750	similar_to	ID:909
ID:751	similar_to	ID:339
ID:751	similar_to	ID:433
ID:751	similar_to	ID:506
ID:751	similar_to	ID:612
ID:751	similar_to	ID:678
ID:751	similar_to	ID:751
ID:751	similar_to	ID:927
ID:751	similar_to	ID:959
ID:752	similar_to	ID:53
ID:752	similar_to	ID:119
ID:752	similar_to	ID:399
ID:752	similar_to	ID:425
ID:752	similar_to	ID:752
ID:752	similar_to	ID:828
ID:752	similar_to	ID:888
ID:753	similar_to	ID:73
ID:753	similar_to	ID:128
ID:753	similar_to	ID:213
ID:753	similar_to	ID:262
ID:753	similar_to	ID:388
ID:753	similar_to	ID:573
ID:753	similar_to	ID:753
ID:753	similar_to	ID:851
ID:753	similar_to	ID:891
ID:754	similar_to	ID:46
ID:754	similar_to	ID:155
ID:754	similar_to	ID:416
ID:754	similar_to	ID:633
ID:754	similar_to	ID:754
ID:755	similar_to	ID:44
ID:755	similar_to	ID:159
ID:755	similar_to	ID:243
ID:755	similar_to	ID:250
ID:755	similar_to	ID:263
ID:755	similar_to	ID:292
ID:755	similar_to	ID:397
ID:755	similar_to	ID:421
ID:755	similar_to	ID:682
ID:755	similar_to	ID:755
ID:755	similar_to	ID:793
ID:755	similar_to	ID:848
ID:755	similar_to	ID:857
ID:755	similar_to	ID:871
ID:755	similar_to	ID:922
ID:755	similar_to	ID:969
ID:756	similar_to	ID:70
ID:756	similar_to	ID:318
ID:756	similar_to	ID:341
ID:756	similar_to	ID:353
ID:756	similar_to	ID:451
ID:756	similar_to	ID:740
ID:756	similar_to	ID:756
ID:757	similar_to	ID:135
ID:757	similar_to	ID:157
ID:757	similar_to	ID:168
ID:757	similar_to	ID:227
ID:757	similar_to	ID:260
ID:757	similar_to	ID:375
ID:757	similar_to	ID:578
ID:757	similar_to	ID:582
ID:757	similar_to	ID:732
ID:757	similar_to	ID:757
ID:757	similar_to	ID:824
ID:757	similar_to	ID:897
ID:757	similar_to	ID:966
ID:757	similar_to	ID:975
ID:758	similar_to	ID:87
ID:758	similar_to	ID:112
ID:758	similar_to	ID:175
ID:758	similar_to	ID:539
ID:758	similar_to	ID:546
ID:758	similar_to	ID:587
ID:758	similar_to	ID:758
ID:758	similar_to	ID:761
ID:758	similar_to	ID:795
ID:758	similar_to	ID:971
ID:759	similar_to	ID:14
ID:759	similar_to	ID:19
ID:759	similar_to	ID:52
ID:759	similar_to	ID:89
ID:759	similar_to	ID:133
ID:759	similar_to	ID:137
ID:759	similar_to	ID:139
ID:759	similar_to	ID:143
ID:759	similar_to	ID:174
ID:759	similar_to	ID:176
ID:759	similar_to	ID:237
ID:759	similar_to	ID:284
ID:759	similar_to	ID:287
ID:759	similar_to	ID:384
ID:759	similar_to	ID:531
ID:759	similar_to	ID:565
ID:759	similar_to	ID:591
ID:759	similar_to	ID:701
ID:759	similar_to	ID:759
ID:759	similar_to	ID:776
ID:759	similar_to	ID:938
ID:759	similar_to	ID:994
ID:760	similar_to	ID:245
ID:760	similar_to	ID:258
ID:760	similar_to	ID:313
ID:760	similar_to	ID:482
ID:760	similar_to	ID:657
ID:760	similar_to	ID:760
ID:760	similar_to	ID:926
ID:760	similar_to	ID:996
ID:761	similar_to	ID:87
ID:761	similar_to	ID:112
ID:761	similar_to	ID:175
ID:761	similar_to	ID:539
ID:761	similar_to	ID:546
ID:761	similar_to	ID:587
ID:761	similar_to	ID:758
ID:761	similar_to	ID:761
ID:761	similar_to	ID:795
ID:761	similar_to	ID:971
ID:762	similar_to	ID:148
ID:762	similar_to	ID:269
ID:762	similar_to	ID:762
ID:762	similar_to	ID:998
ID:763	similar_to	ID:54
ID:763	similar_to	ID:183
ID:763	similar_to	ID:277
ID:763	similar_to	ID:469
ID:763	similar_to	ID:503
ID:763	similar_to	ID:535
ID:763	similar_to	ID:552
ID:763	similar_to	ID:635
ID:763	similar_to	ID:763
ID:763	similar_to	ID:792
ID:763	similar_to	ID:928
ID:764	similar_to	ID:32
ID:764	similar_to	ID:65
ID:764	similar_to	ID:68
ID:764	similar_to	ID:186
ID:764	similar_to	ID:202
ID:764	similar_to	ID:422
ID:764	similar_to	ID:441
ID:764	similar_to	ID:452
ID:764	similar_to	ID:583
ID:764	similar_to	ID:725
ID:764	similar_to	ID:764
ID:764	similar_to	ID:785
ID:764	similar_to	ID:818
ID:764	similar_to	ID:820
ID:764	similar_to	ID:875
ID:764	similar_to	ID:890
ID:764	similar_to	ID:894
ID:764	similar_to	ID:925
ID:765	similar_to	ID:45
ID:765	similar_to	ID:308
ID:765	similar_to	ID:345
ID:765	similar_to	ID:407
ID:765	similar_to	ID:471
ID:765	similar_to	ID:478
ID:765	similar_to	ID:631
ID:765	similar_to	ID:636
ID:765	similar_to	ID:703
ID:765	similar_to	ID:765
ID:765	similar_to	ID:829
ID:765	similar_to	ID:988
ID:766	similar_to	ID:372
ID:766	similar_to	ID:418
ID:766	similar_to	ID:695
ID:766	similar_to	ID:766
ID:766	similar_to	ID:912
ID:766	similar_to	ID:961
ID:767	similar_to	ID:118
ID:767	similar_to	ID:491
ID:767	similar_to	ID:557
ID:767	similar_to	ID:683
ID:767	similar_to	ID:767
ID:767	similar_to	ID:805
ID:767	similar_to	ID:808
ID:768	similar_to	ID:490
ID:768	similar_to	ID:555
ID:768	similar_to	ID:746
ID:768	similar_to	ID:768
ID:768	similar_to	ID:833
ID:768	similar_to	ID:905
ID:769	similar_to	ID:66
ID:769	similar_to	ID:134
ID:769	similar_to	ID:151
ID:769	similar_to	ID:468
ID:769	similar_to	ID:692
ID:769	similar_to	ID:769
ID:769	similar_to	ID:772
ID:769	similar_to	ID:800
ID:769	similar_to	ID:862
ID:769	similar_to	ID:956
ID:770	similar_to	ID:97
ID:770	similar_to	ID:111
ID:770	similar_to	ID:281
ID:770	similar_to	ID:303
ID:770	similar_to	ID:502
ID:770	similar_to	ID:668
ID:770	similar_to	ID:770
ID:770	similar_to	ID:802
ID:770	similar_to	ID:918
ID:771	similar_to	ID:248
ID:771	similar_to	ID:261
ID:771	similar_to	ID:374
ID:771	similar_to	ID:381
ID:771	similar_to	ID:572
ID:771	similar_to	ID:685
ID:771	similar_to	ID:741
ID:771	similar_to	ID:771
ID:771	similar_to	ID:838
ID:771	similar_to	ID:855
ID:772	similar_to	ID:66
ID:772	similar_to	ID:134
ID:772	similar_to	ID:151
ID:772	similar_to	ID:468
ID:772	similar_to	ID:692
ID:772	similar_to	ID:769
ID:772	similar_to	ID:772
ID:772	similar_to	ID:800
ID:772	similar_to	ID:862
ID:772	similar_to	ID:956
ID:773	similar_to	ID:11
ID:773	similar_to	ID:160
ID:773	similar_to	ID:514
ID:773	similar_to	ID:773
ID:773	similar_to	ID:947
ID:774	similar_to	ID:389
ID:774	similar_to	ID:589
ID:774	similar_to	ID:774
ID:774	similar_to	ID:835
ID:775	similar_to	ID:167
ID:775	similar_to	ID:350
ID:775	similar_to	ID:748
ID:775	similar_to	ID:775
ID:776	similar_to	ID:14
ID:776	similar_to	ID:19
ID:776	similar_to	ID:52
ID:776	similar_to	ID:89
ID:776	similar_to	ID:133
ID:776	similar_to	ID:137
ID:776	similar_to	ID:139
ID:776	similar_to	ID:143
ID:776	similar_to	ID:174
ID:776	similar_to	ID:176
ID:776	similar_to	ID:237
ID:776	similar_to	ID:284
ID:776	similar_to	ID:287
ID:776	similar_to	ID:384
ID:776	similar_to	ID:531
ID:776	similar_to	ID:565
ID:776	similar_to	ID:591
ID:776	similar_to	ID:701
ID:776	similar_to	ID:759
ID:776	similar_to	ID:776
ID:776	similar_to	ID:938
ID:776	similar_to	ID:994
ID:777	similar_to	ID:340
ID:777	similar_to	ID:498
ID:777	similar_to	ID:500
ID:777	similar_to	ID:777
ID:777	similar_to	ID:791
ID:778	similar_to	ID:24
ID:778	similar_to	ID:120
ID:778	similar_to	ID:190
ID:778	similar_to	ID:275
ID:778	similar_to	ID:280
ID:778	similar_to	ID:560
ID:778	similar_to	ID:778
ID:778	similar_to	ID:955
ID:779	similar_to	ID:57
ID:779	similar_to	ID:147
ID:779	similar_to	ID:192
ID:779	similar_to	ID:201
ID:779	similar_to	ID:276
ID:779	similar_to	ID:326
ID:779	similar_to	ID:455
ID:779	similar_to	ID:463
ID:779	similar_to	ID:507
ID:779	similar_to	ID:533
ID:779	similar_to	ID:569
ID:779	similar_to	ID:581
ID:779	similar_to	ID:639
ID:779	similar_to	ID:712
ID:779	similar_to	ID:779
ID:779	similar_to	ID:952
ID:779	similar_to	ID:989
ID:780	similar_to	ID:241
ID:780	similar_to	ID:334
ID:780	similar_to	ID:603
ID:780	similar_to	ID:780
ID:781	similar_to	ID:1
ID:781	similar_to	ID:25
ID:781	similar_to	ID:94
ID:781	similar_to	ID:113
ID:781	similar_to	ID:180
ID:781	similar_to	ID:217
ID:781	similar_to	ID:240
ID:781	similar_to	ID:365
ID:781	similar_to	ID:373
ID:781	similar_to	ID:404
ID:781	similar_to	ID:426
ID:781	similar_to	ID:462
ID:781	similar_to	ID:465
ID:781	similar_to	ID:480
ID:781	similar_to	ID:562
ID:781	similar_to	ID:654
ID:781	similar_to	ID:745
ID:781	similar_to	ID:781
ID:781	similar_to	ID:803
ID:781	similar_to	ID:806
ID:781	similar_to	ID:832
ID:781	similar_to	ID:844
ID:781	similar_to	ID:868
ID:781	similar_to	ID:878
ID:781	similar_to	ID:920
ID:781	similar_to	ID:984
ID:782	similar_to	ID:13
ID:782	similar_to	ID:33
ID:782	similar_to	ID:98
ID:782	similar_to	ID:226
ID:782	similar_to	ID:283
ID:782	similar_to	ID:295
ID:782	similar_to	ID:782
ID:782	similar_to	ID:884
ID:782	similar_to	ID:985
ID:783	similar_to	ID:161
ID:783	similar_to	ID:361
ID:783	similar_to	ID:475
ID:783	similar_to	ID:512
ID:783	similar_to	ID:622
ID:783	similar_to	ID:783
ID:783	similar_to	ID:929
ID:784	similar_to	ID:106
ID:784	similar_to	ID:156
ID:784	similar_to	ID:357
ID:784	similar_to	ID:430
ID:784	similar_to	ID:497
ID:784	similar_to	ID:518
ID:784	similar_to	ID:784
ID:784	similar_to	ID:811
ID:785	similar_to	ID:32
ID:785	similar_to	ID:65
ID:785	similar_to	ID:68
ID:785	similar_to	ID:186
ID:785	similar_to	ID:202
ID:785	similar_to	ID:422
ID:785	similar_to	ID:441
ID:785	similar_to	ID:452
ID:785	similar_to	ID:583
ID:785	similar_to	ID:725
ID:785	similar_to	ID:764
ID:785	similar_to	ID:785
ID:785	similar_to	ID:818
ID:785	similar_to	ID:820
ID:785	similar_to	ID:875
ID:785	similar_to	ID:890
ID:785	similar_to	ID:894
ID:785	similar_to	ID:925
ID:786	similar_to	ID:125
ID:786	similar_to	ID:401
ID:786	similar_to	ID:440
ID:786	similar_to	ID:456
ID:786	similar_to	ID:659
ID:786	similar_to	ID:786
ID:786	similar_to	ID:910
ID:786	similar_to	ID:972
ID:787	similar_to	ID:121
ID:787	similar_to	ID:632
ID:787	similar_to	ID:787
ID:788	similar_to	ID:0
ID:788	similar_to	ID:77
ID:788	similar_to	ID:124
ID:788	similar_to	ID:216
ID:788	similar_to	ID:252
ID:788	similar_to	ID:542
ID:788	similar_to	ID:551
ID:788	similar_to	ID:788
ID:789	similar_to	ID:80
ID:789	similar_to	ID:95
ID:789	similar_to	ID:132
ID:789	similar_to	ID:224
ID:789	similar_to	ID:619
ID:789	similar_to	ID:789
ID:790	similar_to	ID:17
ID:790	similar_to	ID:166
ID:790	similar_to	ID:730
ID:790	similar_to	ID:790
ID:791	similar_to	ID:340
ID:791	similar_to	ID:498
ID:791	similar_to	ID:500
ID:791	similar_to	ID:777
ID:791	similar_to	ID:791
ID:792	similar_to	ID:54
ID:792	similar_to	ID:183
ID:792	similar_to	ID:277
ID:792	similar_to	ID:469
ID:792	similar_to	ID:503
ID:792	similar_to	ID:535
ID:792	similar_to	ID:552
ID:792	similar_to	ID:635
ID:792	similar_to	ID:763
ID:792	similar_to	ID:792
ID:792	similar_to	ID:928
ID:793	similar_to	ID:44
ID:793	similar_to	ID:159
ID:793	similar_to	ID:243
ID:793	similar_to	ID:250
ID:793	similar_to	ID:263
ID:793	similar_to	ID:292
ID:793	similar_to	ID:397
ID:793	similar_to	ID:421
ID:793	similar_to	ID:682
ID:793	similar_to	ID:755
ID:793	similar_to	ID:793
ID:793	similar_to	ID:848
ID:793	similar_to	ID:857
ID:793	similar_to	ID:871
ID:793	similar_to	ID:922
ID:793	similar_to	ID:969
ID:794	similar_to	ID:312
ID:794	similar_to	ID:315
ID:794	similar_to	ID:449
ID:794	similar_to	ID:711
ID:794	similar_to	ID:794
ID:794	similar_to	ID:889
ID:795	similar_to	ID:87
ID:795	similar_to	ID:112
ID:795	similar_to	ID:175
ID:795	similar_to	ID:539
ID:795	similar_to	ID:546
ID:795	similar_to	ID:587
ID:795	similar_to	ID:758
ID:795	similar_to	ID:761
ID:795	similar_to	ID:795
ID:795	similar_to	ID:971
ID:796	similar_to	ID:152
ID:796	similar_to	ID:171
ID:796	similar_to	ID:623
ID:796	similar_to	ID:734
ID:796	similar_to	ID:796
ID:797	similar_to	ID:282
ID:797	similar_to	ID:348
ID:797	similar_to	ID:524
ID:797	similar_to	ID:606
ID:797	similar_to	ID:700
ID:797	similar_to	ID:797
ID:797	similar_to	ID:839
ID:798	similar_to	ID:123
ID:798	similar_to	ID:289
ID:798	similar_to	ID:406
ID:798	similar_to	ID:672
ID:798	similar_to	ID:798
ID:799	similar_to	ID:84
ID:799	similar_to	ID:249
ID:799	similar_to	ID:338
ID:799	similar_to	ID:511
ID:799	similar_to	ID:799
ID:799	similar_to	ID:923
ID:799	similar_to	ID:933
ID:800	similar_to	ID:66
ID:800	similar_to	ID:134
ID:800	similar_to	ID:151
ID:800	similar_to	ID:468
ID:800	similar_to	ID:692
ID:800	similar_to	ID:769
ID:800	similar_to	ID:772
ID:800	similar_to	ID:800
ID:800	similar_to	ID:862
ID:800	similar_to	ID:956
ID:801	similar_to	ID:9
ID:801	similar_to	ID:29
ID:801	similar_to	ID:163
ID:801	similar_to	ID:429
ID:801	similar_to	ID:653
ID:801	similar_to	ID:801
ID:802	similar_to	ID:97
ID:802	similar_to	ID:111
ID:802	similar_to	ID:281
ID:802	similar_to	ID:303
ID:802	similar_to	ID:502
ID:802	similar_to	ID:668
ID:802	similar_to	ID:770
ID:802	similar_to	ID:802
ID:802	similar_to	ID:918
ID:803	similar_to	ID:1
ID:803	similar_to	ID:25
ID:803	similar_to	ID:94
ID:803	similar_to	ID:113
ID:803	similar_to	ID:180
ID:803	similar_to	ID:217
ID:803	similar_to	ID:240
ID:803	similar_to	ID:365
ID:803	similar_to	ID:373
ID:803	similar_to	ID:404
ID:803	similar_to	ID:426
ID:803	similar_to	ID:462
ID:803	similar_to	ID:465
ID:803	similar_to	ID:480
ID:803	similar_to	ID:562
ID:803	similar_to	ID:654
ID:803	similar_to	ID:745
ID:803	similar_to	ID:781
ID:803	similar_to	ID:803
ID:803	similar_to	ID:806
ID:803	similar_to	ID:832
ID:803	similar_to	ID:844
ID:803	similar_to	ID:868
ID:803	similar_to	ID:878
ID:803	similar_to	ID:920
ID:803	similar_to	ID:984
ID:804	similar_to	ID:51
ID:804	similar_to	ID:108
ID:804	similar_to	ID:219
ID:804	similar_to	ID:379
ID:804	similar_to	ID:516
ID:804	similar_to	ID:645
ID:804	similar_to	ID:670
ID:804	similar_to	ID:707
ID:804	similar_to	ID:804
ID:804	similar_to	ID:814
ID:804	similar_to	ID:843
ID:804	similar_to	ID:977
ID:805	similar_to	ID:118
ID:805	similar_to	ID:491
ID:805	similar_to	ID:557
ID:805	similar_to	ID:683
ID:805	similar_to	ID:767
ID:805	similar_to	ID:805
ID:805	similar_to	ID:808
ID:806	similar_to	ID:1
ID:806	similar_to	ID:25
ID:806	similar_to	ID:94
ID:806	similar_to	ID:113
ID:806	similar_to	ID:180
ID:806	similar_to	ID:217
ID:806	similar_to	ID:240
ID:806	similar_to	ID:365
ID:806	similar_to	ID:373
ID:806	similar_to	ID:404
ID:806	similar_to	ID:426
ID:806	similar_to	ID:462
ID:806	similar_to	ID:465
ID:806	similar_to	ID:480
ID:806	similar_to	ID:562
ID:806	similar_to	ID:654
ID:806	similar_to	ID:745
ID:806	similar_to	ID:781
ID:806	similar_to	ID:803
ID:806	similar_to	ID:806
ID:806	similar_to	ID:832
ID:806	similar_to	ID:844
ID:806	similar_to	ID:868
ID:806	similar_to	ID:878
ID:806	similar_to	ID:920
ID:806	similar_to	ID:984
ID:807	similar_to	ID:82
ID:807	similar_to	ID:153
ID:807	similar_to	ID:320
ID:807	similar_to	ID:493
ID:807	similar_to	ID:807
ID:808	similar_to	ID:118
ID:808	similar_to	ID:491
ID:808	similar_to	ID:557
ID:808	similar_to	ID:683
ID:808	similar_to	ID:767
ID:808	similar_to	ID:805
ID:808	similar_to	ID:808
ID:809	similar_to	ID:523
ID:809	similar_to	ID:528
ID:809	similar_to	ID:534
ID:809	similar_to	ID:621
ID:809	similar_to	ID:650
ID:809	similar_to	ID:698
ID:809	similar_to	ID:716
ID:809	similar_to	ID:809
ID:809	similar_to	ID:911
ID:809	similar_to	ID:953
ID:810	similar_to	ID:278
ID:810	similar_to	ID:414
ID:810	similar_to	ID:810
ID:810	similar_to	ID:914
ID:811	similar_to	ID:106
ID:811	similar_to	ID:156
ID:811	similar_to	ID:357
ID:811	similar_to	ID:430
ID:811	similar_to	ID:497
ID:811	similar_to	ID:518
ID:811	similar_to	ID:784
ID:811	similar_to	ID:811
ID:812	similar_to	ID:6
ID:812	similar_to	ID:62
ID:812	similar_to	ID:489
ID:812	similar_to	ID:564
ID:812	similar_to	ID:576
ID:812	similar_to	ID:628
ID:812	similar_to	ID:642
ID:812	similar_to	ID:812
ID:812	similar_to	ID:945
ID:813	similar_to	ID:182
ID:813	similar_to	ID:669
ID:813	similar_to	ID:813
ID:813	similar_to	ID:907
ID:814	similar_to	ID:51
ID:814	similar_to	ID:108
ID:814	similar_to	ID:219
ID:814	similar_to	ID:379
ID:814	similar_to	ID:516
ID:814	similar_to	ID:645
ID:814	similar_to	ID:670
ID:814	similar_to	ID:707
ID:814	similar_to	ID:804
ID:814	similar_to	ID:814
ID:814	similar_to	ID:843
ID:814	similar_to	ID:977
ID:815	similar_to	ID:49
ID:815	similar_to	ID:110
ID:815	similar_to	ID:205
ID:815	similar_to	ID:242
ID:815	similar_to	ID:306
ID:815	similar_to	ID:400
ID:815	similar_to	ID:423
ID:815	similar_to	ID:627
ID:815	similar_to	ID:706
ID:815	similar_to	ID:815
ID:815	similar_to	ID:967
ID:816	similar_to	ID:35
ID:816	similar_to	ID:79
ID:816	similar_to	ID:146
ID:816	similar_to	ID:816
ID:817	similar_to	ID:131
ID:817	similar_to	ID:138
ID:817	similar_to	ID:193
ID:817	similar_to	ID:359
ID:817	similar_to	ID:477
ID:817	similar_to	ID:545
ID:817	similar_to	ID:817
ID:817	similar_to	ID:883
ID:818	similar_to	ID:32
ID:818	similar_to	ID:65
ID:818	similar_to	ID:68
ID:818	similar_to	ID:186
ID:818	similar_to	ID:202
ID:818	similar_to	ID:422
ID:818	similar_to	ID:441
ID:818	similar_to	ID:452
ID:818	similar_to	ID:583
ID:818	similar_to	ID:725
ID:818	similar_to	ID:764
ID:818	similar_to	ID:785
ID:818	similar_to	ID:818
ID:818	similar_to	ID:820
ID:818	similar_to	ID:875
ID:818	similar_to	ID:890
ID:818	similar_to	ID:894
ID:818	similar_to	ID:925
ID:819	similar_to	ID:184
ID:819	similar_to	ID:188
ID:819	similar_to	ID:290
ID:819	similar_to	ID:644
ID:819	similar_to	ID:665
ID:819	similar_to	ID:819
ID:819	similar_to	ID:983
ID:820	similar_to	ID:32
ID:820	similar_to	ID:65
ID:820	similar_to	ID:68
ID:820	similar_to	ID:186
ID:820	similar_to	ID:202
ID:820	similar_to	ID:422
ID:820	similar_to	ID:441
ID:820	similar_to	ID:452
ID:820	similar_to	ID:583
ID:820	similar_to	ID:725
ID:820	similar_to	ID:764
ID:820	similar_to	ID:785
ID:820	similar_to	ID:818
ID:820	similar_to	ID:820
ID:820	similar_to	ID:875
ID:820	similar_to	ID:890
ID:820	similar_to	ID:894
ID:820	similar_to	ID:925
ID:821	similar_to	ID:322
ID:821	similar_to	ID:378
ID:821	similar_to	ID:821
ID:821	similar_to	ID:906
ID:822	similar_to	ID:28
ID:822	similar_to	ID:656
ID:822	similar_to	ID:688
ID:822	similar_to	ID:719
ID:822	similar_to	ID:726
ID:822	similar_to	ID:822
ID:823	similar_to	ID:22
ID:823	similar_to	ID:55
ID:823	similar_to	ID:127
ID:823	similar_to	ID:154
ID:823	similar_to	ID:228
ID:823	similar_to	ID:264
ID:823	similar_to	ID:266
ID:823	similar_to	ID:274
ID:823	similar_to	ID:324
ID:823	similar_to	ID:363
ID:823	similar_to	ID:367
ID:823	similar_to	ID:722
ID:823	similar_to	ID:823
ID:823	similar_to	ID:858
ID:823	similar_to	ID:917
ID:824	similar_to	ID:135
ID:824	similar_to	ID:157
ID:824	similar_to	ID:168
ID:824	similar_to	ID:227
ID:824	similar_to	ID:260
ID:824	similar_to	ID:375
ID:824	similar_to	ID:578
ID:824	similar_to	ID:582
ID:824	similar_to	ID:732
ID:824	similar_to	ID:757
ID:824	similar_to	ID:824
ID:824	similar_to	ID:897
ID:824	similar_to	ID:966
ID:824	similar_to	ID:975
ID:825	similar_to	ID:114
ID:825	similar_to	ID:234
ID:825	similar_to	ID:431
ID:825	similar_to	ID:556
ID:825	similar_to	ID:585
ID:825	similar_to	ID:610
ID:825	similar_to	ID:825
ID:825	similar_to	ID:893
ID:825	similar_to	ID:978
ID:826	similar_to	ID:39
ID:826	similar_to	ID:447
ID:826	similar_to	ID:717
ID:826	similar_to	ID:826
ID:826	similar_to	ID:934
ID:827	similar_to	ID:446
ID:827	similar_to	ID:496
ID:827	similar_to	ID:517
ID:827	similar_to	ID:647
ID:827	similar_to	ID:827
ID:828	similar_to	ID:53
ID:828	similar_to	ID:119
ID:828	similar_to	ID:399
ID:828	similar_to	ID:425
ID:828	similar_to	ID:752
ID:828	similar_to	ID:828
ID:828	similar_to	ID:888
ID:829	similar_to	ID:45
ID:829	similar_to	ID:308
ID:829	similar_to	ID:345
ID:829	similar_to	ID:407
ID:829	similar_to	ID:471
ID:829	similar_to	ID:478
ID:829	similar_to	ID:631
ID:829	similar_to	ID:636
ID:829	similar_to	ID:703
ID:829	similar_to	ID:765
ID:829	similar_to	ID:829
ID:829	similar_to	ID:988
ID:830	similar_to	ID:126
ID:830	similar_to	ID:251
ID:830	similar_to	ID:294
ID:830	similar_to	ID:481
ID:830	similar_to	ID:601
ID:830	similar_to	ID:830
ID:830	similar_to	ID:879
ID:831	similar_to	ID:56
ID:831	similar_to	ID:58
ID:831	similar_to	ID:86
ID:831	similar_to	ID:288
ID:831	similar_to	ID:370
ID:831	similar_to	ID:413
ID:831	similar_to	ID:505
ID:831	similar_to	ID:702
ID:831	similar_to	ID:831
ID:831	similar_to	ID:880
ID:831	similar_to	ID:882
ID:832	similar_to	ID:1
ID:832	similar_to	ID:25
ID:832	similar_to	ID:94
ID:832	similar_to	ID:113
ID:832	similar_to	ID:180
ID:832	similar_to	ID:217
ID:832	similar_to	ID:240
ID:832	similar_to	ID:365
ID:832	similar_to	ID:373
ID:832	similar_to	ID:404
ID:832	similar_to	ID:426
ID:832	similar_to	ID:462
ID:832	similar_to	ID:465
ID:832	similar_to	ID:480
ID:832	similar_to	ID:562
ID:832	similar_to	ID:654
ID:832	similar_to	ID:745
ID:832	similar_to	ID:781
ID:832	similar_to	ID:803
ID:832	similar_to	ID:806
ID:832	similar_to	ID:832
ID:832	similar_to	ID:844
ID:832	similar_to	ID:868
ID:832	similar_to	ID:878
ID:832	similar_to	ID:920
ID:832	similar_to	ID:984
ID:833	similar_to	ID:490
ID:833	similar_to	ID:555
ID:833	similar_to	ID:746
ID:833	similar_to	ID:768
ID:833	similar_to	ID:833
ID:833	similar_to	ID:905
ID:834	similar_to	ID:218
ID:834	similar_to	ID:599
ID:834	similar_to	ID:739
ID:834	similar_to	ID:834
ID:834	similar_to	ID:940
ID:835	similar_to	ID:389
ID:835	similar_to	ID:589
ID:835	similar_to	ID:774
ID:835	similar_to	ID:835
ID:836	similar_to	ID:116
ID:836	similar_to	ID:336
ID:836	similar_to	ID:405
ID:836	similar_to	ID:710
ID:836	similar_to	ID:836
ID:836	similar_to	ID:916
ID:837	similar_to	ID:96
ID:837	similar_to	ID:122
ID:837	similar_to	ID:415
ID:837	similar_to	ID:458
ID:837	similar_to	ID:626
ID:837	similar_to	ID:837
ID:837	similar_to	ID:859
ID:838	similar_to	ID:248
ID:838	similar_to	ID:261
ID:838	similar_to	ID:374
ID:838	similar_to	ID:381
ID:838	similar_to	ID:572
ID:838	similar_to	ID:685
ID:838	similar_to	ID:741
ID:838	similar_to	ID:771
ID:838	similar_to	ID:838
ID:838	similar_to	ID:855
ID:839	similar_to	ID:282
ID:839	similar_to	ID:348
ID:839	similar_to	ID:524
ID:839	similar_to	ID:606
ID:839	similar_to	ID:700
ID:839	similar_to	ID:797
ID:839	similar_to	ID:839
ID:840	similar_to	ID:238
ID:840	similar_to	ID:239
ID:840	similar_to	ID:244
ID:840	similar_to	ID:255
ID:840	similar_to	ID:311
ID:840	similar_to	ID:436
ID:840	similar_to	ID:520
ID:840	similar_to	ID:548
ID:840	similar_to	ID:689
ID:840	similar_to	ID:840
ID:841	similar_to	ID:396
ID:841	similar_to	ID:841
ID:841	similar_to	ID:876
ID:842	similar_to	ID:4
ID:842	similar_to	ID:383
ID:842	similar_to	ID:842
ID:842	similar_to	ID:870
ID:842	similar_to	ID:976
ID:843	similar_to	ID:51
ID:843	similar_to	ID:108
ID:843	similar_to	ID:219
ID:843	similar_to	ID:379
ID:843	similar_to	ID:516
ID:843	similar_to	ID:645
ID:843	similar_to	ID:670
ID:843	similar_to	ID:707
ID:843	similar_to	ID:804
ID:843	similar_to	ID:814
ID:843	similar_to	ID:843
ID:843	similar_to	ID:977
ID:844	similar_to	ID:1
ID:844	similar_to	ID:25
ID:844	similar_to	ID:94
ID:844	similar_to	ID:113
ID:844	similar_to	ID:180
ID:844	similar_to	ID:217
ID:844	similar_to	ID:240
ID:844	similar_to	ID:365
ID:844	similar_to	ID:373
ID:844	similar_to	ID:404
ID:844	similar_to	ID:426
ID:844	similar_to	ID:462
ID:844	similar_to	ID:465
ID:844	similar_to	ID:480
ID:844	similar_to	ID:562
ID:844	similar_to	ID:654
ID:844	similar_to	ID:745
ID:844	similar_to	ID:781
ID:844	similar_to	ID:803
ID:844	similar_to	ID:806
ID:844	similar_to	ID:832
ID:844	similar_to	ID:844
ID:844	similar_to	ID:868
ID:844	similar_to	ID:878
ID:844	similar_to	ID:920
ID:844	similar_to	ID:984
ID:845	similar_to	ID:316
ID:845	similar_to	ID:845
ID:845	similar_to	ID:846
ID:846	similar_to	ID:316
ID:846	similar_to	ID:845
ID:846	similar_to	ID:846
ID:847	similar_to	ID:172
ID:847	similar_to	ID:530
ID:847	similar_to	ID:847
ID:847	similar_to	ID:881
ID:848	similar_to	ID:44
ID:848	similar_to	ID:159
ID:848	similar_to	ID:243
ID:848	similar_to	ID:250
ID:848	similar_to	ID:263
ID:848	similar_to	ID:292
ID:848	similar_to	ID:397
ID:848	similar_to	ID:421
ID:848	similar_to	ID:682
ID:848	similar_to	ID:755
ID:848	similar_to	ID:793
ID:848	similar_to	ID:848
ID:848	similar_to	ID:857
ID:848	similar_to	ID:871
ID:848	similar_to	ID:922
ID:848	similar_to	ID:969
ID:849	similar_to	ID:63
ID:849	similar_to	ID:198
ID:849	similar_to	ID:279
ID:849	similar_to	ID:354
ID:849	similar_to	ID:749
ID:849	similar_to	ID:750
ID:849	similar_to	ID:849
ID:849	similar_to	ID:909
ID:850	similar_to	ID:170
ID:850	similar_to	ID:215
ID:850	similar_to	ID:323
ID:850	similar_to	ID:352
ID:850	similar_to	ID:508
ID:850	similar_to	ID:529
ID:850	similar_to	ID:541
ID:850	similar_to	ID:559
ID:850	similar_to	ID:850
ID:851	similar_to	ID:73
ID:851	similar_to	ID:128
ID:851	similar_to	ID:213
ID:851	similar_to	ID:262
ID:851	similar_to	ID:388
ID:851	similar_to	ID:573
ID:851	similar_to	ID:753
ID:851	similar_to	ID:851
ID:851	similar_to	ID:891
ID:852	similar_to	ID:15
ID:852	similar_to	ID:83
ID:852	similar_to	ID:105
ID:852	similar_to	ID:150
ID:852	similar_to	ID:355
ID:852	similar_to	ID:584
ID:852	similar_to	ID:663
ID:852	similar_to	ID:852
ID:853	similar_to	ID:21
ID:853	similar_to	ID:41
ID:853	similar_to	ID:285
ID:853	similar_to	ID:297
ID:853	similar_to	ID:351
ID:853	similar_to	ID:434
ID:853	similar_to	ID:461
ID:853	similar_to	ID:473
ID:853	similar_to	ID:476
ID:853	similar_to	ID:679
ID:853	similar_to	ID:853
ID:854	similar_to	ID:231
ID:854	similar_to	ID:304
ID:854	similar_to	ID:309
ID:854	similar_to	ID:443
ID:854	similar_to	ID:460
ID:854	similar_to	ID:550
ID:854	similar_to	ID:854
ID:855	similar_to	ID:248
ID:855	similar_to	ID:261
ID:855	similar_to	ID:374
ID:855	similar_to	ID:381
ID:855	similar_to	ID:572
ID:855	similar_to	ID:685
ID:855	similar_to	ID:741
ID:855	similar_to	ID:771
ID:855	similar_to	ID:838
ID:855	similar_to	ID:855
ID:856	similar_to	ID:71
ID:856	similar_to	ID:247
ID:856	similar_to	ID:286
ID:856	similar_to	ID:640
ID:856	similar_to	ID:680
ID:856	similar_to	ID:856
ID:857	similar_to	ID:44
ID:857	similar_to	ID:159
ID:857	similar_to	ID:243
ID:857	similar_to	ID:250
ID:857	similar_to	ID:263
ID:857	similar_to	ID:292
ID:857	similar_to	ID:397
ID:857	similar_to	ID:421
ID:857	similar_to	ID:682
ID:857	similar_to	ID:755
ID:857	similar_to	ID:793
ID:857	similar_to	ID:848
ID:857	similar_to	ID:857
ID:857	similar_to	ID:871
ID:857	similar_to	ID:922
ID:857	similar_to	ID:969
ID:858	similar_to	ID:22
ID:858	similar_to	ID:55
ID:858	similar_to	ID:127
ID:858	similar_to	ID:154
ID:858	similar_to	ID:228
ID:858	similar_to	ID:264
ID:858	similar_to	ID:266
ID:858	similar_to	ID:274
ID:858	similar_to	ID:324
ID:858	similar_to	ID:363
ID:858	similar_to	ID:367
ID:858	similar_to	ID:722
ID:858	similar_to	ID:823
ID:858	similar_to	ID:858
ID:858	similar_to	ID:917
ID:859	similar_to	ID:96
ID:859	similar_to	ID:122
ID:859	similar_to	ID:415
ID:859	similar_to	ID:458
ID:859	similar_to	ID:626
ID:859	similar_to	ID:837
ID:859	similar_to	ID:859
ID:860	similar_to	ID:31
ID:860	similar_to	ID:257
ID:860	similar_to	ID:327
ID:860	similar_to	ID:346
ID:860	similar_to	ID:453
ID:860	similar_to	ID:625
ID:860	similar_to	ID:691
ID:860	similar_to	ID:860
ID:860	similar_to	ID:877
ID:860	similar_to	ID:900
ID:860	similar_to	ID:954
ID:861	similar_to	ID:614
ID:861	similar_to	ID:676
ID:861	similar_to	ID:861
ID:862	similar_to	ID:66
ID:862	similar_to	ID:134
ID:862	similar_to	ID:151
ID:862	similar_to	ID:468
ID:862	similar_to	ID:692
ID:862	similar_to	ID:769
ID:862	similar_to	ID:772
ID:862	similar_to	ID:800
ID:862	similar_to	ID:862
ID:862	similar_to	ID:956
ID:863	similar_to	ID:466
ID:863	similar_to	ID:492
ID:863	similar_to	ID:537
ID:863	similar_to	ID:677
ID:863	similar_to	ID:863
ID:863	similar_to	ID:931
ID:863	similar_to	ID:932
ID:864	similar_to	ID:76
ID:864	similar_to	ID:93
ID:864	similar_to	ID:272
ID:864	similar_to	ID:393
ID:864	similar_to	ID:428
ID:864	similar_to	ID:442
ID:864	similar_to	ID:519
ID:864	similar_to	ID:660
ID:864	similar_to	ID:667
ID:864	similar_to	ID:704
ID:864	similar_to	ID:864
ID:864	similar_to	ID:885
ID:864	similar_to	ID:886
ID:864	similar_to	ID:937
ID:864	similar_to	ID:957
ID:865	similar_to	ID:78
ID:865	similar_to	ID:325
ID:865	similar_to	ID:385
ID:865	similar_to	ID:419
ID:865	similar_to	ID:515
ID:865	similar_to	ID:618
ID:865	similar_to	ID:696
ID:865	similar_to	ID:744
ID:865	similar_to	ID:865
ID:865	similar_to	ID:946
ID:866	similar_to	ID:3
ID:866	similar_to	ID:424
ID:866	similar_to	ID:484
ID:866	similar_to	ID:638
ID:866	similar_to	ID:641
ID:866	similar_to	ID:866
ID:866	similar_to	ID:964
ID:866	similar_to	ID:997
ID:867	similar_to	ID:16
ID:867	similar_to	ID:253
ID:867	similar_to	ID:310
ID:867	similar_to	ID:380
ID:867	similar_to	ID:390
ID:867	similar_to	ID:563
ID:867	similar_to	ID:586
ID:867	similar_to	ID:724
ID:867	similar_to	ID:742
ID:867	similar_to	ID:867
ID:867	similar_to	ID:902
ID:867	similar_to	ID:963
ID:867	similar_to	ID:970
ID:868	similar_to	ID:1
ID:868	similar_to	ID:25
ID:868	similar_to	ID:94
ID:868	similar_to	ID:113
ID:868	similar_to	ID:180
ID:868	similar_to	ID:217
ID:868	similar_to	ID:240
ID:868	similar_to	ID:365
ID:868	similar_to	ID:373
ID:868	similar_to	ID:404
ID:868	similar_to	ID:426
ID:868	similar_to	ID:462
ID:868	similar_to	ID:465
ID:868	similar_to	ID:480
ID:868	similar_to	ID:562
ID:868	similar_to	ID:654
ID:868	similar_to	ID:745
ID:868	similar_to	ID:781
ID:868	similar_to	ID:803
ID:868	similar_to	ID:806
ID:868	similar_to	ID:832
ID:868	similar_to	ID:844
ID:868	similar_to	ID:868
ID:868	similar_to	ID:878
ID:868	similar_to	ID:920
ID:868	similar_to	ID:984
ID:869	similar_to	ID:164
ID:869	similar_to	ID:235
ID:869	similar_to	ID:617
ID:869	similar_to	ID:869
ID:869	similar_to	ID:874
ID:870	similar_to	ID:4
ID:870	similar_to	ID:383
ID:870	similar_to	ID:842
ID:870	similar_to	ID:870
ID:870	similar_to	ID:976
ID:871	similar_to	ID:44
ID:871	similar_to	ID:159
ID:871	similar_to	ID:243
ID:871	similar_to	ID:250
ID:871	similar_to	ID:263
ID:871	similar_to	ID:292
ID:871	similar_to	ID:397
ID:871	similar_to	ID:421
ID:871	similar_to	ID:682
ID:871	similar_to	ID:755
ID:871	similar_to	ID:793
ID:871	similar_to	ID:848
ID:871	similar_to	ID:857
ID:871	similar_to	ID:871
ID:871	similar_to	ID:922
ID:871	similar_to	ID:969
ID:872	similar_to	ID:18
ID:872	similar_to	ID:371
ID:872	similar_to	ID:558
ID:872	similar_to	ID:590
ID:872	similar_to	ID:872
ID:873	similar_to	ID:169
ID:873	similar_to	ID:181
ID:873	similar_to	ID:194
ID:873	similar_to	ID:736
ID:873	similar_to	ID:873
ID:873	similar_to	ID:941
ID:874	similar_to	ID:164
ID:874	similar_to	ID:235
ID:874	similar_to	ID:617
ID:874	similar_to	ID:869
ID:874	similar_to	ID:874
ID:875	similar_to	ID:32
ID:875	similar_to	ID:65
ID:875	similar_to	ID:68
ID:875	similar_to	ID:186
ID:875	similar_to	ID:202
ID:875	similar_to	ID:422
ID:875	similar_to	ID:441
ID:875	similar_to	ID:452
ID:875	similar_to	ID:583
ID:875	similar_to	ID:725
ID:875	similar_to	ID:764
ID:875	similar_to	ID:785
ID:875	similar_to	ID:818
ID:875	similar_to	ID:820
ID:875	similar_to	ID:875
ID:875	similar_to	ID:890
ID:875	similar_to	ID:894
ID:875	similar_to	ID:925
ID:876	similar_to	ID:396
ID:876	similar_to	ID:841
ID:876	similar_to	ID:876
ID:877	similar_to	ID:31
ID:877	similar_to	ID:257
ID:877	similar_to	ID:327
ID:877	similar_to	ID:346
ID:877	similar_to	ID:453
ID:877	similar_to	ID:625
ID:877	similar_to	ID:691
ID:877	similar_to	ID:860
ID:877	similar_to	ID:877
ID:877	similar_to	ID:900
ID:877	similar_to	ID:954
ID:878	similar_to	ID:1
ID:878	similar_to	ID:25
ID:878	similar_to	ID:94
ID:878	similar_to	ID:113
ID:878	similar_to	ID:180
ID:878	similar_to	ID:217
ID:878	similar_to	ID:240
ID:878	similar_to	ID:365
ID:878	similar_to	ID:373
ID:878	similar_to	ID:404
ID:878	similar_to	ID:426
ID:878	similar_to	ID:462
ID:878	similar_to	ID:465
ID:878	similar_to	ID:480
ID:878	similar_to	ID:562
ID:878	similar_to	ID:654
ID:878	similar_to	ID:745
ID:878	similar_to	ID:781
ID:878	similar_to	ID:803
ID:878	similar_to	ID:806
ID:878	similar_to	ID:832
ID:878	similar_to	ID:844
ID:878	similar_to	ID:868
ID:878	similar_to	ID:878
ID:878	similar_to	ID:920
ID:878	similar_to	ID:984
ID:879	similar_to	ID:126
ID:879	similar_to	ID:251
ID:879	similar_to	ID:294
ID:879	similar_to	ID:481
ID:879	similar_to	ID:601
ID:879	similar_to	ID:830
ID:879	similar_to	ID:879
ID:880	similar_to	ID:56
ID:880	similar_to	ID:58
ID:880	similar_to	ID:86
ID:880	similar_to	ID:288
ID:880	similar_to	ID:370
ID:880	similar_to	ID:413
ID:880	similar_to	ID:505
ID:880	similar_to	ID:702
ID:880	similar_to	ID:831
ID:880	similar_to	ID:880
ID:880	similar_to	ID:882
ID:881	similar_to	ID:172
ID:881	similar_to	ID:530
ID:881	similar_to	ID:847
ID:881	similar_to	ID:881
ID:882	similar_to	ID:56
ID:882	similar_to	ID:58
ID:882	similar_to	ID:86
ID:882	similar_to	ID:288
ID:882	similar_to	ID:370
ID:882	similar_to	ID:413
ID:882	similar_to	ID:505
ID:882	similar_to	ID:702
ID:882	similar_to	ID:831
ID:882	similar_to	ID:880
ID:882	similar_to	ID:882
ID:883	similar_to	ID:131
ID:883	similar_to	ID:138
ID:883	similar_to	ID:193
ID:883	similar_to	ID:359
ID:883	similar_to	ID:477
ID:883	similar_to	ID:545
ID:883	similar_to	ID:817
ID:883	similar_to	ID:883
ID:884	similar_to	ID:13
ID:884	similar_to	ID:33
ID:884	similar_to	ID:98
ID:884	similar_to	ID:226
ID:884	similar_to	ID:283
ID:884	similar_to	ID:295
ID:884	similar_to	ID:782
ID:884	similar_to	ID:884
ID:884	similar_to	ID:985
ID:885	similar_to	ID:76
ID:885	similar_to	ID:93
ID:885	similar_to	ID:272
ID:885	similar_to	ID:393
ID:885	similar_to	ID:428
ID:885	similar_to	ID:442
ID:885	similar_to	ID:519
ID:885	similar_to	ID:660
ID:885	similar_to	ID:667
ID:885	similar_to	ID:704
ID:885	similar_to	ID:864
ID:885	similar_to	ID:885
ID:885	similar_to	ID:886
ID:885	similar_to	ID:937
ID:885	similar_to	ID:957
ID:886	similar_to	ID:76
ID:886	similar_to	ID:93
ID:886	similar_to	ID:272
ID:886	similar_to	ID:393
ID:886	similar_to	ID:428
ID:886	similar_to	ID:442
ID:886	similar_to	ID:519
ID:886	similar_to	ID:660
ID:886	similar_to	ID:667
ID:886	similar_to	ID:704
ID:886	similar_to	ID:864
ID:886	similar_to	ID:885
ID:886	similar_to	ID:886
ID:886	similar_to	ID:937
ID:886	similar_to	ID:957
ID:887	similar_to	ID:200
ID:887	similar_to	ID:887
ID:887	similar_to	ID:895
ID:887	similar_to	ID:935
ID:888	similar_to	ID:53
ID:888	similar_to	ID:119
ID:888	similar_to	ID:399
ID:888	similar_to	ID:425
ID:888	similar_to	ID:752
ID:888	similar_to	ID:828
ID:888	similar_to	ID:888
ID:889	similar_to	ID:312
ID:889	similar_to	ID:315
ID:889	similar_to	ID:449
ID:889	similar_to	ID:711
ID:889	similar_to	ID:794
ID:889	similar_to	ID:889
ID:890	similar_to	ID:32
ID:890	similar_to	ID:65
ID:890	similar_to	ID:68
ID:890	similar_to	ID:186
ID:890	similar_to	ID:202
ID:890	similar_to	ID:422
ID:890	similar_to	ID:441
ID:890	similar_to	ID:452
ID:890	similar_to	ID:583
ID:890	similar_to	ID:725
ID:890	similar_to	ID:764
ID:890	similar_to	ID:785
ID:890	similar_to	ID:818
ID:890	similar_to	ID:820
ID:890	similar_to	ID:875
ID:890	similar_to	ID:890
ID:890	similar_to	ID:894
ID:890	similar_to	ID:925
ID:891	similar_to	ID:73
ID:891	similar_to	ID:128
ID:891	similar_to	ID:213
ID:891	similar_to	ID:262
ID:891	similar_to	ID:388
ID:891	similar_to	ID:573
ID:891	similar_to	ID:753
ID:891	similar_to	ID:851
ID:891	similar_to	ID:891
ID:892	similar_to	ID:60
ID:892	similar_to	ID:256
ID:892	similar_to	ID:296
ID:892	similar_to	ID:486
ID:892	similar_to	ID:487
ID:892	similar_to	ID:693
ID:892	similar_to	ID:892
ID:892	similar_to	ID:921
ID:893	similar_to	ID:114
ID:893	similar_to	ID:234
ID:893	similar_to	ID:431
ID:893	similar_to	ID:556
ID:893	similar_to	ID:585
ID:893	similar_to	ID:610
ID:893	similar_to	ID:825
ID:893	similar_to	ID:893
ID:893	similar_to	ID:978
ID:894	similar_to	ID:32
ID:894	similar_to	ID:65
ID:894	similar_to	ID:68
ID:894	similar_to	ID:186
ID:894	similar_to	ID:202
ID:894	similar_to	ID:422
ID:894	similar_to	ID:441
ID:894	similar_to	ID:452
ID:894	similar_to	ID:583
ID:894	similar_to	ID:725
ID:894	similar_to	ID:764
ID:894	similar_to	ID:785
ID:894	similar_to	ID:818
ID:894	similar_to	ID:820
ID:894	similar_to	ID:875
ID:894	similar_to	ID:890
ID:894	similar_to	ID:894
ID:894	similar_to	ID:925
ID:895	similar_to	ID:200
ID:895	similar_to	ID:887
ID:895	similar_to	ID:895
ID:895	similar_to	ID:935
ID:896	similar_to	ID:67
ID:896	similar_to	ID:896
ID:897	similar_to	ID:135
ID:897	similar_to	ID:157
ID:897	similar_to	ID:168
ID:897	similar_to	ID:227
ID:897	similar_to	ID:260
ID:897	similar_to	ID:375
ID:897	similar_to	ID:578
ID:897	similar_to	ID:582
ID:897	similar_to	ID:732
ID:897	similar_to	ID:757
ID:897	similar_to	ID:824
ID:897	similar_to	ID:897
ID:897	similar_to	ID:966
ID:897	similar_to	ID:975
ID:898	similar_to	ID:687
ID:898	similar_to	ID:898
ID:898	similar_to	ID:991
ID:899	similar_to	ID:300
ID:899	similar_to	ID:302
ID:899	similar_to	ID:307
ID:899	similar_to	ID:329
ID:899	similar_to	ID:899
ID:900	similar_to	ID:31
ID:900	similar_to	ID:257
ID:900	similar_to	ID:327
ID:900	similar_to	ID:346
ID:900	similar_to	ID:453
ID:900	similar_to	ID:625
ID:900	similar_to	ID:691
ID:900	similar_to	ID:860
ID:900	similar_to	ID:877
ID:900	similar_to	ID:900
ID:900	similar_to	ID:954
ID:901	similar_to	ID:538
ID:901	similar_to	ID:901
ID:902	similar_to	ID:16
ID:902	similar_to	ID:253
ID:902	similar_to	ID:310
ID:902	similar_to	ID:380
ID:902	similar_to	ID:390
ID:902	similar_to	ID:563
ID:902	similar_to	ID:586
ID:902	similar_to	ID:724
ID:902	similar_to	ID:742
ID:902	similar_to	ID:867
ID:902	similar_to	ID:902
ID:902	similar_to	ID:963
ID:902	similar_to	ID:970
ID:903	similar_to	ID:75
ID:903	similar_to	ID:267
ID:903	similar_to	ID:903
ID:904	similar_to	ID:5
ID:904	similar_to	ID:91
ID:904	similar_to	ID:291
ID:904	similar_to	ID:411
ID:904	similar_to	ID:904
ID:905	similar_to	ID:490
ID:905	similar_to	ID:555
ID:905	similar_to	ID:746
ID:905	similar_to	ID:768
ID:905	similar_to	ID:833
ID:905	similar_to	ID:905
ID:906	similar_to	ID:322
ID:906	similar_to	ID:378
ID:906	similar_to	ID:821
ID:906	similar_to	ID:906
ID:907	similar_to	ID:182
ID:907	similar_to	ID:669
ID:907	similar_to	ID:813
ID:907	similar_to	ID:907
ID:908	similar_to	ID:417
ID:908	similar_to	ID:600
ID:908	similar_to	ID:684
ID:908	similar_to	ID:908
ID:909	similar_to	ID:63
ID:909	similar_to	ID:198
ID:909	similar_to	ID:279
ID:909	similar_to	ID:354
ID:909	similar_to	ID:749
ID:909	similar_to	ID:750
ID:909	similar_to	ID:849
ID:909	similar_to	ID:909
ID:910	similar_to	ID:125
ID:910	similar_to	ID:401
ID:910	similar_to	ID:440
ID:910	similar_to	ID:456
ID:910	similar_to	ID:659
ID:910	similar_to	ID:786
ID:910	similar_to	ID:910
ID:910	similar_to	ID:972
ID:911	similar_to	ID:523
ID:911	similar_to	ID:528
ID:911	similar_to	ID:534
ID:911	similar_to	ID:621
ID:911	similar_to	ID:650
ID:911	similar_to	ID:698
ID:911	similar_to	ID:716
ID:911	similar_to	ID:809
ID:911	similar_to	ID:911
ID:911	similar_to	ID:953
ID:912	similar_to	ID:372
ID:912	similar_to	ID:418
ID:912	similar_to	ID:695
ID:912	similar_to	ID:766
ID:912	similar_to	ID:912
ID:912	similar_to	ID:961
ID:913	similar_to	ID:27
ID:913	similar_to	ID:474
ID:913	similar_to	ID:554
ID:913	similar_to	ID:913
ID:914	similar_to	ID:278
ID:914	similar_to	ID:414
ID:914	similar_to	ID:810
ID:914	similar_to	ID:914
ID:915	similar_to	ID:69
ID:915	similar_to	ID:144
ID:915	similar_to	ID:392
ID:915	similar_to	ID:394
ID:915	similar_to	ID:521
ID:915	similar_to	ID:549
ID:915	similar_to	ID:673
ID:915	similar_to	ID:915
ID:916	similar_to	ID:116
ID:916	similar_to	ID:336
ID:916	similar_to	ID:405
ID:916	similar_to	ID:710
ID:916	similar_to	ID:836
ID:916	similar_to	ID:916
ID:917	similar_to	ID:22
ID:917	similar_to	ID:55
ID:917	similar_to	ID:127
ID:917	similar_to	ID:154
ID:917	similar_to	ID:228
ID:917	similar_to	ID:264
ID:917	similar_to	ID:266
ID:917	similar_to	ID:274
ID:917	similar_to	ID:324
ID:917	similar_to	ID:363
ID:917	similar_to	ID:367
ID:917	similar_to	ID:722
ID:917	similar_to	ID:823
ID:917	similar_to	ID:858
ID:917	similar_to	ID:917
ID:918	similar_to	ID:97
ID:918	similar_to	ID:111
ID:918	similar_to	ID:281
ID:918	similar_to	ID:303
ID:918	similar_to	ID:502
ID:918	similar_to	ID:668
ID:918	similar_to	ID:770
ID:918	similar_to	ID:802
ID:918	similar_to	ID:918
ID:919	similar_to	ID:207
ID:919	similar_to	ID:472
ID:919	similar_to	ID:919
ID:920	similar_to	ID:1
ID:920	similar_to	ID:25
ID:920	similar_to	ID:94
ID:920	similar_to	ID:113
ID:920	similar_to	ID:180
ID:920	similar_to	ID:217
ID:920	similar_to	ID:240
ID:920	similar_to	ID:365
ID:920	similar_to	ID:373
ID:920	similar_to	ID:404
ID:920	similar_to	ID:426
ID:920	similar_to	ID:462
ID:920	similar_to	ID:465
ID:920	similar_to	ID:480
ID:920	similar_to	ID:562
ID:920	similar_to	ID:654
ID:920	similar_to	ID:745
ID:920	similar_to	ID:781
ID:920	similar_to	ID:803
ID:920	similar_to	ID:806
ID:920	similar_to	ID:832
ID:920	similar_to	ID:844
ID:920	similar_to	ID:868
ID:920	similar_to	ID:878
ID:920	similar_to	ID:920
ID:920	similar_to	ID:984
ID:921	similar_to	ID:60
ID:921	similar_to	ID:256
ID:921	similar_to	ID:296
ID:921	similar_to	ID:486
ID:921	similar_to	ID:487
ID:921	similar_to	ID:693
ID:921	similar_to	ID:892
ID:921	similar_to	ID:921
ID:922	similar_to	ID:44
ID:922	similar_to	ID:159
ID:922	similar_to	ID:243
ID:922	similar_to	ID:250
ID:922	similar_to	ID:263
ID:922	similar_to	ID:292
ID:922	similar_to	ID:397
ID:922	similar_to	ID:421
ID:922	similar_to	ID:682
ID:922	similar_to	ID:755
ID:922	similar_to	ID:793
ID:922	similar_to	ID:848
ID:922	similar_to	ID:857
ID:922	similar_to	ID:871
ID:922	similar_to	ID:922
ID:922	similar_to	ID:969
ID:923	similar_to	ID:84
ID:923	similar_to	ID:249
ID:923	similar_to	ID:338
ID:923	similar_to	ID:511
ID:923	similar_to	ID:799
ID:923	similar_to	ID:923
ID:923	similar_to	ID:933
ID:924	similar_to	ID:358
ID:924	similar_to	ID:448
ID:924	similar_to	ID:450
ID:924	similar_to	ID:588
ID:924	similar_to	ID:924
ID:924	similar_to	ID:936
ID:924	similar_to	ID:999
ID:925	similar_to	ID:32
ID:925	similar_to	ID:65
ID:925	similar_to	ID:68
ID:925	similar_to	ID:186
ID:925	similar_to	ID:202
ID:925	similar_to	ID:422
ID:925	similar_to	ID:441
ID:925	similar_to	ID:452
ID:925	similar_to	ID:583
ID:925	similar_to	ID:725
ID:925	similar_to	ID:764
ID:925	similar_to	ID:785
ID:925	similar_to	ID:818
ID:925	similar_to	ID:820
ID:925	similar_to	ID:875
ID:925	similar_to	ID:890
ID:925	similar_to	ID:894
ID:925	similar_to	ID:925
ID:926	similar_to	ID:245
ID:926	similar_to	ID:258
ID:926	similar_to	ID:313
ID:926	similar_to	ID:482
ID:926	similar_to	ID:657
ID:926	similar_to	ID:760
ID:926	similar_to	ID:926
ID:926	similar_to	ID:996
ID:927	similar_to	ID:339
ID:927	similar_to	ID:433
ID:927	similar_to	ID:506
ID:927	similar_to	ID:612
ID:927	similar_to	ID:678
ID:927	similar_to	ID:751
ID:927	similar_to	ID:927
ID:927	similar_to	ID:959
ID:928	similar_to	ID:54
ID:928	similar_to	ID:183
ID:928	similar_to	ID:277
ID:928	similar_to	ID:469
ID:928	similar_to	ID:503
ID:928	similar_to	ID:535
ID:928	similar_to	ID:552
ID:928	similar_to	ID:635
ID:928	similar_to	ID:763
ID:928	similar_to	ID:792
ID:928	similar_to	ID:928
ID:929	similar_to	ID:161
ID:929	similar_to	ID:361
ID:929	similar_to	ID:475
ID:929	similar_to	ID:512
ID:929	similar_to	ID:622
ID:929	similar_to	ID:783
ID:929	similar_to	ID:929
ID:930	similar_to	ID:158
ID:930	similar_to	ID:527
ID:930	similar_to	ID:930
ID:931	similar_to	ID:466
ID:931	similar_to	ID:492
ID:931	similar_to	ID:537
ID:931	similar_to	ID:677
ID:931	similar_to	ID:863
ID:931	similar_to	ID:931
ID:931	similar_to	ID:932
ID:932	similar_to	ID:466
ID:932	similar_to	ID:492
ID:932	similar_to	ID:537
ID:932	similar_to	ID:677
ID:932	similar_to	ID:863
ID:932	similar_to	ID:931
ID:932	similar_to	ID:932
ID:933	similar_to	ID:84
ID:933	similar_to	ID:249
ID:933	similar_to	ID:338
ID:933	similar_to	ID:511
ID:933	similar_to	ID:799
ID:933	similar_to	ID:923
ID:933	similar_to	ID:933
ID:934	similar_to	ID:39
ID:934	similar_to	ID:447
ID:934	similar_to	ID:717
ID:934	similar_to	ID:826
ID:934	similar_to	ID:934
ID:935	similar_to	ID:200
ID:935	similar_to	ID:887
ID:935	similar_to	ID:895
ID:935	similar_to	ID:935
ID:936	similar_to	ID:358
ID:936	similar_to	ID:448
ID:936	similar_to	ID:450
ID:936	similar_to	ID:588
ID:936	similar_to	ID:924
ID:936	similar_to	ID:936
ID:936	similar_to	ID:999
ID:937	similar_to	ID:76
ID:937	similar_to	ID:93
ID:937	similar_to	ID:272
ID:937	similar_to	ID:393
ID:937	similar_to	ID:428
ID:937	similar_to	ID:442
ID:937	similar_to	ID:519
ID:937	similar_to	ID:660
ID:937	similar_to	ID:667
ID:937	similar_to	ID:704
ID:937	similar_to	ID:864
ID:937	similar_to	ID:885
ID:937	similar_to	ID:886
ID:937	similar_to	ID:937
ID:937	similar_to	ID:957
ID:938	similar_to	ID:14
ID:938	similar_to	ID:19
ID:938	similar_to	ID:52
ID:938	similar_to	ID:89
ID:938	similar_to	ID:133
ID:938	similar_to	ID:137
ID:938	similar_to	ID:139
ID:938	similar_to	ID:143
ID:938	similar_to	ID:174
ID:938	similar_to	ID:176
ID:938	similar_to	ID:237
ID:938	similar_to	ID:284
ID:938	similar_to	ID:287
ID:938	similar_to	ID:384
ID:938	similar_to	ID:531
ID:938	similar_to	ID:565
ID:938	similar_to	ID:591
ID:938	similar_to	ID:701
ID:938	similar_to	ID:759
ID:938	similar_to	ID:776
ID:938	similar_to	ID:938
ID:938	similar_to	ID:994
ID:939	similar_to	ID:681
ID:939	similar_to	ID:735
ID:939	similar_to	ID:939
ID:940	similar_to	ID:218
ID:940	similar_to	ID:599
ID:940	similar_to	ID:739
ID:940	similar_to	ID:834
ID:940	similar_to	ID:940
ID:941	similar_to	ID:169
ID:941	similar_to	ID:181
ID:941	similar_to	ID:194
ID:941	similar_to	ID:736
ID:941	similar_to	ID:873
ID:941	similar_to	ID:941
ID:942	similar_to	ID:293
ID:942	similar_to	ID:942
ID:942	similar_to	ID:962
ID:942	similar_to	ID:992
ID:943	similar_to	ID:42
ID:943	similar_to	ID:50
ID:943	similar_to	ID:214
ID:943	similar_to	ID:305
ID:943	similar_to	ID:445
ID:943	similar_to	ID:501
ID:943	similar_to	ID:943
ID:944	similar_to	ID:149
ID:944	similar_to	ID:944
ID:945	similar_to	ID:6
ID:945	similar_to	ID:62
ID:945	similar_to	ID:489
ID:945	similar_to	ID:564
ID:945	similar_to	ID:576
ID:945	similar_to	ID:628
ID:945	similar_to	ID:642
ID:945	similar_to	ID:812
ID:945	similar_to	ID:945
ID:946	similar_to	ID:78
ID:946	similar_to	ID:325
ID:946	similar_to	ID:385
ID:946	similar_to	ID:419
ID:946	similar_to	ID:515
ID:946	similar_to	ID:618
ID:946	similar_to	ID:696
ID:946	similar_to	ID:744
ID:946	similar_to	ID:865
ID:946	similar_to	ID:946
ID:947	similar_to	ID:11
ID:947	similar_to	ID:160
ID:947	similar_to	ID:514
ID:947	similar_to	ID:773
ID:947	similar_to	ID:947
ID:948	similar_to	ID:129
ID:948	similar_to	ID:199
ID:948	similar_to	ID:395
ID:948	similar_to	ID:609
ID:948	similar_to	ID:658
ID:948	similar_to	ID:705
ID:948	similar_to	ID:948
ID:949	similar_to	ID:364
ID:949	similar_to	ID:607
ID:949	similar_to	ID:949
ID:949	similar_to	ID:973
ID:950	similar_to	ID:223
ID:950	similar_to	ID:265
ID:950	similar_to	ID:950
ID:951	similar_to	ID:483
ID:951	similar_to	ID:596
ID:951	similar_to	ID:699
ID:951	similar_to	ID:951
ID:952	similar_to	ID:57
ID:952	similar_to	ID:147
ID:952	similar_to	ID:192
ID:952	similar_to	ID:201
ID:952	similar_to	ID:276
ID:952	similar_to	ID:326
ID:952	similar_to	ID:455
ID:952	similar_to	ID:463
ID:952	similar_to	ID:507
ID:952	similar_to	ID:533
ID:952	similar_to	ID:569
ID:952	similar_to	ID:581
ID:952	similar_to	ID:639
ID:952	similar_to	ID:712
ID:952	similar_to	ID:779
ID:952	similar_to	ID:952
ID:952	similar_to	ID:989
ID:953	similar_to	ID:523
ID:953	similar_to	ID:528
ID:953	similar_to	ID:534
ID:953	similar_to	ID:621
ID:953	similar_to	ID:650
ID:953	similar_to	ID:698
ID:953	similar_to	ID:716
ID:953	similar_to	ID:809
ID:953	similar_to	ID:911
ID:953	similar_to	ID:953
ID:954	similar_to	ID:31
ID:954	similar_to	ID:257
ID:954	similar_to	ID:327
ID:954	similar_to	ID:346
ID:954	similar_to	ID:453
ID:954	similar_to	ID:625
ID:954	similar_to	ID:691
ID:954	similar_to	ID:860
ID:954	similar_to	ID:877
ID:954	similar_to	ID:900
ID:954	similar_to	ID:954
ID:955	similar_to	ID:24
ID:955	similar_to	ID:120
ID:955	similar_to	ID:190
ID:955	similar_to	ID:275
ID:955	similar_to	ID:280
ID:955	similar_to	ID:560
ID:955	similar_to	ID:778
ID:955	similar_to	ID:955
ID:956	similar_to	ID:66
ID:956	similar_to	ID:134
ID:956	similar_to	ID:151
ID:956	similar_to	ID:468
ID:956	similar_to	ID:692
ID:956	similar_to	ID:769
ID:956	similar_to	ID:772
ID:956	similar_to	ID:800
ID:956	similar_to	ID:862
ID:956	similar_to	ID:956
ID:957	similar_to	ID:76
ID:957	similar_to	ID:93
ID:957	similar_to	ID:272
ID:957	similar_to	ID:393
ID:957	similar_to	ID:428
ID:957	similar_to	ID:442
ID:957	similar_to	ID:519
ID:957	similar_to	ID:660
ID:957	similar_to	ID:667
ID:957	similar_to	ID:704
ID:957	similar_to	ID:864
ID:957	similar_to	ID:885
ID:957	similar_to	ID:886
ID:957	similar_to	ID:937
ID:957	similar_to	ID:957
ID:958	similar_to	ID:225
ID:958	similar_to	ID:331
ID:958	similar_to	ID:332
ID:958	similar_to	ID:432
ID:958	similar_to	ID:457
ID:958	similar_to	ID:958
ID:959	similar_to	ID:339
ID:959	similar_to	ID:433
ID:959	similar_to	ID:506
ID:959	similar_to	ID:612
ID:959	similar_to	ID:678
ID:959	similar_to	ID:751
ID:959	similar_to	ID:927
ID:959	similar_to	ID:959
ID:960	similar_to	ID:23
ID:960	similar_to	ID:221
ID:960	similar_to	ID:229
ID:960	similar_to	ID:386
ID:960	similar_to	ID:412
ID:960	similar_to	ID:620
ID:960	similar_to	ID:649
ID:960	similar_to	ID:651
ID:960	similar_to	ID:674
ID:960	similar_to	ID:675
ID:960	similar_to	ID:960
ID:960	similar_to	ID:995
ID:961	similar_to	ID:372
ID:961	similar_to	ID:418
ID:961	similar_to	ID:695
ID:961	similar_to	ID:766
ID:961	similar_to	ID:912
ID:961	similar_to	ID:961
ID:962	similar_to	ID:293
ID:962	similar_to	ID:942
ID:962	similar_to	ID:962
ID:962	similar_to	ID:992
ID:963	similar_to	ID:16
ID:963	similar_to	ID:253
ID:963	similar_to	ID:310
ID:963	similar_to	ID:380
ID:963	similar_to	ID:390
ID:963	similar_to	ID:563
ID:963	similar_to	ID:586
ID:963	similar_to	ID:724
ID:963	similar_to	ID:742
ID:963	similar_to	ID:867
ID:963	similar_to	ID:902
ID:963	similar_to	ID:963
ID:963	similar_to	ID:970
ID:964	similar_to	ID:3
ID:964	similar_to	ID:424
ID:964	similar_to	ID:484
ID:964	similar_to	ID:638
ID:964	similar_to	ID:641
ID:964	similar_to	ID:866
ID:964	similar_to	ID:964
ID:964	similar_to	ID:997
ID:965	similar_to	ID:444
ID:965	similar_to	ID:686
ID:965	similar_to	ID:965
ID:966	similar_to	ID:135
ID:966	similar_to	ID:157
ID:966	similar_to	ID:168
ID:966	similar_to	ID:227
ID:966	similar_to	ID:260
ID:966	similar_to	ID:375
ID:966	similar_to	ID:578
ID:966	similar_to	ID:582
ID:966	similar_to	ID:732
ID:966	similar_to	ID:757
ID:966	similar_to	ID:824
ID:966	similar_to	ID:897
ID:966	similar_to	ID:966
ID:966	similar_to	ID:975
ID:967	similar_to	ID:49
ID:967	similar_to	ID:110
ID:967	similar_to	ID:205
ID:967	similar_to	ID:242
ID:967	similar_to	ID:306
ID:967	similar_to	ID:400
ID:967	similar_to	ID:423
ID:967	similar_to	ID:627
ID:967	similar_to	ID:706
ID:967	similar_to	ID:815
ID:967	similar_to	ID:967
ID:968	similar_to	ID:637
ID:968	similar_to	ID:968
ID:969	similar_to	ID:44
ID:969	similar_to	ID:159
ID:969	similar_to	ID:243
ID:969	similar_to	ID:250
ID:969	similar_to	ID:263
ID:969	similar_to	ID:292
ID:969	similar_to	ID:397
ID:969	similar_to	ID:421
ID:969	similar_to	ID:682
ID:969	similar_to	ID:755
ID:969	similar_to	ID:793
ID:969	similar_to	ID:848
ID:969	similar_to	ID:857
ID:969	similar_to	ID:871
ID:969	similar_to	ID:922
ID:969	similar_to	ID:969
ID:970	similar_to	ID:16
ID:970	similar_to	ID:253
ID:970	similar_to	ID:310
ID:970	similar_to	ID:380
ID:970	similar_to	ID:390
ID:970	similar_to	ID:563
ID:970	similar_to	ID:586
ID:970	similar_to	ID:724
ID:970	similar_to	ID:742
ID:970	similar_to	ID:867
ID:970	similar_to	ID:902
ID:970	similar_to	ID:963
ID:970	similar_to	ID:970
ID:971	similar_to	ID:87
ID:971	similar_to	ID:112
ID:971	similar_to	ID:175
ID:971	similar_to	ID:539
ID:971	similar_to	ID:546
ID:971	similar_to	ID:587
ID:971	similar_to	ID:758
ID:971	similar_to	ID:761
ID:971	similar_to	ID:795
ID:971	similar_to	ID:971
ID:972	similar_to	ID:125
ID:972	similar_to	ID:401
ID:972	similar_to	ID:440
ID:972	similar_to	ID:456
ID:972	similar_to	ID:659
ID:972	similar_to	ID:786
ID:972	similar_to	ID:910
ID:972	similar_to	ID:972
ID:973	similar_to	ID:364
ID:973	similar_to	ID:607
ID:973	similar_to	ID:949
ID:973	similar_to	ID:973
ID:974	similar_to	ID:37
ID:974	similar_to	ID:203
ID:974	similar_to	ID:974
ID:975	similar_to	ID:135
ID:975	similar_to	ID:157
ID:975	similar_to	ID:168
ID:975	similar_to	ID:227
ID:975	similar_to	ID:260
ID:975	similar_to	ID:375
ID:975	similar_to	ID:578
ID:975	similar_to	ID:582
ID:975	similar_to	ID:732
ID:975	similar_to	ID:757
ID:975	similar_to	ID:824
ID:975	similar_to	ID:897
ID:975	similar_to	ID:966
ID:975	similar_to	ID:975
ID:976	similar_to	ID:4
ID:976	similar_to	ID:383
ID:976	similar_to	ID:842
ID:976	similar_to	ID:870
ID:976	similar_to	ID:976
ID:977	similar_to	ID:51
ID:977	similar_to	ID:108
ID:977	similar_to	ID:219
ID:977	similar_to	ID:379
ID:977	similar_to	ID:516
ID:977	similar_to	ID:645
ID:977	similar_to	ID:670
ID:977	similar_to	ID:707
ID:977	similar_to	ID:804
ID:977	similar_to	ID:814
ID:977	similar_to	ID:843
ID:977	similar_to	ID:977
ID:978	similar_to	ID:114
ID:978	similar_to	ID:234
ID:978	similar_to	ID:431
ID:978	similar_to	ID:556
ID:978	similar_to	ID:585
ID:978	similar_to	ID:610
ID:978	similar_to	ID:825
ID:978	similar_to	ID:893
ID:978	similar_to	ID:978
ID:979	similar_to	ID:189
ID:979	similar_to	ID:196
ID:979	similar_to	ID:220
ID:979	similar_to	ID:661
ID:979	similar_to	ID:979
ID:980	similar_to	ID:36
ID:980	similar_to	ID:145
ID:980	similar_to	ID:185
ID:980	similar_to	ID:208
ID:980	similar_to	ID:270
ID:980	similar_to	ID:360
ID:980	similar_to	ID:409
ID:980	similar_to	ID:464
ID:980	similar_to	ID:544
ID:980	similar_to	ID:648
ID:980	similar_to	ID:980
ID:981	similar_to	ID:177
ID:981	similar_to	ID:567
ID:981	similar_to	ID:708
ID:981	similar_to	ID:737
ID:981	similar_to	ID:981
ID:982	similar_to	ID:38
ID:982	similar_to	ID:347
ID:982	similar_to	ID:356
ID:982	similar_to	ID:598
ID:982	similar_to	ID:738
ID:982	similar_to	ID:982
ID:983	similar_to	ID:184
ID:983	similar_to	ID:188
ID:983	similar_to	ID:290
ID:983	similar_to	ID:644
ID:983	similar_to	ID:665
ID:983	similar_to	ID:819
ID:983	similar_to	ID:983
ID:984	similar_to	ID:1
ID:984	similar_to	ID:25
ID:984	similar_to	ID:94
ID:984	similar_to	ID:113
ID:984	similar_to	ID:180
ID:984	similar_to	ID:217
ID:984	similar_to	ID:240
ID:984	similar_to	ID:365
ID:984	similar_to	ID:373
ID:984	similar_to	ID:404
ID:984	similar_to	ID:426
ID:984	similar_to	ID:462
ID:984	similar_to	ID:465
ID:984	similar_to	ID:480
ID:984	similar_to	ID:562
ID:984	similar_to	ID:654
ID:984	similar_to	ID:745
ID:984	similar_to	ID:781
ID:984	similar_to	ID:803
ID:984	similar_to	ID:806
ID:984	similar_to	ID:832
ID:984	similar_to	ID:844
ID:984	similar_to	ID:868
ID:984	similar_to	ID:878
ID:984	similar_to	ID:920
ID:984	similar_to	ID:984
ID:985	similar_to	ID:13
ID:985	similar_to	ID:33
ID:985	similar_to	ID:98
ID:985	similar_to	ID:226
ID:985	similar_to	ID:283
ID:985	similar_to	ID:295
ID:985	similar_to	ID:782
ID:985	similar_to	ID:884
ID:985	similar_to	ID:985
ID:986	similar_to	ID:10
ID:986	similar_to	ID:81
ID:986	similar_to	ID:109
ID:986	similar_to	ID:254
ID:986	similar_to	ID:321
ID:986	similar_to	ID:398
ID:986	similar_to	ID:437
ID:986	similar_to	ID:454
ID:986	similar_to	ID:485
ID:986	similar_to	ID:568
ID:986	similar_to	ID:580
ID:986	similar_to	ID:721
ID:986	similar_to	ID:986
ID:987	similar_to	ID:12
ID:987	similar_to	ID:232
ID:987	similar_to	ID:377
ID:987	similar_to	ID:605
ID:987	similar_to	ID:616
ID:987	similar_to	ID:987
ID:988	similar_to	ID:45
ID:988	similar_to	ID:308
ID:988	similar_to	ID:345
ID:988	similar_to	ID:407
ID:988	similar_to	ID:471
ID:988	similar_to	ID:478
ID:988	similar_to	ID:631
ID:988	similar_to	ID:636
ID:988	similar_to	ID:703
ID:988	similar_to	ID:765
ID:988	similar_to	ID:829
ID:988	similar_to	ID:988
ID:989	similar_to	ID:57
ID:989	similar_to	ID:147
ID:989	similar_to	ID:192
ID:989	similar_to	ID:201
ID:989	similar_to	ID:276
ID:989	similar_to	ID:326
ID:989	similar_to	ID:455
ID:989	similar_to	ID:463
ID:989	similar_to	ID:507
ID:989	similar_to	ID:533
ID:989	similar_to	ID:569
ID:989	similar_to	ID:581
ID:989	similar_to	ID:639
ID:989	similar_to	ID:712
ID:989	similar_to	ID:779
ID:989	similar_to	ID:952
ID:989	similar_to	ID:989
ID:990	similar_to	ID:48
ID:990	similar_to	ID:64
ID:990	similar_to	ID:319
ID:990	similar_to	ID:410
ID:990	similar_to	ID:990
ID:991	similar_to	ID:687
ID:991	similar_to	ID:898
ID:991	similar_to	ID:991
ID:992	similar_to	ID:293
ID:992	similar_to	ID:942
ID:992	similar_to	ID:962
ID:992	similar_to	ID:992
ID:993	similar_to	ID:100
ID:993	similar_to	ID:206
ID:993	similar_to	ID:566
ID:993	similar_to	ID:597
ID:993	similar_to	ID:993
ID:994	similar_to	ID:14
ID:994	similar_to	ID:19
ID:994	similar_to	ID:52
ID:994	similar_to	ID:89
ID:994	similar_to	ID:133
ID:994	similar_to	ID:137
ID:994	similar_to	ID:139
ID:994	similar_to	ID:143
ID:994	similar_to	ID:174
ID:994	similar_to	ID:176
ID:994	similar_to	ID:237
ID:994	similar_to	ID:284
ID:994	similar_to	ID:287
ID:994	similar_to	ID:384
ID:994	similar_to	ID:531
ID:994	similar_to	ID:565
ID:994	similar_to	ID:591
ID:994	similar_to	ID:701
ID:994	similar_to	ID:759
ID:994	similar_to	ID:776
ID:994	similar_to	ID:938
ID:994	similar_to	ID:994
ID:995	similar_to	ID:23
ID:995	similar_to	ID:221
ID:995	similar_to	ID:229
ID:995	similar_to	ID:386
ID:995	similar_to	ID:412
ID:995	similar_to	ID:620
ID:995	similar_to	ID:649
ID:995	similar_to	ID:651
ID:995	similar_to	ID:674
ID:995	similar_to	ID:675
ID:995	similar_to	ID:960
ID:995	similar_to	ID:995
ID:996	similar_to	ID:245
ID:996	similar_to	ID:258
ID:996	similar_to	ID:313
ID:996	similar_to	ID:482
ID:996	similar_to	ID:657
ID:996	similar_to	ID:760
ID:996	similar_to	ID:926
ID:996	similar_to	ID:996
ID:997	similar_to	ID:3
ID:997	similar_to	ID:424
ID:997	similar_to	ID:484
ID:997	similar_to	ID:638
ID:997	similar_to	ID:641
ID:997	similar_to	ID:866
ID:997	similar_to	ID:964
ID:997	similar_to	ID:997
ID:998	similar_to	ID:148
ID:998	similar_to	ID:269
ID:998	similar_to	ID:762
ID:998	similar_to	ID:998
ID:999	similar_to	ID:358
ID:999	similar_to	ID:448
ID:999	similar_to	ID:450
ID:999	similar_to	ID:588
ID:999	similar_to	ID:924
ID:999	similar_to	ID:936
ID:999	similar_to	ID:999
