ID:0	of_type	TY_laminar burning velocity measurement
ID:0	of_reactor	R_flame
ID:0	has_author	Author 80
ID:0	of_year	Y_2021
ID:0	of_target	T_CO2
ID:0	has_similarity	S_0.4
ID:0	has_uncertainty	U_1.0
ID:1	of_type	TY_concentration time profile measurement
ID:1	of_reactor	R_flow reactor
ID:1	has_author	Author 89
ID:1	of_year	Y_2019
ID:1	of_target	T_C0
ID:1	has_similarity	S_0.0
ID:1	has_uncertainty	U_0.2
ID:2	of_type	TY_burner stabilized flame speciation measurement
ID:2	of_reactor	R_flame
ID:2	has_author	Author 93
ID:2	of_year	Y_1989
ID:2	of_target	T_H20
ID:2	has_similarity	S_0.7
ID:2	has_uncertainty	U_0.3
ID:3	of_type	TY_outlet concentration measurement
ID:3	of_reactor	R_shock tube
ID:3	has_author	Author 47
ID:3	of_year	Y_2022
ID:3	of_target	T_CO2
ID:3	has_similarity	S_0.2
ID:3	has_uncertainty	U_0.1
ID:4	of_type	TY_outlet concentration measurement
ID:4	of_reactor	R_flow reactor
ID:4	has_author	Author 63
ID:4	of_year	Y_1985
ID:4	of_target	T_CH3
ID:4	has_similarity	S_1.0
ID:4	has_uncertainty	U_0.5
ID:5	of_type	TY_concentration time profile measurement
ID:5	of_reactor	R_flow reactor
ID:5	has_author	Author 20
ID:5	of_year	Y_1978
ID:5	of_target	T_NH3
ID:5	has_similarity	S_0.9
ID:5	has_uncertainty	U_0.3
ID:6	of_type	TY_burner stabilized flame speciation measurement
ID:6	of_reactor	R_flame
ID:6	has_author	Author 47
ID:6	of_year	Y_2021
ID:6	of_target	T_H20
ID:6	has_similarity	S_0.5
ID:6	has_uncertainty	U_0.5
ID:7	of_type	TY_ignition delay measurement
ID:7	of_reactor	R_shock tube
ID:7	has_author	Author 82
ID:7	of_year	Y_2025
ID:7	of_target	T_C0
ID:7	has_similarity	S_0.2
ID:7	has_uncertainty	U_0.6
ID:8	of_type	TY_ignition delay measurement
ID:8	of_reactor	R_rapid compression machine
ID:8	has_author	Author 93
ID:8	of_year	Y_1980
ID:8	of_target	T_H2S
ID:8	has_similarity	S_0.9
ID:8	has_uncertainty	U_0.6
ID:9	of_type	TY_outlet concentration measurement
ID:9	of_reactor	R_flow reactor
ID:9	has_author	Author 74
ID:9	of_year	Y_1960
ID:9	of_target	T_CO2
ID:9	has_similarity	S_1.0
ID:9	has_uncertainty	U_0.1
ID:10	of_type	TY_outlet concentration measurement
ID:10	of_reactor	R_shock tube
ID:10	has_author	Author 49
ID:10	of_year	Y_1959
ID:10	of_target	T_C7H8
ID:10	has_similarity	S_0.0
ID:10	has_uncertainty	U_0.1
ID:11	of_type	TY_concentration time profile measurement
ID:11	of_reactor	R_shock tube
ID:11	has_author	Author 33
ID:11	of_year	Y_1954
ID:11	of_target	T_C0
ID:11	has_similarity	S_0.7
ID:11	has_uncertainty	U_0.1
ID:12	of_type	TY_ignition delay measurement
ID:12	of_reactor	R_rapid compression machine
ID:12	has_author	Author 16
ID:12	of_year	Y_1980
ID:12	of_target	T_NH3
ID:12	has_similarity	S_1.0
ID:12	has_uncertainty	U_0.8
ID:13	of_type	TY_concentration time profile measurement
ID:13	of_reactor	R_flow reactor
ID:13	has_author	Author 67
ID:13	of_year	Y_1961
ID:13	of_target	T_CO2
ID:13	has_similarity	S_0.3
ID:13	has_uncertainty	U_0.2
ID:14	of_type	TY_concentration time profile measurement
ID:14	of_reactor	R_stirred reactor
ID:14	has_author	Author 56
ID:14	of_year	Y_2028
ID:14	of_target	T_C5H6
ID:14	has_similarity	S_0.4
ID:14	has_uncertainty	U_0.6
ID:15	of_type	TY_burner stabilized flame speciation measurement
ID:15	of_reactor	R_flame
ID:15	has_author	Author 28
ID:15	of_year	Y_2025
ID:15	of_target	T_H2S
ID:15	has_similarity	S_0.6
ID:15	has_uncertainty	U_1.0
ID:16	of_type	TY_ignition delay measurement
ID:16	of_reactor	R_shock tube
ID:16	has_author	Author 77
ID:16	of_year	Y_1952
ID:16	of_target	T_CO2
ID:16	has_similarity	S_0.8
ID:16	has_uncertainty	U_0.7
ID:17	of_type	TY_outlet concentration measurement
ID:17	of_reactor	R_flow reactor
ID:17	has_author	Author 45
ID:17	of_year	Y_2008
ID:17	of_target	T_CO2
ID:17	has_similarity	S_0.1
ID:17	has_uncertainty	U_0.4
ID:18	of_type	TY_laminar burning velocity measurement
ID:18	of_reactor	R_flame
ID:18	has_author	Author 71
ID:18	of_year	Y_1989
ID:18	of_target	T_H2S
ID:18	has_similarity	S_0.8
ID:18	has_uncertainty	U_0.3
ID:19	of_type	TY_ignition delay measurement
ID:19	of_reactor	R_rapid compression machine
ID:19	has_author	Author 36
ID:19	of_year	Y_1976
ID:19	of_target	T_C5H6
ID:19	has_similarity	S_0.3
ID:19	has_uncertainty	U_0.1
ID:20	of_type	TY_ignition delay measurement
ID:20	of_reactor	R_shock tube
ID:20	has_author	Author 25
ID:20	of_year	Y_1973
ID:20	of_target	T_H20
ID:20	has_similarity	S_0.2
ID:20	has_uncertainty	U_0.7
ID:21	of_type	TY_jet stirred reactor measurement
ID:21	of_reactor	R_shock tube
ID:21	has_author	Author 19
ID:21	of_year	Y_2001
ID:21	of_target	T_C5H6
ID:21	has_similarity	S_0.1
ID:21	has_uncertainty	U_0.9
ID:22	of_type	TY_jet stirred reactor measurement
ID:22	of_reactor	R_flow reactor
ID:22	has_author	Author 90
ID:22	of_year	Y_2013
ID:22	of_target	T_C0
ID:22	has_similarity	S_0.9
ID:22	has_uncertainty	U_0.5
ID:23	of_type	TY_laminar burning velocity measurement
ID:23	of_reactor	R_flame
ID:23	has_author	Author 48
ID:23	of_year	Y_1976
ID:23	of_target	T_H2
ID:23	has_similarity	S_0.6
ID:23	has_uncertainty	U_0.1
ID:24	of_type	TY_laminar burning velocity measurement
ID:24	of_reactor	R_flame
ID:24	has_author	Author 25
ID:24	of_year	Y_1980
ID:24	of_target	T_CH3
ID:24	has_similarity	S_0.4
ID:24	has_uncertainty	U_0.7
ID:25	of_type	TY_ignition delay measurement
ID:25	of_reactor	R_rapid compression machine
ID:25	has_author	Author 19
ID:25	of_year	Y_2000
ID:25	of_target	T_H2
ID:25	has_similarity	S_0.2
ID:25	has_uncertainty	U_0.8
ID:26	of_type	TY_jet stirred reactor measurement
ID:26	of_reactor	R_shock tube
ID:26	has_author	Author 10
ID:26	of_year	Y_1988
ID:26	of_target	T_C6H6
ID:26	has_similarity	S_0.3
ID:26	has_uncertainty	U_0.1
ID:27	of_type	TY_concentration time profile measurement
ID:27	of_reactor	R_shock tube
ID:27	has_author	Author 50
ID:27	of_year	Y_2030
ID:27	of_target	T_C5H6
ID:27	has_similarity	S_0.7
ID:27	has_uncertainty	U_0.7
ID:28	of_type	TY_outlet concentration measurement
ID:28	of_reactor	R_shock tube
ID:28	has_author	Author 50
ID:28	of_year	Y_2026
ID:28	of_target	T_H20
ID:28	has_similarity	S_0.7
ID:28	has_uncertainty	U_0.8
ID:29	of_type	TY_outlet concentration measurement
ID:29	of_reactor	R_stirred reactor
ID:29	has_author	Author 73
ID:29	of_year	Y_1990
ID:29	of_target	T_CH4
ID:29	has_similarity	S_0.8
ID:29	has_uncertainty	U_0.4
ID:30	of_type	TY_concentration time profile measurement
ID:30	of_reactor	R_shock tube
ID:30	has_author	Author 55
ID:30	of_year	Y_1966
ID:30	of_target	T_H2S
ID:30	has_similarity	S_0.2
ID:30	has_uncertainty	U_0.8
ID:31	of_type	TY_outlet concentration measurement
ID:31	of_reactor	R_shock tube
ID:31	has_author	Author 41
ID:31	of_year	Y_2008
ID:31	of_target	T_H2
ID:31	has_similarity	S_0.4
ID:31	has_uncertainty	U_0.4
ID:32	of_type	TY_ignition delay measurement
ID:32	of_reactor	R_rapid compression machine
ID:32	has_author	Author 47
ID:32	of_year	Y_2025
ID:32	of_target	T_NH3
ID:32	has_similarity	S_0.9
ID:32	has_uncertainty	U_0.3
ID:33	of_type	TY_outlet concentration measurement
ID:33	of_reactor	R_flow reactor
ID:33	has_author	Author 8
ID:33	of_year	Y_2020
ID:33	of_target	T_CH3
ID:33	has_similarity	S_0.5
ID:33	has_uncertainty	U_0.6
ID:34	of_type	TY_burner stabilized flame speciation measurement
ID:34	of_reactor	R_flame
ID:34	has_author	Author 97
ID:34	of_year	Y_1964
ID:34	of_target	T_IDT
ID:34	has_similarity	S_0.5
ID:34	has_uncertainty	U_0.5
ID:35	of_type	TY_ignition delay measurement
ID:35	of_reactor	R_shock tube
ID:35	has_author	Author 10
ID:35	of_year	Y_1990
ID:35	of_target	T_C6H6
ID:35	has_similarity	S_0.0
ID:35	has_uncertainty	U_0.8
ID:36	of_type	TY_jet stirred reactor measurement
ID:36	of_reactor	R_shock tube
ID:36	has_author	Author 33
ID:36	of_year	Y_1953
ID:36	of_target	T_C7H8
ID:36	has_similarity	S_0.5
ID:36	has_uncertainty	U_0.3
ID:37	of_type	TY_laminar burning velocity measurement
ID:37	of_reactor	R_flame
ID:37	has_author	Author 10
ID:37	of_year	Y_1988
ID:37	of_target	T_CH3
ID:37	has_similarity	S_0.8
ID:37	has_uncertainty	U_0.3
ID:38	of_type	TY_burner stabilized flame speciation measurement
ID:38	of_reactor	R_flame
ID:38	has_author	Author 32
ID:38	of_year	Y_1986
ID:38	of_target	T_IDT
ID:38	has_similarity	S_0.9
ID:38	has_uncertainty	U_0.5
ID:39	of_type	TY_laminar burning velocity measurement
ID:39	of_reactor	R_flame
ID:39	has_author	Author 13
ID:39	of_year	Y_1950
ID:39	of_target	T_H2
ID:39	has_similarity	S_0.0
ID:39	has_uncertainty	U_0.2
ID:40	of_type	TY_laminar burning velocity measurement
ID:40	of_reactor	R_flame
ID:40	has_author	Author 9
ID:40	of_year	Y_1969
ID:40	of_target	T_C7H8
ID:40	has_similarity	S_0.7
ID:40	has_uncertainty	U_0.0
ID:41	of_type	TY_ignition delay measurement
ID:41	of_reactor	R_shock tube
ID:41	has_author	Author 99
ID:41	of_year	Y_2014
ID:41	of_target	T_CO2
ID:41	has_similarity	S_0.2
ID:41	has_uncertainty	U_0.2
ID:42	of_type	TY_ignition delay measurement
ID:42	of_reactor	R_shock tube
ID:42	has_author	Author 35
ID:42	of_year	Y_1974
ID:42	of_target	T_CH4
ID:42	has_similarity	S_0.4
ID:42	has_uncertainty	U_0.5
ID:43	of_type	TY_laminar burning velocity measurement
ID:43	of_reactor	R_flame
ID:43	has_author	Author 40
ID:43	of_year	Y_1958
ID:43	of_target	T_IDT
ID:43	has_similarity	S_0.8
ID:43	has_uncertainty	U_0.6
ID:44	of_type	TY_jet stirred reactor measurement
ID:44	of_reactor	R_flow reactor
ID:44	has_author	Author 77
ID:44	of_year	Y_1953
ID:44	of_target	T_CH4
ID:44	has_similarity	S_0.2
ID:44	has_uncertainty	U_0.4
ID:45	of_type	TY_jet stirred reactor measurement
ID:45	of_reactor	R_shock tube
ID:45	has_author	Author 9
ID:45	of_year	Y_1966
ID:45	of_target	T_H2S
ID:45	has_similarity	S_0.6
ID:45	has_uncertainty	U_0.5
ID:46	of_type	TY_jet stirred reactor measurement
ID:46	of_reactor	R_stirred reactor
ID:46	has_author	Author 83
ID:46	of_year	Y_1969
ID:46	of_target	T_H20
ID:46	has_similarity	S_0.1
ID:46	has_uncertainty	U_0.1
ID:47	of_type	TY_ignition delay measurement
ID:47	of_reactor	R_shock tube
ID:47	has_author	Author 67
ID:47	of_year	Y_1965
ID:47	of_target	T_H20
ID:47	has_similarity	S_0.7
ID:47	has_uncertainty	U_1.0
ID:48	of_type	TY_burner stabilized flame speciation measurement
ID:48	of_reactor	R_flame
ID:48	has_author	Author 46
ID:48	of_year	Y_1995
ID:48	of_target	T_CH4
ID:48	has_similarity	S_0.9
ID:48	has_uncertainty	U_0.4
ID:49	of_type	TY_ignition delay measurement
ID:49	of_reactor	R_shock tube
ID:49	has_author	Author 47
ID:49	of_year	Y_2021
ID:49	of_target	T_CH3
ID:49	has_similarity	S_0.3
ID:49	has_uncertainty	U_0.4
ID:50	of_type	TY_outlet concentration measurement
ID:50	of_reactor	R_shock tube
ID:50	has_author	Author 40
ID:50	of_year	Y_1953
ID:50	of_target	T_H2
ID:50	has_similarity	S_0.6
ID:50	has_uncertainty	U_0.4
ID:51	of_type	TY_burner stabilized flame speciation measurement
ID:51	of_reactor	R_flame
ID:51	has_author	Author 63
ID:51	of_year	Y_1984
ID:51	of_target	T_H2
ID:51	has_similarity	S_0.8
ID:51	has_uncertainty	U_0.4
ID:52	of_type	TY_concentration time profile measurement
ID:52	of_reactor	R_flow reactor
ID:52	has_author	Author 88
ID:52	of_year	Y_1965
ID:52	of_target	T_CO2
ID:52	has_similarity	S_0.2
ID:52	has_uncertainty	U_0.5
ID:53	of_type	TY_jet stirred reactor measurement
ID:53	of_reactor	R_shock tube
ID:53	has_author	Author 35
ID:53	of_year	Y_1978
ID:53	of_target	T_NH3
ID:53	has_similarity	S_0.4
ID:53	has_uncertainty	U_0.5
ID:54	of_type	TY_ignition delay measurement
ID:54	of_reactor	R_rapid compression machine
ID:54	has_author	Author 96
ID:54	of_year	Y_1966
ID:54	of_target	T_C7H8
ID:54	has_similarity	S_1.0
ID:54	has_uncertainty	U_0.2
ID:55	of_type	TY_ignition delay measurement
ID:55	of_reactor	R_rapid compression machine
ID:55	has_author	Author 6
ID:55	of_year	Y_2001
ID:55	of_target	T_CH3
ID:55	has_similarity	S_1.0
ID:55	has_uncertainty	U_1.0
ID:56	of_type	TY_laminar burning velocity measurement
ID:56	of_reactor	R_flame
ID:56	has_author	Author 86
ID:56	of_year	Y_2019
ID:56	of_target	T_H2S
ID:56	has_similarity	S_0.0
ID:56	has_uncertainty	U_0.7
ID:57	of_type	TY_jet stirred reactor measurement
ID:57	of_reactor	R_flow reactor
ID:57	has_author	Author 25
ID:57	of_year	Y_1976
ID:57	of_target	T_C0
ID:57	has_similarity	S_0.9
ID:57	has_uncertainty	U_0.4
ID:58	of_type	TY_ignition delay measurement
ID:58	of_reactor	R_rapid compression machine
ID:58	has_author	Author 54
ID:58	of_year	Y_1984
ID:58	of_target	T_CO2
ID:58	has_similarity	S_0.4
ID:58	has_uncertainty	U_0.9
ID:59	of_type	TY_ignition delay measurement
ID:59	of_reactor	R_rapid compression machine
ID:59	has_author	Author 12
ID:59	of_year	Y_1989
ID:59	of_target	T_IDT
ID:59	has_similarity	S_0.9
ID:59	has_uncertainty	U_0.1
ID:60	of_type	TY_outlet concentration measurement
ID:60	of_reactor	R_flow reactor
ID:60	has_author	Author 3
ID:60	of_year	Y_2005
ID:60	of_target	T_C7H8
ID:60	has_similarity	S_0.9
ID:60	has_uncertainty	U_0.9
ID:61	of_type	TY_concentration time profile measurement
ID:61	of_reactor	R_flow reactor
ID:61	has_author	Author 92
ID:61	of_year	Y_1995
ID:61	of_target	T_IDT
ID:61	has_similarity	S_0.1
ID:61	has_uncertainty	U_0.7
ID:62	of_type	TY_outlet concentration measurement
ID:62	of_reactor	R_shock tube
ID:62	has_author	Author 43
ID:62	of_year	Y_2028
ID:62	of_target	T_CH4
ID:62	has_similarity	S_0.7
ID:62	has_uncertainty	U_0.9
ID:63	of_type	TY_ignition delay measurement
ID:63	of_reactor	R_shock tube
ID:63	has_author	Author 12
ID:63	of_year	Y_1989
ID:63	of_target	T_H20
ID:63	has_similarity	S_0.6
ID:63	has_uncertainty	U_0.9
ID:64	of_type	TY_jet stirred reactor measurement
ID:64	of_reactor	R_stirred reactor
ID:64	has_author	Author 9
ID:64	of_year	Y_1968
ID:64	of_target	T_CH4
ID:64	has_similarity	S_0.8
ID:64	has_uncertainty	U_0.1
ID:65	of_type	TY_burner stabilized flame speciation measurement
ID:65	of_reactor	R_flame
ID:65	has_author	Author 94
ID:65	of_year	Y_2030
ID:65	of_target	T_H20
ID:65	has_similarity	S_1.0
ID:65	has_uncertainty	U_0.3
ID:66	of_type	TY_laminar burning velocity measurement
ID:66	of_reactor	R_flame
ID:66	has_author	Author 47
ID:66	of_year	Y_2026
ID:66	of_target	T_IDT
ID:66	has_similarity	S_0.7
ID:66	has_uncertainty	U_0.9
ID:67	of_type	TY_concentration time profile measurement
ID:67	of_reactor	R_shock tube
ID:67	has_author	Author 79
ID:67	of_year	Y_1974
ID:67	of_target	T_NH3
ID:67	has_similarity	S_0.6
ID:67	has_uncertainty	U_0.6
ID:68	of_type	TY_ignition delay measurement
ID:68	of_reactor	R_shock tube
ID:68	has_author	Author 33
ID:68	of_year	Y_1952
ID:68	of_target	T_H2S
ID:68	has_similarity	S_0.6
ID:68	has_uncertainty	U_0.6
ID:69	of_type	TY_laminar burning velocity measurement
ID:69	of_reactor	R_flame
ID:69	has_author	Author 83
ID:69	of_year	Y_1970
ID:69	of_target	T_H2S
ID:69	has_similarity	S_0.1
ID:69	has_uncertainty	U_0.1
ID:70	of_type	TY_jet stirred reactor measurement
ID:70	of_reactor	R_stirred reactor
ID:70	has_author	Author 2
ID:70	of_year	Y_2004
ID:70	of_target	T_C0
ID:70	has_similarity	S_0.5
ID:70	has_uncertainty	U_0.8
ID:71	of_type	TY_jet stirred reactor measurement
ID:71	of_reactor	R_flow reactor
ID:71	has_author	Author 52
ID:71	of_year	Y_2016
ID:71	of_target	T_H2
ID:71	has_similarity	S_0.4
ID:71	has_uncertainty	U_0.0
ID:72	of_type	TY_laminar burning velocity measurement
ID:72	of_reactor	R_flame
ID:72	has_author	Author 40
ID:72	of_year	Y_1959
ID:72	of_target	T_CH3
ID:72	has_similarity	S_0.7
ID:72	has_uncertainty	U_0.3
ID:73	of_type	TY_outlet concentration measurement
ID:73	of_reactor	R_shock tube
ID:73	has_author	Author 5
ID:73	of_year	Y_1969
ID:73	of_target	T_CH3
ID:73	has_similarity	S_0.0
ID:73	has_uncertainty	U_0.2
ID:74	of_type	TY_laminar burning velocity measurement
ID:74	of_reactor	R_flame
ID:74	has_author	Author 44
ID:74	of_year	Y_2010
ID:74	of_target	T_IDT
ID:74	has_similarity	S_0.9
ID:74	has_uncertainty	U_0.1
ID:75	of_type	TY_burner stabilized flame speciation measurement
ID:75	of_reactor	R_flame
ID:75	has_author	Author 39
ID:75	of_year	Y_1973
ID:75	of_target	T_CH3
ID:75	has_similarity	S_0.1
ID:75	has_uncertainty	U_0.5
ID:76	of_type	TY_concentration time profile measurement
ID:76	of_reactor	R_stirred reactor
ID:76	has_author	Author 69
ID:76	of_year	Y_1958
ID:76	of_target	T_CH3
ID:76	has_similarity	S_0.3
ID:76	has_uncertainty	U_0.1
ID:77	of_type	TY_outlet concentration measurement
ID:77	of_reactor	R_shock tube
ID:77	has_author	Author 52
ID:77	of_year	Y_2017
ID:77	of_target	T_H2
ID:77	has_similarity	S_0.3
ID:77	has_uncertainty	U_0.3
ID:78	of_type	TY_burner stabilized flame speciation measurement
ID:78	of_reactor	R_flame
ID:78	has_author	Author 93
ID:78	of_year	Y_1986
ID:78	of_target	T_NH3
ID:78	has_similarity	S_0.5
ID:78	has_uncertainty	U_0.0
ID:79	of_type	TY_concentration time profile measurement
ID:79	of_reactor	R_flow reactor
ID:79	has_author	Author 4
ID:79	of_year	Y_1950
ID:79	of_target	T_CH4
ID:79	has_similarity	S_1.0
ID:79	has_uncertainty	U_0.4
ID:80	of_type	TY_jet stirred reactor measurement
ID:80	of_reactor	R_shock tube
ID:80	has_author	Author 6
ID:80	of_year	Y_2001
ID:80	of_target	T_CH4
ID:80	has_similarity	S_0.5
ID:80	has_uncertainty	U_0.0
ID:81	of_type	TY_ignition delay measurement
ID:81	of_reactor	R_shock tube
ID:81	has_author	Author 63
ID:81	of_year	Y_1983
ID:81	of_target	T_C5H6
ID:81	has_similarity	S_0.2
ID:81	has_uncertainty	U_0.9
ID:82	of_type	TY_outlet concentration measurement
ID:82	of_reactor	R_flow reactor
ID:82	has_author	Author 81
ID:82	of_year	Y_1981
ID:82	of_target	T_CH4
ID:82	has_similarity	S_0.7
ID:82	has_uncertainty	U_0.3
ID:83	of_type	TY_laminar burning velocity measurement
ID:83	of_reactor	R_flame
ID:83	has_author	Author 59
ID:83	of_year	Y_1996
ID:83	of_target	T_C6H6
ID:83	has_similarity	S_0.3
ID:83	has_uncertainty	U_0.3
ID:84	of_type	TY_ignition delay measurement
ID:84	of_reactor	R_rapid compression machine
ID:84	has_author	Author 75
ID:84	of_year	Y_1970
ID:84	of_target	T_CH3
ID:84	has_similarity	S_0.7
ID:84	has_uncertainty	U_0.2
ID:85	of_type	TY_ignition delay measurement
ID:85	of_reactor	R_shock tube
ID:85	has_author	Author 2
ID:85	of_year	Y_2005
ID:85	of_target	T_C0
ID:85	has_similarity	S_0.4
ID:85	has_uncertainty	U_0.3
ID:86	of_type	TY_laminar burning velocity measurement
ID:86	of_reactor	R_flame
ID:86	has_author	Author 50
ID:86	of_year	Y_2028
ID:86	of_target	T_CO2
ID:86	has_similarity	S_0.0
ID:86	has_uncertainty	U_0.7
ID:87	of_type	TY_concentration time profile measurement
ID:87	of_reactor	R_flow reactor
ID:87	has_author	Author 18
ID:87	of_year	Y_1956
ID:87	of_target	T_IDT
ID:87	has_similarity	S_0.9
ID:87	has_uncertainty	U_0.7
ID:88	of_type	TY_outlet concentration measurement
ID:88	of_reactor	R_stirred reactor
ID:88	has_author	Author 45
ID:88	of_year	Y_2008
ID:88	of_target	T_C6H6
ID:88	has_similarity	S_0.6
ID:88	has_uncertainty	U_0.0
ID:89	of_type	TY_jet stirred reactor measurement
ID:89	of_reactor	R_stirred reactor
ID:89	has_author	Author 75
ID:89	of_year	Y_1961
ID:89	of_target	T_CO2
ID:89	has_similarity	S_0.5
ID:89	has_uncertainty	U_0.0
ID:90	of_type	TY_outlet concentration measurement
ID:90	of_reactor	R_flow reactor
ID:90	has_author	Author 43
ID:90	of_year	Y_2024
ID:90	of_target	T_H2
ID:90	has_similarity	S_0.4
ID:90	has_uncertainty	U_0.9
ID:91	of_type	TY_laminar burning velocity measurement
ID:91	of_reactor	R_flame
ID:91	has_author	Author 56
ID:91	of_year	Y_2025
ID:91	of_target	T_NH3
ID:91	has_similarity	S_0.5
ID:91	has_uncertainty	U_0.3
ID:92	of_type	TY_burner stabilized flame speciation measurement
ID:92	of_reactor	R_flame
ID:92	has_author	Author 92
ID:92	of_year	Y_1993
ID:92	of_target	T_C5H6
ID:92	has_similarity	S_0.3
ID:92	has_uncertainty	U_0.6
ID:93	of_type	TY_outlet concentration measurement
ID:93	of_reactor	R_flow reactor
ID:93	has_author	Author 21
ID:93	of_year	Y_2024
ID:93	of_target	T_CH3
ID:93	has_similarity	S_0.9
ID:93	has_uncertainty	U_0.4
ID:94	of_type	TY_burner stabilized flame speciation measurement
ID:94	of_reactor	R_flame
ID:94	has_author	Author 99
ID:94	of_year	Y_2020
ID:94	of_target	T_NH3
ID:94	has_similarity	S_0.2
ID:94	has_uncertainty	U_0.8
ID:95	of_type	TY_ignition delay measurement
ID:95	of_reactor	R_shock tube
ID:95	has_author	Author 40
ID:95	of_year	Y_1953
ID:95	of_target	T_C5H6
ID:95	has_similarity	S_1.0
ID:95	has_uncertainty	U_0.8
ID:96	of_type	TY_burner stabilized flame speciation measurement
ID:96	of_reactor	R_flame
ID:96	has_author	Author 29
ID:96	of_year	Y_1986
ID:96	of_target	T_C6H6
ID:96	has_similarity	S_0.6
ID:96	has_uncertainty	U_0.0
ID:97	of_type	TY_concentration time profile measurement
ID:97	of_reactor	R_shock tube
ID:97	has_author	Author 6
ID:97	of_year	Y_2003
ID:97	of_target	T_C7H8
ID:97	has_similarity	S_0.7
ID:97	has_uncertainty	U_0.1
ID:98	of_type	TY_burner stabilized flame speciation measurement
ID:98	of_reactor	R_flame
ID:98	has_author	Author 91
ID:98	of_year	Y_1972
ID:98	of_target	T_C7H8
ID:98	has_similarity	S_1.0
ID:98	has_uncertainty	U_0.0
ID:99	of_type	TY_jet stirred reactor measurement
ID:99	of_reactor	R_flow reactor
ID:99	has_author	Author 29
ID:99	of_year	Y_1985
ID:99	of_target	T_CH4
ID:99	has_similarity	S_0.6
ID:99	has_uncertainty	U_0.4
ID:100	of_type	TY_ignition delay measurement
ID:100	of_reactor	R_rapid compression machine
ID:100	has_author	Author 55
ID:100	of_year	Y_1970
ID:100	of_target	T_C7H8
ID:100	has_similarity	S_0.0
ID:100	has_uncertainty	U_0.8
ID:101	of_type	TY_ignition delay measurement
ID:101	of_reactor	R_shock tube
ID:101	has_author	Author 70
ID:101	of_year	Y_2012
ID:101	of_target	T_C0
ID:101	has_similarity	S_0.3
ID:101	has_uncertainty	U_0.9
ID:102	of_type	TY_ignition delay measurement
ID:102	of_reactor	R_rapid compression machine
ID:102	has_author	Author 53
ID:102	of_year	Y_2022
ID:102	of_target	T_H2
ID:102	has_similarity	S_0.7
ID:102	has_uncertainty	U_0.8
ID:103	of_type	TY_laminar burning velocity measurement
ID:103	of_reactor	R_flame
ID:103	has_author	Author 62
ID:103	of_year	Y_2012
ID:103	of_target	T_NH3
ID:103	has_similarity	S_0.4
ID:103	has_uncertainty	U_0.1
ID:104	of_type	TY_outlet concentration measurement
ID:104	of_reactor	R_shock tube
ID:104	has_author	Author 96
ID:104	of_year	Y_1965
ID:104	of_target	T_CH4
ID:104	has_similarity	S_0.7
ID:104	has_uncertainty	U_0.1
ID:105	of_type	TY_jet stirred reactor measurement
ID:105	of_reactor	R_flow reactor
ID:105	has_author	Author 47
ID:105	of_year	Y_2028
ID:105	of_target	T_CO2
ID:105	has_similarity	S_0.7
ID:105	has_uncertainty	U_0.3
ID:106	of_type	TY_jet stirred reactor measurement
ID:106	of_reactor	R_shock tube
ID:106	has_author	Author 44
ID:106	of_year	Y_2004
ID:106	of_target	T_C6H6
ID:106	has_similarity	S_0.9
ID:106	has_uncertainty	U_0.2
ID:107	of_type	TY_jet stirred reactor measurement
ID:107	of_reactor	R_flow reactor
ID:107	has_author	Author 42
ID:107	of_year	Y_2021
ID:107	of_target	T_C7H8
ID:107	has_similarity	S_0.7
ID:107	has_uncertainty	U_0.2
ID:108	of_type	TY_outlet concentration measurement
ID:108	of_reactor	R_shock tube
ID:108	has_author	Author 39
ID:108	of_year	Y_1976
ID:108	of_target	T_H2
ID:108	has_similarity	S_0.0
ID:108	has_uncertainty	U_1.0
ID:109	of_type	TY_jet stirred reactor measurement
ID:109	of_reactor	R_stirred reactor
ID:109	has_author	Author 63
ID:109	of_year	Y_1985
ID:109	of_target	T_IDT
ID:109	has_similarity	S_0.9
ID:109	has_uncertainty	U_0.6
ID:110	of_type	TY_burner stabilized flame speciation measurement
ID:110	of_reactor	R_flame
ID:110	has_author	Author 32
ID:110	of_year	Y_1986
ID:110	of_target	T_C6H6
ID:110	has_similarity	S_0.5
ID:110	has_uncertainty	U_0.4
ID:111	of_type	TY_jet stirred reactor measurement
ID:111	of_reactor	R_stirred reactor
ID:111	has_author	Author 77
ID:111	of_year	Y_1952
ID:111	of_target	T_H2S
ID:111	has_similarity	S_0.3
ID:111	has_uncertainty	U_0.9
ID:112	of_type	TY_burner stabilized flame speciation measurement
ID:112	of_reactor	R_flame
ID:112	has_author	Author 69
ID:112	of_year	Y_1954
ID:112	of_target	T_CH4
ID:112	has_similarity	S_0.4
ID:112	has_uncertainty	U_0.5
ID:113	of_type	TY_jet stirred reactor measurement
ID:113	of_reactor	R_flow reactor
ID:113	has_author	Author 51
ID:113	of_year	Y_2025
ID:113	of_target	T_CH4
ID:113	has_similarity	S_0.4
ID:113	has_uncertainty	U_0.4
ID:114	of_type	TY_concentration time profile measurement
ID:114	of_reactor	R_stirred reactor
ID:114	has_author	Author 44
ID:114	of_year	Y_2003
ID:114	of_target	T_C0
ID:114	has_similarity	S_0.3
ID:114	has_uncertainty	U_0.1
ID:115	of_type	TY_ignition delay measurement
ID:115	of_reactor	R_shock tube
ID:115	has_author	Author 18
ID:115	of_year	Y_1954
ID:115	of_target	T_CH4
ID:115	has_similarity	S_0.5
ID:115	has_uncertainty	U_0.2
ID:116	of_type	TY_ignition delay measurement
ID:116	of_reactor	R_shock tube
ID:116	has_author	Author 75
ID:116	of_year	Y_1962
ID:116	of_target	T_C6H6
ID:116	has_similarity	S_0.4
ID:116	has_uncertainty	U_0.2
ID:117	of_type	TY_ignition delay measurement
ID:117	of_reactor	R_rapid compression machine
ID:117	has_author	Author 72
ID:117	of_year	Y_2019
ID:117	of_target	T_C0
ID:117	has_similarity	S_0.6
ID:117	has_uncertainty	U_0.1
ID:118	of_type	TY_jet stirred reactor measurement
ID:118	of_reactor	R_shock tube
ID:118	has_author	Author 97
ID:118	of_year	Y_1969
ID:118	of_target	T_IDT
ID:118	has_similarity	S_0.6
ID:118	has_uncertainty	U_0.9
ID:119	of_type	TY_laminar burning velocity measurement
ID:119	of_reactor	R_flame
ID:119	has_author	Author 61
ID:119	of_year	Y_2000
ID:119	of_target	T_CH3
ID:119	has_similarity	S_0.4
ID:119	has_uncertainty	U_0.1
ID:120	of_type	TY_outlet concentration measurement
ID:120	of_reactor	R_flow reactor
ID:120	has_author	Author 74
ID:120	of_year	Y_1954
ID:120	of_target	T_C0
ID:120	has_similarity	S_0.1
ID:120	has_uncertainty	U_0.4
ID:121	of_type	TY_concentration time profile measurement
ID:121	of_reactor	R_shock tube
ID:121	has_author	Author 46
ID:121	of_year	Y_1993
ID:121	of_target	T_CH4
ID:121	has_similarity	S_1.0
ID:121	has_uncertainty	U_0.3
ID:122	of_type	TY_ignition delay measurement
ID:122	of_reactor	R_rapid compression machine
ID:122	has_author	Author 58
ID:122	of_year	Y_1980
ID:122	of_target	T_C7H8
ID:122	has_similarity	S_0.5
ID:122	has_uncertainty	U_0.5
ID:123	of_type	TY_laminar burning velocity measurement
ID:123	of_reactor	R_flame
ID:123	has_author	Author 0
ID:123	of_year	Y_1955
ID:123	of_target	T_C0
ID:123	has_similarity	S_0.5
ID:123	has_uncertainty	U_0.6
ID:124	of_type	TY_laminar burning velocity measurement
ID:124	of_reactor	R_flame
ID:124	has_author	Author 62
ID:124	of_year	Y_2011
ID:124	of_target	T_C5H6
ID:124	has_similarity	S_0.7
ID:124	has_uncertainty	U_0.6
ID:125	of_type	TY_concentration time profile measurement
ID:125	of_reactor	R_stirred reactor
ID:125	has_author	Author 24
ID:125	of_year	Y_1973
ID:125	of_target	T_IDT
ID:125	has_similarity	S_0.5
ID:125	has_uncertainty	U_0.4
ID:126	of_type	TY_outlet concentration measurement
ID:126	of_reactor	R_flow reactor
ID:126	has_author	Author 4
ID:126	of_year	Y_1957
ID:126	of_target	T_H20
ID:126	has_similarity	S_0.3
ID:126	has_uncertainty	U_0.3
ID:127	of_type	TY_laminar burning velocity measurement
ID:127	of_reactor	R_flame
ID:127	has_author	Author 63
ID:127	of_year	Y_1986
ID:127	of_target	T_C7H8
ID:127	has_similarity	S_0.2
ID:127	has_uncertainty	U_0.6
ID:128	of_type	TY_concentration time profile measurement
ID:128	of_reactor	R_flow reactor
ID:128	has_author	Author 96
ID:128	of_year	Y_1963
ID:128	of_target	T_NH3
ID:128	has_similarity	S_0.2
ID:128	has_uncertainty	U_0.9
ID:129	of_type	TY_outlet concentration measurement
ID:129	of_reactor	R_flow reactor
ID:129	has_author	Author 30
ID:129	of_year	Y_1980
ID:129	of_target	T_CH4
ID:129	has_similarity	S_0.6
ID:129	has_uncertainty	U_0.2
ID:130	of_type	TY_outlet concentration measurement
ID:130	of_reactor	R_stirred reactor
ID:130	has_author	Author 43
ID:130	of_year	Y_2020
ID:130	of_target	T_C6H6
ID:130	has_similarity	S_0.1
ID:130	has_uncertainty	U_0.0
ID:131	of_type	TY_ignition delay measurement
ID:131	of_reactor	R_shock tube
ID:131	has_author	Author 22
ID:131	of_year	Y_1993
ID:131	of_target	T_CH3
ID:131	has_similarity	S_0.8
ID:131	has_uncertainty	U_0.0
ID:132	of_type	TY_burner stabilized flame speciation measurement
ID:132	of_reactor	R_flame
ID:132	has_author	Author 21
ID:132	of_year	Y_2022
ID:132	of_target	T_C7H8
ID:132	has_similarity	S_0.3
ID:132	has_uncertainty	U_0.7
ID:133	of_type	TY_outlet concentration measurement
ID:133	of_reactor	R_stirred reactor
ID:133	has_author	Author 34
ID:133	of_year	Y_1953
ID:133	of_target	T_C5H6
ID:133	has_similarity	S_0.5
ID:133	has_uncertainty	U_0.3
ID:134	of_type	TY_outlet concentration measurement
ID:134	of_reactor	R_flow reactor
ID:134	has_author	Author 58
ID:134	of_year	Y_1980
ID:134	of_target	T_H2S
ID:134	has_similarity	S_0.6
ID:134	has_uncertainty	U_0.5
ID:135	of_type	TY_ignition delay measurement
ID:135	of_reactor	R_shock tube
ID:135	has_author	Author 83
ID:135	of_year	Y_1964
ID:135	of_target	T_IDT
ID:135	has_similarity	S_0.2
ID:135	has_uncertainty	U_0.9
ID:136	of_type	TY_outlet concentration measurement
ID:136	of_reactor	R_flow reactor
ID:136	has_author	Author 8
ID:136	of_year	Y_2022
ID:136	of_target	T_IDT
ID:136	has_similarity	S_0.1
ID:136	has_uncertainty	U_0.3
ID:137	of_type	TY_concentration time profile measurement
ID:137	of_reactor	R_shock tube
ID:137	has_author	Author 72
ID:137	of_year	Y_2014
ID:137	of_target	T_CH4
ID:137	has_similarity	S_0.2
ID:137	has_uncertainty	U_0.2
ID:138	of_type	TY_ignition delay measurement
ID:138	of_reactor	R_rapid compression machine
ID:138	has_author	Author 83
ID:138	of_year	Y_1968
ID:138	of_target	T_H20
ID:138	has_similarity	S_0.0
ID:138	has_uncertainty	U_0.6
ID:139	of_type	TY_jet stirred reactor measurement
ID:139	of_reactor	R_shock tube
ID:139	has_author	Author 90
ID:139	of_year	Y_2020
ID:139	of_target	T_CO2
ID:139	has_similarity	S_0.7
ID:139	has_uncertainty	U_0.5
ID:140	of_type	TY_concentration time profile measurement
ID:140	of_reactor	R_flow reactor
ID:140	has_author	Author 36
ID:140	of_year	Y_1972
ID:140	of_target	T_CH4
ID:140	has_similarity	S_0.5
ID:140	has_uncertainty	U_0.7
ID:141	of_type	TY_concentration time profile measurement
ID:141	of_reactor	R_shock tube
ID:141	has_author	Author 67
ID:141	of_year	Y_1963
ID:141	of_target	T_IDT
ID:141	has_similarity	S_0.4
ID:141	has_uncertainty	U_0.1
ID:142	of_type	TY_outlet concentration measurement
ID:142	of_reactor	R_flow reactor
ID:142	has_author	Author 52
ID:142	of_year	Y_2015
ID:142	of_target	T_IDT
ID:142	has_similarity	S_0.5
ID:142	has_uncertainty	U_0.7
ID:143	of_type	TY_concentration time profile measurement
ID:143	of_reactor	R_flow reactor
ID:143	has_author	Author 39
ID:143	of_year	Y_1977
ID:143	of_target	T_NH3
ID:143	has_similarity	S_1.0
ID:143	has_uncertainty	U_0.6
ID:144	of_type	TY_laminar burning velocity measurement
ID:144	of_reactor	R_flame
ID:144	has_author	Author 6
ID:144	of_year	Y_2009
ID:144	of_target	T_CH3
ID:144	has_similarity	S_0.8
ID:144	has_uncertainty	U_0.4
ID:145	of_type	TY_outlet concentration measurement
ID:145	of_reactor	R_flow reactor
ID:145	has_author	Author 29
ID:145	of_year	Y_1984
ID:145	of_target	T_C5H6
ID:145	has_similarity	S_0.6
ID:145	has_uncertainty	U_0.2
ID:146	of_type	TY_burner stabilized flame speciation measurement
ID:146	of_reactor	R_flame
ID:146	has_author	Author 76
ID:146	of_year	Y_2028
ID:146	of_target	T_IDT
ID:146	has_similarity	S_0.1
ID:146	has_uncertainty	U_1.0
ID:147	of_type	TY_concentration time profile measurement
ID:147	of_reactor	R_stirred reactor
ID:147	has_author	Author 98
ID:147	of_year	Y_1981
ID:147	of_target	T_H2S
ID:147	has_similarity	S_0.1
ID:147	has_uncertainty	U_0.5
ID:148	of_type	TY_burner stabilized flame speciation measurement
ID:148	of_reactor	R_flame
ID:148	has_author	Author 72
ID:148	of_year	Y_2014
ID:148	of_target	T_C6H6
ID:148	has_similarity	S_0.4
ID:148	has_uncertainty	U_0.0
ID:149	of_type	TY_concentration time profile measurement
ID:149	of_reactor	R_shock tube
ID:149	has_author	Author 49
ID:149	of_year	Y_1950
ID:149	of_target	T_H20
ID:149	has_similarity	S_0.0
ID:149	has_uncertainty	U_0.7
ID:150	of_type	TY_ignition delay measurement
ID:150	of_reactor	R_rapid compression machine
ID:150	has_author	Author 46
ID:150	of_year	Y_1992
ID:150	of_target	T_C0
ID:150	has_similarity	S_0.4
ID:150	has_uncertainty	U_0.1
ID:151	of_type	TY_ignition delay measurement
ID:151	of_reactor	R_shock tube
ID:151	has_author	Author 88
ID:151	of_year	Y_1960
ID:151	of_target	T_CO2
ID:151	has_similarity	S_1.0
ID:151	has_uncertainty	U_1.0
ID:152	of_type	TY_burner stabilized flame speciation measurement
ID:152	of_reactor	R_flame
ID:152	has_author	Author 10
ID:152	of_year	Y_1982
ID:152	of_target	T_H20
ID:152	has_similarity	S_0.9
ID:152	has_uncertainty	U_0.9
ID:153	of_type	TY_ignition delay measurement
ID:153	of_reactor	R_rapid compression machine
ID:153	has_author	Author 23
ID:153	of_year	Y_1991
ID:153	of_target	T_H2S
ID:153	has_similarity	S_0.4
ID:153	has_uncertainty	U_0.1
ID:154	of_type	TY_ignition delay measurement
ID:154	of_reactor	R_shock tube
ID:154	has_author	Author 27
ID:154	of_year	Y_1997
ID:154	of_target	T_H2S
ID:154	has_similarity	S_0.1
ID:154	has_uncertainty	U_0.2
ID:155	of_type	TY_laminar burning velocity measurement
ID:155	of_reactor	R_flame
ID:155	has_author	Author 10
ID:155	of_year	Y_1987
ID:155	of_target	T_C5H6
ID:155	has_similarity	S_0.7
ID:155	has_uncertainty	U_0.8
ID:156	of_type	TY_burner stabilized flame speciation measurement
ID:156	of_reactor	R_flame
ID:156	has_author	Author 14
ID:156	of_year	Y_2016
ID:156	of_target	T_CH4
ID:156	has_similarity	S_0.2
ID:156	has_uncertainty	U_0.3
ID:157	of_type	TY_jet stirred reactor measurement
ID:157	of_reactor	R_shock tube
ID:157	has_author	Author 4
ID:157	of_year	Y_1950
ID:157	of_target	T_IDT
ID:157	has_similarity	S_0.5
ID:157	has_uncertainty	U_0.7
ID:158	of_type	TY_laminar burning velocity measurement
ID:158	of_reactor	R_flame
ID:158	has_author	Author 13
ID:158	of_year	Y_1953
ID:158	of_target	T_CO2
ID:158	has_similarity	S_0.5
ID:158	has_uncertainty	U_0.6
ID:159	of_type	TY_jet stirred reactor measurement
ID:159	of_reactor	R_shock tube
ID:159	has_author	Author 90
ID:159	of_year	Y_2020
ID:159	of_target	T_CH4
ID:159	has_similarity	S_0.0
ID:159	has_uncertainty	U_0.6
ID:160	of_type	TY_concentration time profile measurement
ID:160	of_reactor	R_stirred reactor
ID:160	has_author	Author 60
ID:160	of_year	Y_1980
ID:160	of_target	T_C7H8
ID:160	has_similarity	S_0.5
ID:160	has_uncertainty	U_0.9
ID:161	of_type	TY_outlet concentration measurement
ID:161	of_reactor	R_shock tube
ID:161	has_author	Author 32
ID:161	of_year	Y_1987
ID:161	of_target	T_CH4
ID:161	has_similarity	S_0.9
ID:161	has_uncertainty	U_0.0
ID:162	of_type	TY_laminar burning velocity measurement
ID:162	of_reactor	R_flame
ID:162	has_author	Author 58
ID:162	of_year	Y_1985
ID:162	of_target	T_C0
ID:162	has_similarity	S_0.7
ID:162	has_uncertainty	U_0.3
ID:163	of_type	TY_concentration time profile measurement
ID:163	of_reactor	R_stirred reactor
ID:163	has_author	Author 22
ID:163	of_year	Y_1990
ID:163	of_target	T_C7H8
ID:163	has_similarity	S_0.1
ID:163	has_uncertainty	U_1.0
ID:164	of_type	TY_ignition delay measurement
ID:164	of_reactor	R_rapid compression machine
ID:164	has_author	Author 58
ID:164	of_year	Y_1987
ID:164	of_target	T_C5H6
ID:164	has_similarity	S_0.2
ID:164	has_uncertainty	U_0.9
ID:165	of_type	TY_jet stirred reactor measurement
ID:165	of_reactor	R_flow reactor
ID:165	has_author	Author 99
ID:165	of_year	Y_2019
ID:165	of_target	T_H2
ID:165	has_similarity	S_0.4
ID:165	has_uncertainty	U_0.8
ID:166	of_type	TY_outlet concentration measurement
ID:166	of_reactor	R_flow reactor
ID:166	has_author	Author 69
ID:166	of_year	Y_1954
ID:166	of_target	T_H20
ID:166	has_similarity	S_0.8
ID:166	has_uncertainty	U_0.4
ID:167	of_type	TY_jet stirred reactor measurement
ID:167	of_reactor	R_stirred reactor
ID:167	has_author	Author 19
ID:167	of_year	Y_2006
ID:167	of_target	T_IDT
ID:167	has_similarity	S_1.0
ID:167	has_uncertainty	U_0.2
ID:168	of_type	TY_burner stabilized flame speciation measurement
ID:168	of_reactor	R_flame
ID:168	has_author	Author 20
ID:168	of_year	Y_1975
ID:168	of_target	T_C5H6
ID:168	has_similarity	S_0.1
ID:168	has_uncertainty	U_0.7
ID:169	of_type	TY_jet stirred reactor measurement
ID:169	of_reactor	R_stirred reactor
ID:169	has_author	Author 90
ID:169	of_year	Y_2019
ID:169	of_target	T_C7H8
ID:169	has_similarity	S_0.0
ID:169	has_uncertainty	U_0.1
ID:170	of_type	TY_jet stirred reactor measurement
ID:170	of_reactor	R_stirred reactor
ID:170	has_author	Author 83
ID:170	of_year	Y_1969
ID:170	of_target	T_C7H8
ID:170	has_similarity	S_0.8
ID:170	has_uncertainty	U_0.8
ID:171	of_type	TY_laminar burning velocity measurement
ID:171	of_reactor	R_flame
ID:171	has_author	Author 71
ID:171	of_year	Y_1984
ID:171	of_target	T_H2S
ID:171	has_similarity	S_0.7
ID:171	has_uncertainty	U_0.4
ID:172	of_type	TY_concentration time profile measurement
ID:172	of_reactor	R_shock tube
ID:172	has_author	Author 60
ID:172	of_year	Y_1982
ID:172	of_target	T_C6H6
ID:172	has_similarity	S_0.7
ID:172	has_uncertainty	U_0.9
ID:173	of_type	TY_concentration time profile measurement
ID:173	of_reactor	R_stirred reactor
ID:173	has_author	Author 64
ID:173	of_year	Y_2020
ID:173	of_target	T_C5H6
ID:173	has_similarity	S_0.3
ID:173	has_uncertainty	U_0.4
ID:174	of_type	TY_ignition delay measurement
ID:174	of_reactor	R_shock tube
ID:174	has_author	Author 83
ID:174	of_year	Y_1964
ID:174	of_target	T_C5H6
ID:174	has_similarity	S_0.4
ID:174	has_uncertainty	U_0.4
ID:175	of_type	TY_jet stirred reactor measurement
ID:175	of_reactor	R_flow reactor
ID:175	has_author	Author 78
ID:175	of_year	Y_1994
ID:175	of_target	T_C6H6
ID:175	has_similarity	S_0.9
ID:175	has_uncertainty	U_0.5
ID:176	of_type	TY_concentration time profile measurement
ID:176	of_reactor	R_stirred reactor
ID:176	has_author	Author 62
ID:176	of_year	Y_2017
ID:176	of_target	T_CH4
ID:176	has_similarity	S_1.0
ID:176	has_uncertainty	U_0.0
ID:177	of_type	TY_concentration time profile measurement
ID:177	of_reactor	R_shock tube
ID:177	has_author	Author 95
ID:177	of_year	Y_1987
ID:177	of_target	T_C0
ID:177	has_similarity	S_0.3
ID:177	has_uncertainty	U_0.4
ID:178	of_type	TY_ignition delay measurement
ID:178	of_reactor	R_rapid compression machine
ID:178	has_author	Author 4
ID:178	of_year	Y_1950
ID:178	of_target	T_C7H8
ID:178	has_similarity	S_0.8
ID:178	has_uncertainty	U_0.8
ID:179	of_type	TY_ignition delay measurement
ID:179	of_reactor	R_rapid compression machine
ID:179	has_author	Author 58
ID:179	of_year	Y_1984
ID:179	of_target	T_H2
ID:179	has_similarity	S_0.1
ID:179	has_uncertainty	U_0.4
ID:180	of_type	TY_ignition delay measurement
ID:180	of_reactor	R_rapid compression machine
ID:180	has_author	Author 52
ID:180	of_year	Y_2014
ID:180	of_target	T_H20
ID:180	has_similarity	S_0.2
ID:180	has_uncertainty	U_0.7
ID:181	of_type	TY_concentration time profile measurement
ID:181	of_reactor	R_shock tube
ID:181	has_author	Author 53
ID:181	of_year	Y_2027
ID:181	of_target	T_NH3
ID:181	has_similarity	S_0.9
ID:181	has_uncertainty	U_1.0
ID:182	of_type	TY_jet stirred reactor measurement
ID:182	of_reactor	R_shock tube
ID:182	has_author	Author 27
ID:182	of_year	Y_1993
ID:182	of_target	T_C7H8
ID:182	has_similarity	S_0.2
ID:182	has_uncertainty	U_0.6
ID:183	of_type	TY_outlet concentration measurement
ID:183	of_reactor	R_shock tube
ID:183	has_author	Author 87
ID:183	of_year	Y_2005
ID:183	of_target	T_IDT
ID:183	has_similarity	S_0.1
ID:183	has_uncertainty	U_0.4
ID:184	of_type	TY_laminar burning velocity measurement
ID:184	of_reactor	R_flame
ID:184	has_author	Author 95
ID:184	of_year	Y_1988
ID:184	of_target	T_C0
ID:184	has_similarity	S_0.2
ID:184	has_uncertainty	U_0.1
ID:185	of_type	TY_ignition delay measurement
ID:185	of_reactor	R_shock tube
ID:185	has_author	Author 84
ID:185	of_year	Y_1980
ID:185	of_target	T_NH3
ID:185	has_similarity	S_0.8
ID:185	has_uncertainty	U_0.2
ID:186	of_type	TY_outlet concentration measurement
ID:186	of_reactor	R_shock tube
ID:186	has_author	Author 17
ID:186	of_year	Y_1966
ID:186	of_target	T_CH4
ID:186	has_similarity	S_0.3
ID:186	has_uncertainty	U_0.3
ID:187	of_type	TY_ignition delay measurement
ID:187	of_reactor	R_shock tube
ID:187	has_author	Author 74
ID:187	of_year	Y_1954
ID:187	of_target	T_C5H6
ID:187	has_similarity	S_0.6
ID:187	has_uncertainty	U_0.9
ID:188	of_type	TY_jet stirred reactor measurement
ID:188	of_reactor	R_stirred reactor
ID:188	has_author	Author 44
ID:188	of_year	Y_2007
ID:188	of_target	T_CO2
ID:188	has_similarity	S_0.5
ID:188	has_uncertainty	U_0.9
ID:189	of_type	TY_jet stirred reactor measurement
ID:189	of_reactor	R_shock tube
ID:189	has_author	Author 44
ID:189	of_year	Y_2005
ID:189	of_target	T_C7H8
ID:189	has_similarity	S_0.1
ID:189	has_uncertainty	U_1.0
ID:190	of_type	TY_outlet concentration measurement
ID:190	of_reactor	R_shock tube
ID:190	has_author	Author 10
ID:190	of_year	Y_1986
ID:190	of_target	T_C5H6
ID:190	has_similarity	S_0.6
ID:190	has_uncertainty	U_0.9
ID:191	of_type	TY_concentration time profile measurement
ID:191	of_reactor	R_stirred reactor
ID:191	has_author	Author 97
ID:191	of_year	Y_1965
ID:191	of_target	T_CH4
ID:191	has_similarity	S_1.0
ID:191	has_uncertainty	U_0.4
ID:192	of_type	TY_jet stirred reactor measurement
ID:192	of_reactor	R_stirred reactor
ID:192	has_author	Author 9
ID:192	of_year	Y_1967
ID:192	of_target	T_CH3
ID:192	has_similarity	S_0.8
ID:192	has_uncertainty	U_0.7
ID:193	of_type	TY_burner stabilized flame speciation measurement
ID:193	of_reactor	R_flame
ID:193	has_author	Author 12
ID:193	of_year	Y_1987
ID:193	of_target	T_NH3
ID:193	has_similarity	S_0.7
ID:193	has_uncertainty	U_0.0
ID:194	of_type	TY_laminar burning velocity measurement
ID:194	of_reactor	R_flame
ID:194	has_author	Author 32
ID:194	of_year	Y_1990
ID:194	of_target	T_CH4
ID:194	has_similarity	S_0.3
ID:194	has_uncertainty	U_0.7
ID:195	of_type	TY_burner stabilized flame speciation measurement
ID:195	of_reactor	R_flame
ID:195	has_author	Author 51
ID:195	of_year	Y_2023
ID:195	of_target	T_CH3
ID:195	has_similarity	S_0.2
ID:195	has_uncertainty	U_0.9
ID:196	of_type	TY_burner stabilized flame speciation measurement
ID:196	of_reactor	R_flame
ID:196	has_author	Author 39
ID:196	of_year	Y_1975
ID:196	of_target	T_C0
ID:196	has_similarity	S_0.2
ID:196	has_uncertainty	U_0.1
ID:197	of_type	TY_outlet concentration measurement
ID:197	of_reactor	R_flow reactor
ID:197	has_author	Author 11
ID:197	of_year	Y_1975
ID:197	of_target	T_C0
ID:197	has_similarity	S_0.6
ID:197	has_uncertainty	U_0.1
ID:198	of_type	TY_outlet concentration measurement
ID:198	of_reactor	R_shock tube
ID:198	has_author	Author 42
ID:198	of_year	Y_2025
ID:198	of_target	T_IDT
ID:198	has_similarity	S_0.2
ID:198	has_uncertainty	U_0.7
ID:199	of_type	TY_concentration time profile measurement
ID:199	of_reactor	R_shock tube
ID:199	has_author	Author 94
ID:199	of_year	Y_2029
ID:199	of_target	T_H2S
ID:199	has_similarity	S_0.1
ID:199	has_uncertainty	U_0.8
ID:200	of_type	TY_laminar burning velocity measurement
ID:200	of_reactor	R_flame
ID:200	has_author	Author 5
ID:200	of_year	Y_1964
ID:200	of_target	T_C7H8
ID:200	has_similarity	S_0.6
ID:200	has_uncertainty	U_0.4
ID:201	of_type	TY_ignition delay measurement
ID:201	of_reactor	R_rapid compression machine
ID:201	has_author	Author 13
ID:201	of_year	Y_1955
ID:201	of_target	T_NH3
ID:201	has_similarity	S_0.6
ID:201	has_uncertainty	U_0.5
ID:202	of_type	TY_laminar burning velocity measurement
ID:202	of_reactor	R_flame
ID:202	has_author	Author 76
ID:202	of_year	Y_2028
ID:202	of_target	T_CO2
ID:202	has_similarity	S_1.0
ID:202	has_uncertainty	U_0.8
ID:203	of_type	TY_burner stabilized flame speciation measurement
ID:203	of_reactor	R_flame
ID:203	has_author	Author 65
ID:203	of_year	Y_1976
ID:203	of_target	T_H2S
ID:203	has_similarity	S_0.2
ID:203	has_uncertainty	U_0.3
ID:204	of_type	TY_outlet concentration measurement
ID:204	of_reactor	R_stirred reactor
ID:204	has_author	Author 67
ID:204	of_year	Y_1964
ID:204	of_target	T_H20
ID:204	has_similarity	S_1.0
ID:204	has_uncertainty	U_0.8
ID:205	of_type	TY_jet stirred reactor measurement
ID:205	of_reactor	R_flow reactor
ID:205	has_author	Author 93
ID:205	of_year	Y_1984
ID:205	of_target	T_CH3
ID:205	has_similarity	S_0.3
ID:205	has_uncertainty	U_0.0
ID:206	of_type	TY_ignition delay measurement
ID:206	of_reactor	R_rapid compression machine
ID:206	has_author	Author 96
ID:206	of_year	Y_1970
ID:206	of_target	T_H20
ID:206	has_similarity	S_0.8
ID:206	has_uncertainty	U_0.8
ID:207	of_type	TY_burner stabilized flame speciation measurement
ID:207	of_reactor	R_flame
ID:207	has_author	Author 62
ID:207	of_year	Y_2016
ID:207	of_target	T_CH4
ID:207	has_similarity	S_1.0
ID:207	has_uncertainty	U_0.9
ID:208	of_type	TY_burner stabilized flame speciation measurement
ID:208	of_reactor	R_flame
ID:208	has_author	Author 49
ID:208	of_year	Y_1953
ID:208	of_target	T_C6H6
ID:208	has_similarity	S_0.7
ID:208	has_uncertainty	U_0.7
ID:209	of_type	TY_burner stabilized flame speciation measurement
ID:209	of_reactor	R_flame
ID:209	has_author	Author 41
ID:209	of_year	Y_2007
ID:209	of_target	T_C6H6
ID:209	has_similarity	S_0.7
ID:209	has_uncertainty	U_0.6
ID:210	of_type	TY_ignition delay measurement
ID:210	of_reactor	R_shock tube
ID:210	has_author	Author 57
ID:210	of_year	Y_1971
ID:210	of_target	T_CH3
ID:210	has_similarity	S_0.7
ID:210	has_uncertainty	U_0.4
ID:211	of_type	TY_jet stirred reactor measurement
ID:211	of_reactor	R_shock tube
ID:211	has_author	Author 12
ID:211	of_year	Y_1980
ID:211	of_target	T_H20
ID:211	has_similarity	S_0.1
ID:211	has_uncertainty	U_1.0
ID:212	of_type	TY_concentration time profile measurement
ID:212	of_reactor	R_flow reactor
ID:212	has_author	Author 30
ID:212	of_year	Y_1986
ID:212	of_target	T_CO2
ID:212	has_similarity	S_0.7
ID:212	has_uncertainty	U_0.5
ID:213	of_type	TY_outlet concentration measurement
ID:213	of_reactor	R_shock tube
ID:213	has_author	Author 78
ID:213	of_year	Y_1994
ID:213	of_target	T_CH4
ID:213	has_similarity	S_1.0
ID:213	has_uncertainty	U_0.0
ID:214	of_type	TY_outlet concentration measurement
ID:214	of_reactor	R_stirred reactor
ID:214	has_author	Author 46
ID:214	of_year	Y_1995
ID:214	of_target	T_H2S
ID:214	has_similarity	S_0.7
ID:214	has_uncertainty	U_0.6
ID:215	of_type	TY_outlet concentration measurement
ID:215	of_reactor	R_shock tube
ID:215	has_author	Author 61
ID:215	of_year	Y_2000
ID:215	of_target	T_C6H6
ID:215	has_similarity	S_0.1
ID:215	has_uncertainty	U_0.9
ID:216	of_type	TY_outlet concentration measurement
ID:216	of_reactor	R_stirred reactor
ID:216	has_author	Author 31
ID:216	of_year	Y_2024
ID:216	of_target	T_H20
ID:216	has_similarity	S_1.0
ID:216	has_uncertainty	U_0.4
ID:217	of_type	TY_concentration time profile measurement
ID:217	of_reactor	R_stirred reactor
ID:217	has_author	Author 36
ID:217	of_year	Y_1976
ID:217	of_target	T_C6H6
ID:217	has_similarity	S_0.7
ID:217	has_uncertainty	U_0.8
ID:218	of_type	TY_outlet concentration measurement
ID:218	of_reactor	R_stirred reactor
ID:218	has_author	Author 75
ID:218	of_year	Y_1970
ID:218	of_target	T_CH4
ID:218	has_similarity	S_0.5
ID:218	has_uncertainty	U_0.5
ID:219	of_type	TY_ignition delay measurement
ID:219	of_reactor	R_rapid compression machine
ID:219	has_author	Author 55
ID:219	of_year	Y_1970
ID:219	of_target	T_H2
ID:219	has_similarity	S_0.7
ID:219	has_uncertainty	U_0.1
ID:220	of_type	TY_outlet concentration measurement
ID:220	of_reactor	R_flow reactor
ID:220	has_author	Author 46
ID:220	of_year	Y_1993
ID:220	of_target	T_NH3
ID:220	has_similarity	S_0.2
ID:220	has_uncertainty	U_0.8
ID:221	of_type	TY_concentration time profile measurement
ID:221	of_reactor	R_stirred reactor
ID:221	has_author	Author 4
ID:221	of_year	Y_1950
ID:221	of_target	T_NH3
ID:221	has_similarity	S_0.2
ID:221	has_uncertainty	U_0.1
ID:222	of_type	TY_concentration time profile measurement
ID:222	of_reactor	R_flow reactor
ID:222	has_author	Author 62
ID:222	of_year	Y_2012
ID:222	of_target	T_CH3
ID:222	has_similarity	S_0.4
ID:222	has_uncertainty	U_0.6
ID:223	of_type	TY_jet stirred reactor measurement
ID:223	of_reactor	R_stirred reactor
ID:223	has_author	Author 78
ID:223	of_year	Y_1992
ID:223	of_target	T_CO2
ID:223	has_similarity	S_0.9
ID:223	has_uncertainty	U_0.9
ID:224	of_type	TY_concentration time profile measurement
ID:224	of_reactor	R_stirred reactor
ID:224	has_author	Author 63
ID:224	of_year	Y_1984
ID:224	of_target	T_H20
ID:224	has_similarity	S_0.2
ID:224	has_uncertainty	U_0.2
ID:225	of_type	TY_burner stabilized flame speciation measurement
ID:225	of_reactor	R_flame
ID:225	has_author	Author 4
ID:225	of_year	Y_1956
ID:225	of_target	T_IDT
ID:225	has_similarity	S_0.2
ID:225	has_uncertainty	U_0.3
ID:226	of_type	TY_jet stirred reactor measurement
ID:226	of_reactor	R_flow reactor
ID:226	has_author	Author 90
ID:226	of_year	Y_2012
ID:226	of_target	T_CH3
ID:226	has_similarity	S_0.0
ID:226	has_uncertainty	U_0.5
ID:227	of_type	TY_burner stabilized flame speciation measurement
ID:227	of_reactor	R_flame
ID:227	has_author	Author 96
ID:227	of_year	Y_1967
ID:227	of_target	T_CH3
ID:227	has_similarity	S_0.9
ID:227	has_uncertainty	U_0.9
ID:228	of_type	TY_ignition delay measurement
ID:228	of_reactor	R_rapid compression machine
ID:228	has_author	Author 59
ID:228	of_year	Y_1996
ID:228	of_target	T_IDT
ID:228	has_similarity	S_0.3
ID:228	has_uncertainty	U_0.8
ID:229	of_type	TY_ignition delay measurement
ID:229	of_reactor	R_shock tube
ID:229	has_author	Author 44
ID:229	of_year	Y_2004
ID:229	of_target	T_C5H6
ID:229	has_similarity	S_0.1
ID:229	has_uncertainty	U_0.6
ID:230	of_type	TY_burner stabilized flame speciation measurement
ID:230	of_reactor	R_flame
ID:230	has_author	Author 37
ID:230	of_year	Y_1973
ID:230	of_target	T_CH3
ID:230	has_similarity	S_0.6
ID:230	has_uncertainty	U_0.2
ID:231	of_type	TY_laminar burning velocity measurement
ID:231	of_reactor	R_flame
ID:231	has_author	Author 28
ID:231	of_year	Y_2028
ID:231	of_target	T_CO2
ID:231	has_similarity	S_0.4
ID:231	has_uncertainty	U_0.6
ID:232	of_type	TY_outlet concentration measurement
ID:232	of_reactor	R_flow reactor
ID:232	has_author	Author 70
ID:232	of_year	Y_2020
ID:232	of_target	T_H2
ID:232	has_similarity	S_0.9
ID:232	has_uncertainty	U_0.4
ID:233	of_type	TY_jet stirred reactor measurement
ID:233	of_reactor	R_stirred reactor
ID:233	has_author	Author 94
ID:233	of_year	Y_2022
ID:233	of_target	T_C6H6
ID:233	has_similarity	S_0.1
ID:233	has_uncertainty	U_1.0
ID:234	of_type	TY_outlet concentration measurement
ID:234	of_reactor	R_stirred reactor
ID:234	has_author	Author 73
ID:234	of_year	Y_1981
ID:234	of_target	T_CH4
ID:234	has_similarity	S_0.1
ID:234	has_uncertainty	U_0.6
ID:235	of_type	TY_outlet concentration measurement
ID:235	of_reactor	R_stirred reactor
ID:235	has_author	Author 14
ID:235	of_year	Y_2016
ID:235	of_target	T_H2S
ID:235	has_similarity	S_0.5
ID:235	has_uncertainty	U_1.0
ID:236	of_type	TY_burner stabilized flame speciation measurement
ID:236	of_reactor	R_flame
ID:236	has_author	Author 96
ID:236	of_year	Y_1961
ID:236	of_target	T_NH3
ID:236	has_similarity	S_0.4
ID:236	has_uncertainty	U_0.1
ID:237	of_type	TY_jet stirred reactor measurement
ID:237	of_reactor	R_stirred reactor
ID:237	has_author	Author 84
ID:237	of_year	Y_1973
ID:237	of_target	T_CH4
ID:237	has_similarity	S_0.4
ID:237	has_uncertainty	U_0.1
ID:238	of_type	TY_concentration time profile measurement
ID:238	of_reactor	R_flow reactor
ID:238	has_author	Author 14
ID:238	of_year	Y_2017
ID:238	of_target	T_C0
ID:238	has_similarity	S_0.0
ID:238	has_uncertainty	U_0.1
ID:239	of_type	TY_ignition delay measurement
ID:239	of_reactor	R_shock tube
ID:239	has_author	Author 95
ID:239	of_year	Y_1985
ID:239	of_target	T_H2S
ID:239	has_similarity	S_0.6
ID:239	has_uncertainty	U_0.9
ID:240	of_type	TY_laminar burning velocity measurement
ID:240	of_reactor	R_flame
ID:240	has_author	Author 45
ID:240	of_year	Y_2003
ID:240	of_target	T_H2S
ID:240	has_similarity	S_1.0
ID:240	has_uncertainty	U_0.1
ID:241	of_type	TY_jet stirred reactor measurement
ID:241	of_reactor	R_stirred reactor
ID:241	has_author	Author 16
ID:241	of_year	Y_1976
ID:241	of_target	T_NH3
ID:241	has_similarity	S_0.9
ID:241	has_uncertainty	U_0.5
ID:242	of_type	TY_jet stirred reactor measurement
ID:242	of_reactor	R_stirred reactor
ID:242	has_author	Author 61
ID:242	of_year	Y_1999
ID:242	of_target	T_CH4
ID:242	has_similarity	S_1.0
ID:242	has_uncertainty	U_0.5
ID:243	of_type	TY_burner stabilized flame speciation measurement
ID:243	of_reactor	R_flame
ID:243	has_author	Author 37
ID:243	of_year	Y_1975
ID:243	of_target	T_C6H6
ID:243	has_similarity	S_0.9
ID:243	has_uncertainty	U_0.6
ID:244	of_type	TY_ignition delay measurement
ID:244	of_reactor	R_shock tube
ID:244	has_author	Author 47
ID:244	of_year	Y_2027
ID:244	of_target	T_C7H8
ID:244	has_similarity	S_0.2
ID:244	has_uncertainty	U_0.5
ID:245	of_type	TY_outlet concentration measurement
ID:245	of_reactor	R_flow reactor
ID:245	has_author	Author 37
ID:245	of_year	Y_1973
ID:245	of_target	T_H2S
ID:245	has_similarity	S_0.5
ID:245	has_uncertainty	U_0.1
ID:246	of_type	TY_laminar burning velocity measurement
ID:246	of_reactor	R_flame
ID:246	has_author	Author 82
ID:246	of_year	Y_2025
ID:246	of_target	T_C7H8
ID:246	has_similarity	S_0.6
ID:246	has_uncertainty	U_0.6
ID:247	of_type	TY_outlet concentration measurement
ID:247	of_reactor	R_stirred reactor
ID:247	has_author	Author 10
ID:247	of_year	Y_1984
ID:247	of_target	T_NH3
ID:247	has_similarity	S_0.8
ID:247	has_uncertainty	U_0.9
ID:248	of_type	TY_burner stabilized flame speciation measurement
ID:248	of_reactor	R_flame
ID:248	has_author	Author 80
ID:248	of_year	Y_2024
ID:248	of_target	T_H20
ID:248	has_similarity	S_0.5
ID:248	has_uncertainty	U_0.3
ID:249	of_type	TY_concentration time profile measurement
ID:249	of_reactor	R_shock tube
ID:249	has_author	Author 22
ID:249	of_year	Y_1992
ID:249	of_target	T_C0
ID:249	has_similarity	S_0.7
ID:249	has_uncertainty	U_0.6
ID:250	of_type	TY_outlet concentration measurement
ID:250	of_reactor	R_shock tube
ID:250	has_author	Author 91
ID:250	of_year	Y_1973
ID:250	of_target	T_CO2
ID:250	has_similarity	S_0.6
ID:250	has_uncertainty	U_0.6
ID:251	of_type	TY_concentration time profile measurement
ID:251	of_reactor	R_stirred reactor
ID:251	has_author	Author 83
ID:251	of_year	Y_1961
ID:251	of_target	T_IDT
ID:251	has_similarity	S_0.1
ID:251	has_uncertainty	U_0.5
ID:252	of_type	TY_burner stabilized flame speciation measurement
ID:252	of_reactor	R_flame
ID:252	has_author	Author 86
ID:252	of_year	Y_2012
ID:252	of_target	T_C0
ID:252	has_similarity	S_0.1
ID:252	has_uncertainty	U_0.0
ID:253	of_type	TY_laminar burning velocity measurement
ID:253	of_reactor	R_flame
ID:253	has_author	Author 78
ID:253	of_year	Y_1991
ID:253	of_target	T_C7H8
ID:253	has_similarity	S_0.7
ID:253	has_uncertainty	U_0.3
ID:254	of_type	TY_laminar burning velocity measurement
ID:254	of_reactor	R_flame
ID:254	has_author	Author 79
ID:254	of_year	Y_1972
ID:254	of_target	T_C6H6
ID:254	has_similarity	S_0.7
ID:254	has_uncertainty	U_0.8
ID:255	of_type	TY_concentration time profile measurement
ID:255	of_reactor	R_flow reactor
ID:255	has_author	Author 41
ID:255	of_year	Y_2005
ID:255	of_target	T_H20
ID:255	has_similarity	S_0.3
ID:255	has_uncertainty	U_0.8
ID:256	of_type	TY_laminar burning velocity measurement
ID:256	of_reactor	R_flame
ID:256	has_author	Author 23
ID:256	of_year	Y_1990
ID:256	of_target	T_H2S
ID:256	has_similarity	S_0.7
ID:256	has_uncertainty	U_0.1
ID:257	of_type	TY_laminar burning velocity measurement
ID:257	of_reactor	R_flame
ID:257	has_author	Author 31
ID:257	of_year	Y_2028
ID:257	of_target	T_C7H8
ID:257	has_similarity	S_0.6
ID:257	has_uncertainty	U_0.2
ID:258	of_type	TY_laminar burning velocity measurement
ID:258	of_reactor	R_flame
ID:258	has_author	Author 79
ID:258	of_year	Y_1973
ID:258	of_target	T_CH3
ID:258	has_similarity	S_0.6
ID:258	has_uncertainty	U_0.4
ID:259	of_type	TY_ignition delay measurement
ID:259	of_reactor	R_rapid compression machine
ID:259	has_author	Author 23
ID:259	of_year	Y_1998
ID:259	of_target	T_CH3
ID:259	has_similarity	S_0.2
ID:259	has_uncertainty	U_0.2
ID:260	of_type	TY_ignition delay measurement
ID:260	of_reactor	R_shock tube
ID:260	has_author	Author 46
ID:260	of_year	Y_1997
ID:260	of_target	T_C7H8
ID:260	has_similarity	S_0.8
ID:260	has_uncertainty	U_0.7
ID:261	of_type	TY_jet stirred reactor measurement
ID:261	of_reactor	R_flow reactor
ID:261	has_author	Author 32
ID:261	of_year	Y_1989
ID:261	of_target	T_H2
ID:261	has_similarity	S_0.9
ID:261	has_uncertainty	U_0.0
ID:262	of_type	TY_burner stabilized flame speciation measurement
ID:262	of_reactor	R_flame
ID:262	has_author	Author 86
ID:262	of_year	Y_2010
ID:262	of_target	T_CH3
ID:262	has_similarity	S_0.9
ID:262	has_uncertainty	U_1.0
ID:263	of_type	TY_ignition delay measurement
ID:263	of_reactor	R_rapid compression machine
ID:263	has_author	Author 6
ID:263	of_year	Y_2003
ID:263	of_target	T_H20
ID:263	has_similarity	S_0.7
ID:263	has_uncertainty	U_0.9
ID:264	of_type	TY_jet stirred reactor measurement
ID:264	of_reactor	R_flow reactor
ID:264	has_author	Author 78
ID:264	of_year	Y_1996
ID:264	of_target	T_C5H6
ID:264	has_similarity	S_0.6
ID:264	has_uncertainty	U_0.9
ID:265	of_type	TY_outlet concentration measurement
ID:265	of_reactor	R_stirred reactor
ID:265	has_author	Author 67
ID:265	of_year	Y_1969
ID:265	of_target	T_H20
ID:265	has_similarity	S_0.4
ID:265	has_uncertainty	U_0.4
ID:266	of_type	TY_jet stirred reactor measurement
ID:266	of_reactor	R_shock tube
ID:266	has_author	Author 47
ID:266	of_year	Y_2028
ID:266	of_target	T_H20
ID:266	has_similarity	S_0.6
ID:266	has_uncertainty	U_0.7
ID:267	of_type	TY_outlet concentration measurement
ID:267	of_reactor	R_shock tube
ID:267	has_author	Author 51
ID:267	of_year	Y_2030
ID:267	of_target	T_H20
ID:267	has_similarity	S_0.4
ID:267	has_uncertainty	U_0.4
ID:268	of_type	TY_ignition delay measurement
ID:268	of_reactor	R_shock tube
ID:268	has_author	Author 23
ID:268	of_year	Y_1993
ID:268	of_target	T_H20
ID:268	has_similarity	S_0.4
ID:268	has_uncertainty	U_0.3
ID:269	of_type	TY_burner stabilized flame speciation measurement
ID:269	of_reactor	R_flame
ID:269	has_author	Author 47
ID:269	of_year	Y_2026
ID:269	of_target	T_H20
ID:269	has_similarity	S_0.3
ID:269	has_uncertainty	U_0.2
ID:270	of_type	TY_outlet concentration measurement
ID:270	of_reactor	R_shock tube
ID:270	has_author	Author 89
ID:270	of_year	Y_2017
ID:270	of_target	T_H20
ID:270	has_similarity	S_0.1
ID:270	has_uncertainty	U_0.7
ID:271	of_type	TY_laminar burning velocity measurement
ID:271	of_reactor	R_flame
ID:271	has_author	Author 56
ID:271	of_year	Y_2021
ID:271	of_target	T_CH3
ID:271	has_similarity	S_0.9
ID:271	has_uncertainty	U_0.7
ID:272	of_type	TY_concentration time profile measurement
ID:272	of_reactor	R_shock tube
ID:272	has_author	Author 10
ID:272	of_year	Y_1989
ID:272	of_target	T_CO2
ID:272	has_similarity	S_0.4
ID:272	has_uncertainty	U_0.8
ID:273	of_type	TY_burner stabilized flame speciation measurement
ID:273	of_reactor	R_flame
ID:273	has_author	Author 28
ID:273	of_year	Y_2025
ID:273	of_target	T_C5H6
ID:273	has_similarity	S_0.1
ID:273	has_uncertainty	U_0.4
ID:274	of_type	TY_ignition delay measurement
ID:274	of_reactor	R_rapid compression machine
ID:274	has_author	Author 57
ID:274	of_year	Y_1978
ID:274	of_target	T_CH4
ID:274	has_similarity	S_0.4
ID:274	has_uncertainty	U_1.0
ID:275	of_type	TY_ignition delay measurement
ID:275	of_reactor	R_shock tube
ID:275	has_author	Author 66
ID:275	of_year	Y_1969
ID:275	of_target	T_CH4
ID:275	has_similarity	S_0.5
ID:275	has_uncertainty	U_0.0
ID:276	of_type	TY_outlet concentration measurement
ID:276	of_reactor	R_stirred reactor
ID:276	has_author	Author 69
ID:276	of_year	Y_1959
ID:276	of_target	T_CH3
ID:276	has_similarity	S_0.1
ID:276	has_uncertainty	U_0.7
ID:277	of_type	TY_jet stirred reactor measurement
ID:277	of_reactor	R_stirred reactor
ID:277	has_author	Author 86
ID:277	of_year	Y_2013
ID:277	of_target	T_NH3
ID:277	has_similarity	S_0.5
ID:277	has_uncertainty	U_0.3
ID:278	of_type	TY_jet stirred reactor measurement
ID:278	of_reactor	R_flow reactor
ID:278	has_author	Author 72
ID:278	of_year	Y_2016
ID:278	of_target	T_H2S
ID:278	has_similarity	S_0.5
ID:278	has_uncertainty	U_0.1
ID:279	of_type	TY_burner stabilized flame speciation measurement
ID:279	of_reactor	R_flame
ID:279	has_author	Author 64
ID:279	of_year	Y_2011
ID:279	of_target	T_H2
ID:279	has_similarity	S_0.2
ID:279	has_uncertainty	U_0.0
ID:280	of_type	TY_ignition delay measurement
ID:280	of_reactor	R_shock tube
ID:280	has_author	Author 99
ID:280	of_year	Y_2018
ID:280	of_target	T_CO2
ID:280	has_similarity	S_0.7
ID:280	has_uncertainty	U_0.3
ID:281	of_type	TY_jet stirred reactor measurement
ID:281	of_reactor	R_shock tube
ID:281	has_author	Author 64
ID:281	of_year	Y_2010
ID:281	of_target	T_H2S
ID:281	has_similarity	S_0.7
ID:281	has_uncertainty	U_0.5
ID:282	of_type	TY_burner stabilized flame speciation measurement
ID:282	of_reactor	R_flame
ID:282	has_author	Author 47
ID:282	of_year	Y_2027
ID:282	of_target	T_C6H6
ID:282	has_similarity	S_0.9
ID:282	has_uncertainty	U_0.7
ID:283	of_type	TY_jet stirred reactor measurement
ID:283	of_reactor	R_flow reactor
ID:283	has_author	Author 66
ID:283	of_year	Y_1963
ID:283	of_target	T_H20
ID:283	has_similarity	S_0.4
ID:283	has_uncertainty	U_0.8
ID:284	of_type	TY_jet stirred reactor measurement
ID:284	of_reactor	R_stirred reactor
ID:284	has_author	Author 33
ID:284	of_year	Y_1955
ID:284	of_target	T_NH3
ID:284	has_similarity	S_0.8
ID:284	has_uncertainty	U_0.1
ID:285	of_type	TY_jet stirred reactor measurement
ID:285	of_reactor	R_stirred reactor
ID:285	has_author	Author 3
ID:285	of_year	Y_2006
ID:285	of_target	T_CH3
ID:285	has_similarity	S_0.5
ID:285	has_uncertainty	U_0.6
ID:286	of_type	TY_ignition delay measurement
ID:286	of_reactor	R_rapid compression machine
ID:286	has_author	Author 21
ID:286	of_year	Y_2021
ID:286	of_target	T_CH3
ID:286	has_similarity	S_0.1
ID:286	has_uncertainty	U_0.6
ID:287	of_type	TY_laminar burning velocity measurement
ID:287	of_reactor	R_flame
ID:287	has_author	Author 66
ID:287	of_year	Y_1963
ID:287	of_target	T_H2
ID:287	has_similarity	S_0.7
ID:287	has_uncertainty	U_0.0
ID:288	of_type	TY_outlet concentration measurement
ID:288	of_reactor	R_stirred reactor
ID:288	has_author	Author 44
ID:288	of_year	Y_2010
ID:288	of_target	T_IDT
ID:288	has_similarity	S_0.0
ID:288	has_uncertainty	U_0.8
ID:289	of_type	TY_jet stirred reactor measurement
ID:289	of_reactor	R_stirred reactor
ID:289	has_author	Author 68
ID:289	of_year	Y_1991
ID:289	of_target	T_NH3
ID:289	has_similarity	S_0.5
ID:289	has_uncertainty	U_0.6
ID:290	of_type	TY_outlet concentration measurement
ID:290	of_reactor	R_flow reactor
ID:290	has_author	Author 80
ID:290	of_year	Y_2028
ID:290	of_target	T_C6H6
ID:290	has_similarity	S_0.9
ID:290	has_uncertainty	U_0.3
ID:291	of_type	TY_jet stirred reactor measurement
ID:291	of_reactor	R_flow reactor
ID:291	has_author	Author 50
ID:291	of_year	Y_2026
ID:291	of_target	T_C6H6
ID:291	has_similarity	S_0.6
ID:291	has_uncertainty	U_0.2
ID:292	of_type	TY_concentration time profile measurement
ID:292	of_reactor	R_shock tube
ID:292	has_author	Author 32
ID:292	of_year	Y_1981
ID:292	of_target	T_H2S
ID:292	has_similarity	S_0.6
ID:292	has_uncertainty	U_0.3
ID:293	of_type	TY_concentration time profile measurement
ID:293	of_reactor	R_flow reactor
ID:293	has_author	Author 94
ID:293	of_year	Y_2022
ID:293	of_target	T_CH4
ID:293	has_similarity	S_0.4
ID:293	has_uncertainty	U_0.9
ID:294	of_type	TY_laminar burning velocity measurement
ID:294	of_reactor	R_flame
ID:294	has_author	Author 42
ID:294	of_year	Y_2028
ID:294	of_target	T_CH4
ID:294	has_similarity	S_0.2
ID:294	has_uncertainty	U_0.9
ID:295	of_type	TY_concentration time profile measurement
ID:295	of_reactor	R_flow reactor
ID:295	has_author	Author 92
ID:295	of_year	Y_1993
ID:295	of_target	T_CH3
ID:295	has_similarity	S_0.0
ID:295	has_uncertainty	U_0.6
ID:296	of_type	TY_burner stabilized flame speciation measurement
ID:296	of_reactor	R_flame
ID:296	has_author	Author 5
ID:296	of_year	Y_1962
ID:296	of_target	T_C0
ID:296	has_similarity	S_0.1
ID:296	has_uncertainty	U_0.1
ID:297	of_type	TY_ignition delay measurement
ID:297	of_reactor	R_rapid compression machine
ID:297	has_author	Author 73
ID:297	of_year	Y_1989
ID:297	of_target	T_CH3
ID:297	has_similarity	S_0.9
ID:297	has_uncertainty	U_0.1
ID:298	of_type	TY_laminar burning velocity measurement
ID:298	of_reactor	R_flame
ID:298	has_author	Author 5
ID:298	of_year	Y_1963
ID:298	of_target	T_H20
ID:298	has_similarity	S_0.3
ID:298	has_uncertainty	U_0.7
ID:299	of_type	TY_concentration time profile measurement
ID:299	of_reactor	R_stirred reactor
ID:299	has_author	Author 83
ID:299	of_year	Y_1960
ID:299	of_target	T_H2
ID:299	has_similarity	S_0.3
ID:299	has_uncertainty	U_0.1
ID:300	of_type	TY_concentration time profile measurement
ID:300	of_reactor	R_flow reactor
ID:300	has_author	Author 84
ID:300	of_year	Y_1979
ID:300	of_target	T_C5H6
ID:300	has_similarity	S_0.2
ID:300	has_uncertainty	U_0.9
ID:301	of_type	TY_concentration time profile measurement
ID:301	of_reactor	R_flow reactor
ID:301	has_author	Author 14
ID:301	of_year	Y_2014
ID:301	of_target	T_IDT
ID:301	has_similarity	S_0.2
ID:301	has_uncertainty	U_0.1
ID:302	of_type	TY_jet stirred reactor measurement
ID:302	of_reactor	R_shock tube
ID:302	has_author	Author 78
ID:302	of_year	Y_1995
ID:302	of_target	T_CH4
ID:302	has_similarity	S_0.8
ID:302	has_uncertainty	U_0.9
ID:303	of_type	TY_laminar burning velocity measurement
ID:303	of_reactor	R_flame
ID:303	has_author	Author 46
ID:303	of_year	Y_1997
ID:303	of_target	T_C0
ID:303	has_similarity	S_0.7
ID:303	has_uncertainty	U_0.1
ID:304	of_type	TY_laminar burning velocity measurement
ID:304	of_reactor	R_flame
ID:304	has_author	Author 37
ID:304	of_year	Y_1978
ID:304	of_target	T_CH4
ID:304	has_similarity	S_0.6
ID:304	has_uncertainty	U_1.0
ID:305	of_type	TY_concentration time profile measurement
ID:305	of_reactor	R_shock tube
ID:305	has_author	Author 37
ID:305	of_year	Y_1972
ID:305	of_target	T_CH4
ID:305	has_similarity	S_0.2
ID:305	has_uncertainty	U_0.8
ID:306	of_type	TY_concentration time profile measurement
ID:306	of_reactor	R_stirred reactor
ID:306	has_author	Author 50
ID:306	of_year	Y_2020
ID:306	of_target	T_NH3
ID:306	has_similarity	S_0.2
ID:306	has_uncertainty	U_0.5
ID:307	of_type	TY_jet stirred reactor measurement
ID:307	of_reactor	R_stirred reactor
ID:307	has_author	Author 89
ID:307	of_year	Y_2015
ID:307	of_target	T_CH3
ID:307	has_similarity	S_0.2
ID:307	has_uncertainty	U_0.9
ID:308	of_type	TY_concentration time profile measurement
ID:308	of_reactor	R_flow reactor
ID:308	has_author	Author 65
ID:308	of_year	Y_1971
ID:308	of_target	T_H2
ID:308	has_similarity	S_0.7
ID:308	has_uncertainty	U_0.1
ID:309	of_type	TY_concentration time profile measurement
ID:309	of_reactor	R_flow reactor
ID:309	has_author	Author 60
ID:309	of_year	Y_1988
ID:309	of_target	T_C7H8
ID:309	has_similarity	S_0.3
ID:309	has_uncertainty	U_0.5
ID:310	of_type	TY_burner stabilized flame speciation measurement
ID:310	of_reactor	R_flame
ID:310	has_author	Author 30
ID:310	of_year	Y_1990
ID:310	of_target	T_IDT
ID:310	has_similarity	S_0.8
ID:310	has_uncertainty	U_0.6
ID:311	of_type	TY_jet stirred reactor measurement
ID:311	of_reactor	R_stirred reactor
ID:311	has_author	Author 25
ID:311	of_year	Y_1970
ID:311	of_target	T_H20
ID:311	has_similarity	S_0.3
ID:311	has_uncertainty	U_0.9
ID:312	of_type	TY_burner stabilized flame speciation measurement
ID:312	of_reactor	R_flame
ID:312	has_author	Author 57
ID:312	of_year	Y_1970
ID:312	of_target	T_H2S
ID:312	has_similarity	S_0.5
ID:312	has_uncertainty	U_0.2
ID:313	of_type	TY_jet stirred reactor measurement
ID:313	of_reactor	R_shock tube
ID:313	has_author	Author 60
ID:313	of_year	Y_1980
ID:313	of_target	T_CH4
ID:313	has_similarity	S_0.9
ID:313	has_uncertainty	U_0.4
ID:314	of_type	TY_burner stabilized flame speciation measurement
ID:314	of_reactor	R_flame
ID:314	has_author	Author 79
ID:314	of_year	Y_1977
ID:314	of_target	T_C5H6
ID:314	has_similarity	S_0.4
ID:314	has_uncertainty	U_0.9
ID:315	of_type	TY_outlet concentration measurement
ID:315	of_reactor	R_shock tube
ID:315	has_author	Author 17
ID:315	of_year	Y_1965
ID:315	of_target	T_NH3
ID:315	has_similarity	S_0.5
ID:315	has_uncertainty	U_0.3
ID:316	of_type	TY_ignition delay measurement
ID:316	of_reactor	R_rapid compression machine
ID:316	has_author	Author 89
ID:316	of_year	Y_2010
ID:316	of_target	T_CO2
ID:316	has_similarity	S_0.9
ID:316	has_uncertainty	U_0.1
ID:317	of_type	TY_laminar burning velocity measurement
ID:317	of_reactor	R_flame
ID:317	has_author	Author 60
ID:317	of_year	Y_1985
ID:317	of_target	T_H2
ID:317	has_similarity	S_0.6
ID:317	has_uncertainty	U_0.6
ID:318	of_type	TY_outlet concentration measurement
ID:318	of_reactor	R_stirred reactor
ID:318	has_author	Author 63
ID:318	of_year	Y_1983
ID:318	of_target	T_CH3
ID:318	has_similarity	S_0.7
ID:318	has_uncertainty	U_0.8
ID:319	of_type	TY_jet stirred reactor measurement
ID:319	of_reactor	R_stirred reactor
ID:319	has_author	Author 17
ID:319	of_year	Y_1967
ID:319	of_target	T_C0
ID:319	has_similarity	S_0.9
ID:319	has_uncertainty	U_0.0
ID:320	of_type	TY_outlet concentration measurement
ID:320	of_reactor	R_stirred reactor
ID:320	has_author	Author 27
ID:320	of_year	Y_1992
ID:320	of_target	T_C0
ID:320	has_similarity	S_0.7
ID:320	has_uncertainty	U_0.7
ID:321	of_type	TY_outlet concentration measurement
ID:321	of_reactor	R_stirred reactor
ID:321	has_author	Author 37
ID:321	of_year	Y_1973
ID:321	of_target	T_NH3
ID:321	has_similarity	S_0.0
ID:321	has_uncertainty	U_0.8
ID:322	of_type	TY_outlet concentration measurement
ID:322	of_reactor	R_stirred reactor
ID:322	has_author	Author 93
ID:322	of_year	Y_1990
ID:322	of_target	T_H20
ID:322	has_similarity	S_1.0
ID:322	has_uncertainty	U_0.6
ID:323	of_type	TY_burner stabilized flame speciation measurement
ID:323	of_reactor	R_flame
ID:323	has_author	Author 56
ID:323	of_year	Y_2025
ID:323	of_target	T_H20
ID:323	has_similarity	S_0.7
ID:323	has_uncertainty	U_0.5
ID:324	of_type	TY_laminar burning velocity measurement
ID:324	of_reactor	R_flame
ID:324	has_author	Author 28
ID:324	of_year	Y_2026
ID:324	of_target	T_C7H8
ID:324	has_similarity	S_0.4
ID:324	has_uncertainty	U_0.9
ID:325	of_type	TY_concentration time profile measurement
ID:325	of_reactor	R_stirred reactor
ID:325	has_author	Author 23
ID:325	of_year	Y_1994
ID:325	of_target	T_IDT
ID:325	has_similarity	S_0.7
ID:325	has_uncertainty	U_0.2
ID:326	of_type	TY_outlet concentration measurement
ID:326	of_reactor	R_shock tube
ID:326	has_author	Author 26
ID:326	of_year	Y_2007
ID:326	of_target	T_C5H6
ID:326	has_similarity	S_0.6
ID:326	has_uncertainty	U_0.5
ID:327	of_type	TY_jet stirred reactor measurement
ID:327	of_reactor	R_stirred reactor
ID:327	has_author	Author 14
ID:327	of_year	Y_2011
ID:327	of_target	T_CO2
ID:327	has_similarity	S_0.4
ID:327	has_uncertainty	U_0.5
ID:328	of_type	TY_concentration time profile measurement
ID:328	of_reactor	R_stirred reactor
ID:328	has_author	Author 86
ID:328	of_year	Y_2014
ID:328	of_target	T_H2S
ID:328	has_similarity	S_0.1
ID:328	has_uncertainty	U_0.3
ID:329	of_type	TY_laminar burning velocity measurement
ID:329	of_reactor	R_flame
ID:329	has_author	Author 7
ID:329	of_year	Y_1954
ID:329	of_target	T_CH3
ID:329	has_similarity	S_0.9
ID:329	has_uncertainty	U_0.3
ID:330	of_type	TY_burner stabilized flame speciation measurement
ID:330	of_reactor	R_flame
ID:330	has_author	Author 78
ID:330	of_year	Y_1996
ID:330	of_target	T_NH3
ID:330	has_similarity	S_0.3
ID:330	has_uncertainty	U_0.0
ID:331	of_type	TY_ignition delay measurement
ID:331	of_reactor	R_shock tube
ID:331	has_author	Author 90
ID:331	of_year	Y_2012
ID:331	of_target	T_NH3
ID:331	has_similarity	S_0.6
ID:331	has_uncertainty	U_0.1
ID:332	of_type	TY_concentration time profile measurement
ID:332	of_reactor	R_flow reactor
ID:332	has_author	Author 9
ID:332	of_year	Y_1962
ID:332	of_target	T_CH3
ID:332	has_similarity	S_0.3
ID:332	has_uncertainty	U_0.9
ID:333	of_type	TY_outlet concentration measurement
ID:333	of_reactor	R_flow reactor
ID:333	has_author	Author 45
ID:333	of_year	Y_2009
ID:333	of_target	T_H2
ID:333	has_similarity	S_0.8
ID:333	has_uncertainty	U_0.9
ID:334	of_type	TY_outlet concentration measurement
ID:334	of_reactor	R_shock tube
ID:334	has_author	Author 41
ID:334	of_year	Y_2007
ID:334	of_target	T_CH4
ID:334	has_similarity	S_0.5
ID:334	has_uncertainty	U_0.9
ID:335	of_type	TY_jet stirred reactor measurement
ID:335	of_reactor	R_shock tube
ID:335	has_author	Author 87
ID:335	of_year	Y_2007
ID:335	of_target	T_IDT
ID:335	has_similarity	S_1.0
ID:335	has_uncertainty	U_0.3
ID:336	of_type	TY_ignition delay measurement
ID:336	of_reactor	R_shock tube
ID:336	has_author	Author 53
ID:336	of_year	Y_2025
ID:336	of_target	T_H20
ID:336	has_similarity	S_0.2
ID:336	has_uncertainty	U_0.5
ID:337	of_type	TY_jet stirred reactor measurement
ID:337	of_reactor	R_stirred reactor
ID:337	has_author	Author 36
ID:337	of_year	Y_1976
ID:337	of_target	T_IDT
ID:337	has_similarity	S_0.1
ID:337	has_uncertainty	U_0.9
ID:338	of_type	TY_laminar burning velocity measurement
ID:338	of_reactor	R_flame
ID:338	has_author	Author 2
ID:338	of_year	Y_2010
ID:338	of_target	T_CO2
ID:338	has_similarity	S_0.1
ID:338	has_uncertainty	U_0.7
ID:339	of_type	TY_jet stirred reactor measurement
ID:339	of_reactor	R_flow reactor
ID:339	has_author	Author 99
ID:339	of_year	Y_2011
ID:339	of_target	T_H2S
ID:339	has_similarity	S_0.7
ID:339	has_uncertainty	U_0.3
ID:340	of_type	TY_jet stirred reactor measurement
ID:340	of_reactor	R_stirred reactor
ID:340	has_author	Author 82
ID:340	of_year	Y_2021
ID:340	of_target	T_NH3
ID:340	has_similarity	S_0.0
ID:340	has_uncertainty	U_0.0
ID:341	of_type	TY_jet stirred reactor measurement
ID:341	of_reactor	R_shock tube
ID:341	has_author	Author 86
ID:341	of_year	Y_2017
ID:341	of_target	T_C6H6
ID:341	has_similarity	S_0.6
ID:341	has_uncertainty	U_0.1
ID:342	of_type	TY_jet stirred reactor measurement
ID:342	of_reactor	R_stirred reactor
ID:342	has_author	Author 81
ID:342	of_year	Y_1990
ID:342	of_target	T_C0
ID:342	has_similarity	S_0.1
ID:342	has_uncertainty	U_0.4
ID:343	of_type	TY_ignition delay measurement
ID:343	of_reactor	R_rapid compression machine
ID:343	has_author	Author 27
ID:343	of_year	Y_1996
ID:343	of_target	T_H2S
ID:343	has_similarity	S_0.3
ID:343	has_uncertainty	U_0.4
ID:344	of_type	TY_jet stirred reactor measurement
ID:344	of_reactor	R_flow reactor
ID:344	has_author	Author 68
ID:344	of_year	Y_1999
ID:344	of_target	T_C0
ID:344	has_similarity	S_0.1
ID:344	has_uncertainty	U_0.9
ID:345	of_type	TY_concentration time profile measurement
ID:345	of_reactor	R_flow reactor
ID:345	has_author	Author 42
ID:345	of_year	Y_2020
ID:345	of_target	T_CO2
ID:345	has_similarity	S_0.1
ID:345	has_uncertainty	U_0.6
ID:346	of_type	TY_jet stirred reactor measurement
ID:346	of_reactor	R_flow reactor
ID:346	has_author	Author 86
ID:346	of_year	Y_2020
ID:346	of_target	T_CH4
ID:346	has_similarity	S_0.2
ID:346	has_uncertainty	U_0.3
ID:347	of_type	TY_laminar burning velocity measurement
ID:347	of_reactor	R_flame
ID:347	has_author	Author 7
ID:347	of_year	Y_1956
ID:347	of_target	T_CH3
ID:347	has_similarity	S_0.9
ID:347	has_uncertainty	U_0.5
ID:348	of_type	TY_jet stirred reactor measurement
ID:348	of_reactor	R_flow reactor
ID:348	has_author	Author 44
ID:348	of_year	Y_2003
ID:348	of_target	T_CH4
ID:348	has_similarity	S_0.0
ID:348	has_uncertainty	U_0.8
ID:349	of_type	TY_jet stirred reactor measurement
ID:349	of_reactor	R_stirred reactor
ID:349	has_author	Author 74
ID:349	of_year	Y_1953
ID:349	of_target	T_H20
ID:349	has_similarity	S_0.7
ID:349	has_uncertainty	U_0.0
ID:350	of_type	TY_outlet concentration measurement
ID:350	of_reactor	R_flow reactor
ID:350	has_author	Author 60
ID:350	of_year	Y_1987
ID:350	of_target	T_CO2
ID:350	has_similarity	S_0.7
ID:350	has_uncertainty	U_0.6
ID:351	of_type	TY_jet stirred reactor measurement
ID:351	of_reactor	R_stirred reactor
ID:351	has_author	Author 98
ID:351	of_year	Y_1982
ID:351	of_target	T_C7H8
ID:351	has_similarity	S_0.2
ID:351	has_uncertainty	U_0.7
ID:352	of_type	TY_laminar burning velocity measurement
ID:352	of_reactor	R_flame
ID:352	has_author	Author 78
ID:352	of_year	Y_1997
ID:352	of_target	T_H2
ID:352	has_similarity	S_0.4
ID:352	has_uncertainty	U_0.1
ID:353	of_type	TY_outlet concentration measurement
ID:353	of_reactor	R_shock tube
ID:353	has_author	Author 0
ID:353	of_year	Y_1956
ID:353	of_target	T_CO2
ID:353	has_similarity	S_0.2
ID:353	has_uncertainty	U_0.2
ID:354	of_type	TY_outlet concentration measurement
ID:354	of_reactor	R_flow reactor
ID:354	has_author	Author 71
ID:354	of_year	Y_1980
ID:354	of_target	T_H2S
ID:354	has_similarity	S_0.3
ID:354	has_uncertainty	U_0.0
ID:355	of_type	TY_jet stirred reactor measurement
ID:355	of_reactor	R_shock tube
ID:355	has_author	Author 52
ID:355	of_year	Y_2011
ID:355	of_target	T_IDT
ID:355	has_similarity	S_1.0
ID:355	has_uncertainty	U_0.3
ID:356	of_type	TY_jet stirred reactor measurement
ID:356	of_reactor	R_flow reactor
ID:356	has_author	Author 17
ID:356	of_year	Y_1964
ID:356	of_target	T_H2S
ID:356	has_similarity	S_0.2
ID:356	has_uncertainty	U_0.3
ID:357	of_type	TY_outlet concentration measurement
ID:357	of_reactor	R_flow reactor
ID:357	has_author	Author 95
ID:357	of_year	Y_1980
ID:357	of_target	T_CH4
ID:357	has_similarity	S_0.9
ID:357	has_uncertainty	U_0.4
ID:358	of_type	TY_ignition delay measurement
ID:358	of_reactor	R_rapid compression machine
ID:358	has_author	Author 83
ID:358	of_year	Y_1961
ID:358	of_target	T_C5H6
ID:358	has_similarity	S_0.2
ID:358	has_uncertainty	U_0.6
ID:359	of_type	TY_concentration time profile measurement
ID:359	of_reactor	R_shock tube
ID:359	has_author	Author 0
ID:359	of_year	Y_1959
ID:359	of_target	T_C7H8
ID:359	has_similarity	S_0.3
ID:359	has_uncertainty	U_0.0
ID:360	of_type	TY_concentration time profile measurement
ID:360	of_reactor	R_stirred reactor
ID:360	has_author	Author 10
ID:360	of_year	Y_1984
ID:360	of_target	T_NH3
ID:360	has_similarity	S_0.5
ID:360	has_uncertainty	U_0.9
ID:361	of_type	TY_ignition delay measurement
ID:361	of_reactor	R_rapid compression machine
ID:361	has_author	Author 55
ID:361	of_year	Y_1961
ID:361	of_target	T_H2
ID:361	has_similarity	S_0.7
ID:361	has_uncertainty	U_0.4
ID:362	of_type	TY_burner stabilized flame speciation measurement
ID:362	of_reactor	R_flame
ID:362	has_author	Author 31
ID:362	of_year	Y_2023
ID:362	of_target	T_C7H8
ID:362	has_similarity	S_0.3
ID:362	has_uncertainty	U_0.8
ID:363	of_type	TY_burner stabilized flame speciation measurement
ID:363	of_reactor	R_flame
ID:363	has_author	Author 68
ID:363	of_year	Y_1995
ID:363	of_target	T_CH3
ID:363	has_similarity	S_0.1
ID:363	has_uncertainty	U_0.6
ID:364	of_type	TY_concentration time profile measurement
ID:364	of_reactor	R_shock tube
ID:364	has_author	Author 39
ID:364	of_year	Y_1974
ID:364	of_target	T_H2
ID:364	has_similarity	S_0.0
ID:364	has_uncertainty	U_1.0
ID:365	of_type	TY_concentration time profile measurement
ID:365	of_reactor	R_flow reactor
ID:365	has_author	Author 64
ID:365	of_year	Y_2019
ID:365	of_target	T_H2
ID:365	has_similarity	S_0.7
ID:365	has_uncertainty	U_0.9
ID:366	of_type	TY_laminar burning velocity measurement
ID:366	of_reactor	R_flame
ID:366	has_author	Author 67
ID:366	of_year	Y_1966
ID:366	of_target	T_H2
ID:366	has_similarity	S_0.3
ID:366	has_uncertainty	U_0.6
ID:367	of_type	TY_laminar burning velocity measurement
ID:367	of_reactor	R_flame
ID:367	has_author	Author 93
ID:367	of_year	Y_1989
ID:367	of_target	T_H20
ID:367	has_similarity	S_0.3
ID:367	has_uncertainty	U_0.7
ID:368	of_type	TY_concentration time profile measurement
ID:368	of_reactor	R_flow reactor
ID:368	has_author	Author 79
ID:368	of_year	Y_1980
ID:368	of_target	T_C7H8
ID:368	has_similarity	S_0.3
ID:368	has_uncertainty	U_0.9
ID:369	of_type	TY_jet stirred reactor measurement
ID:369	of_reactor	R_shock tube
ID:369	has_author	Author 40
ID:369	of_year	Y_1952
ID:369	of_target	T_H20
ID:369	has_similarity	S_0.1
ID:369	has_uncertainty	U_0.6
ID:370	of_type	TY_jet stirred reactor measurement
ID:370	of_reactor	R_shock tube
ID:370	has_author	Author 44
ID:370	of_year	Y_2003
ID:370	of_target	T_CH4
ID:370	has_similarity	S_0.7
ID:370	has_uncertainty	U_0.6
ID:371	of_type	TY_burner stabilized flame speciation measurement
ID:371	of_reactor	R_flame
ID:371	has_author	Author 62
ID:371	of_year	Y_2016
ID:371	of_target	T_C7H8
ID:371	has_similarity	S_0.8
ID:371	has_uncertainty	U_0.8
ID:372	of_type	TY_jet stirred reactor measurement
ID:372	of_reactor	R_shock tube
ID:372	has_author	Author 54
ID:372	of_year	Y_1982
ID:372	of_target	T_C7H8
ID:372	has_similarity	S_0.8
ID:372	has_uncertainty	U_0.5
ID:373	of_type	TY_laminar burning velocity measurement
ID:373	of_reactor	R_flame
ID:373	has_author	Author 92
ID:373	of_year	Y_1999
ID:373	of_target	T_H20
ID:373	has_similarity	S_0.4
ID:373	has_uncertainty	U_0.7
ID:374	of_type	TY_concentration time profile measurement
ID:374	of_reactor	R_flow reactor
ID:374	has_author	Author 98
ID:374	of_year	Y_1983
ID:374	of_target	T_H2S
ID:374	has_similarity	S_0.6
ID:374	has_uncertainty	U_0.6
ID:375	of_type	TY_ignition delay measurement
ID:375	of_reactor	R_shock tube
ID:375	has_author	Author 88
ID:375	of_year	Y_1967
ID:375	of_target	T_IDT
ID:375	has_similarity	S_0.1
ID:375	has_uncertainty	U_0.1
ID:376	of_type	TY_outlet concentration measurement
ID:376	of_reactor	R_stirred reactor
ID:376	has_author	Author 4
ID:376	of_year	Y_1952
ID:376	of_target	T_H20
ID:376	has_similarity	S_0.1
ID:376	has_uncertainty	U_0.7
ID:377	of_type	TY_burner stabilized flame speciation measurement
ID:377	of_reactor	R_flame
ID:377	has_author	Author 87
ID:377	of_year	Y_2007
ID:377	of_target	T_C5H6
ID:377	has_similarity	S_0.6
ID:377	has_uncertainty	U_0.6
ID:378	of_type	TY_burner stabilized flame speciation measurement
ID:378	of_reactor	R_flame
ID:378	has_author	Author 73
ID:378	of_year	Y_1982
ID:378	of_target	T_IDT
ID:378	has_similarity	S_0.5
ID:378	has_uncertainty	U_0.7
ID:379	of_type	TY_ignition delay measurement
ID:379	of_reactor	R_rapid compression machine
ID:379	has_author	Author 88
ID:379	of_year	Y_1968
ID:379	of_target	T_H2S
ID:379	has_similarity	S_0.4
ID:379	has_uncertainty	U_0.6
ID:380	of_type	TY_concentration time profile measurement
ID:380	of_reactor	R_stirred reactor
ID:380	has_author	Author 65
ID:380	of_year	Y_1972
ID:380	of_target	T_C5H6
ID:380	has_similarity	S_0.4
ID:380	has_uncertainty	U_0.6
ID:381	of_type	TY_concentration time profile measurement
ID:381	of_reactor	R_stirred reactor
ID:381	has_author	Author 17
ID:381	of_year	Y_1960
ID:381	of_target	T_H20
ID:381	has_similarity	S_0.3
ID:381	has_uncertainty	U_0.8
ID:382	of_type	TY_laminar burning velocity measurement
ID:382	of_reactor	R_flame
ID:382	has_author	Author 17
ID:382	of_year	Y_1964
ID:382	of_target	T_H2
ID:382	has_similarity	S_0.8
ID:382	has_uncertainty	U_0.1
ID:383	of_type	TY_ignition delay measurement
ID:383	of_reactor	R_rapid compression machine
ID:383	has_author	Author 91
ID:383	of_year	Y_1973
ID:383	of_target	T_NH3
ID:383	has_similarity	S_0.2
ID:383	has_uncertainty	U_0.6
ID:384	of_type	TY_outlet concentration measurement
ID:384	of_reactor	R_shock tube
ID:384	has_author	Author 33
ID:384	of_year	Y_1957
ID:384	of_target	T_IDT
ID:384	has_similarity	S_0.6
ID:384	has_uncertainty	U_0.1
ID:385	of_type	TY_burner stabilized flame speciation measurement
ID:385	of_reactor	R_flame
ID:385	has_author	Author 36
ID:385	of_year	Y_1979
ID:385	of_target	T_NH3
ID:385	has_similarity	S_1.0
ID:385	has_uncertainty	U_0.5
ID:386	of_type	TY_concentration time profile measurement
ID:386	of_reactor	R_flow reactor
ID:386	has_author	Author 72
ID:386	of_year	Y_2010
ID:386	of_target	T_H2
ID:386	has_similarity	S_0.2
ID:386	has_uncertainty	U_0.0
ID:387	of_type	TY_laminar burning velocity measurement
ID:387	of_reactor	R_flame
ID:387	has_author	Author 10
ID:387	of_year	Y_1983
ID:387	of_target	T_IDT
ID:387	has_similarity	S_0.7
ID:387	has_uncertainty	U_0.0
ID:388	of_type	TY_jet stirred reactor measurement
ID:388	of_reactor	R_stirred reactor
ID:388	has_author	Author 55
ID:388	of_year	Y_1969
ID:388	of_target	T_NH3
ID:388	has_similarity	S_0.5
ID:388	has_uncertainty	U_0.8
ID:389	of_type	TY_concentration time profile measurement
ID:389	of_reactor	R_flow reactor
ID:389	has_author	Author 4
ID:389	of_year	Y_1956
ID:389	of_target	T_IDT
ID:389	has_similarity	S_0.9
ID:389	has_uncertainty	U_0.0
ID:390	of_type	TY_burner stabilized flame speciation measurement
ID:390	of_reactor	R_flame
ID:390	has_author	Author 35
ID:390	of_year	Y_1973
ID:390	of_target	T_H2S
ID:390	has_similarity	S_0.6
ID:390	has_uncertainty	U_0.1
ID:391	of_type	TY_jet stirred reactor measurement
ID:391	of_reactor	R_shock tube
ID:391	has_author	Author 74
ID:391	of_year	Y_1960
ID:391	of_target	T_C7H8
ID:391	has_similarity	S_0.0
ID:391	has_uncertainty	U_1.0
ID:392	of_type	TY_burner stabilized flame speciation measurement
ID:392	of_reactor	R_flame
ID:392	has_author	Author 73
ID:392	of_year	Y_1984
ID:392	of_target	T_CH3
ID:392	has_similarity	S_0.5
ID:392	has_uncertainty	U_0.7
ID:393	of_type	TY_burner stabilized flame speciation measurement
ID:393	of_reactor	R_flame
ID:393	has_author	Author 22
ID:393	of_year	Y_1996
ID:393	of_target	T_C6H6
ID:393	has_similarity	S_0.4
ID:393	has_uncertainty	U_0.2
ID:394	of_type	TY_burner stabilized flame speciation measurement
ID:394	of_reactor	R_flame
ID:394	has_author	Author 69
ID:394	of_year	Y_1957
ID:394	of_target	T_CO2
ID:394	has_similarity	S_0.3
ID:394	has_uncertainty	U_0.9
ID:395	of_type	TY_burner stabilized flame speciation measurement
ID:395	of_reactor	R_flame
ID:395	has_author	Author 45
ID:395	of_year	Y_2006
ID:395	of_target	T_C0
ID:395	has_similarity	S_0.6
ID:395	has_uncertainty	U_0.8
ID:396	of_type	TY_burner stabilized flame speciation measurement
ID:396	of_reactor	R_flame
ID:396	has_author	Author 33
ID:396	of_year	Y_1960
ID:396	of_target	T_C7H8
ID:396	has_similarity	S_0.2
ID:396	has_uncertainty	U_0.2
ID:397	of_type	TY_ignition delay measurement
ID:397	of_reactor	R_rapid compression machine
ID:397	has_author	Author 9
ID:397	of_year	Y_1969
ID:397	of_target	T_CH4
ID:397	has_similarity	S_0.0
ID:397	has_uncertainty	U_0.5
ID:398	of_type	TY_laminar burning velocity measurement
ID:398	of_reactor	R_flame
ID:398	has_author	Author 69
ID:398	of_year	Y_1952
ID:398	of_target	T_NH3
ID:398	has_similarity	S_0.4
ID:398	has_uncertainty	U_0.8
ID:399	of_type	TY_jet stirred reactor measurement
ID:399	of_reactor	R_stirred reactor
ID:399	has_author	Author 21
ID:399	of_year	Y_2029
ID:399	of_target	T_C6H6
ID:399	has_similarity	S_0.7
ID:399	has_uncertainty	U_0.2
ID:400	of_type	TY_jet stirred reactor measurement
ID:400	of_reactor	R_stirred reactor
ID:400	has_author	Author 15
ID:400	of_year	Y_1991
ID:400	of_target	T_IDT
ID:400	has_similarity	S_0.1
ID:400	has_uncertainty	U_0.3
ID:401	of_type	TY_laminar burning velocity measurement
ID:401	of_reactor	R_flame
ID:401	has_author	Author 56
ID:401	of_year	Y_2028
ID:401	of_target	T_NH3
ID:401	has_similarity	S_0.5
ID:401	has_uncertainty	U_0.3
ID:402	of_type	TY_outlet concentration measurement
ID:402	of_reactor	R_stirred reactor
ID:402	has_author	Author 0
ID:402	of_year	Y_1950
ID:402	of_target	T_H2S
ID:402	has_similarity	S_1.0
ID:402	has_uncertainty	U_1.0
ID:403	of_type	TY_jet stirred reactor measurement
ID:403	of_reactor	R_flow reactor
ID:403	has_author	Author 41
ID:403	of_year	Y_2010
ID:403	of_target	T_C0
ID:403	has_similarity	S_1.0
ID:403	has_uncertainty	U_0.4
ID:404	of_type	TY_jet stirred reactor measurement
ID:404	of_reactor	R_flow reactor
ID:404	has_author	Author 27
ID:404	of_year	Y_2000
ID:404	of_target	T_IDT
ID:404	has_similarity	S_0.1
ID:404	has_uncertainty	U_0.5
ID:405	of_type	TY_jet stirred reactor measurement
ID:405	of_reactor	R_shock tube
ID:405	has_author	Author 57
ID:405	of_year	Y_1976
ID:405	of_target	T_CH4
ID:405	has_similarity	S_0.5
ID:405	has_uncertainty	U_0.9
ID:406	of_type	TY_outlet concentration measurement
ID:406	of_reactor	R_flow reactor
ID:406	has_author	Author 62
ID:406	of_year	Y_2019
ID:406	of_target	T_C7H8
ID:406	has_similarity	S_0.5
ID:406	has_uncertainty	U_0.6
ID:407	of_type	TY_outlet concentration measurement
ID:407	of_reactor	R_shock tube
ID:407	has_author	Author 47
ID:407	of_year	Y_2026
ID:407	of_target	T_CH4
ID:407	has_similarity	S_0.4
ID:407	has_uncertainty	U_0.6
ID:408	of_type	TY_burner stabilized flame speciation measurement
ID:408	of_reactor	R_flame
ID:408	has_author	Author 38
ID:408	of_year	Y_1961
ID:408	of_target	T_C0
ID:408	has_similarity	S_0.9
ID:408	has_uncertainty	U_0.0
ID:409	of_type	TY_concentration time profile measurement
ID:409	of_reactor	R_shock tube
ID:409	has_author	Author 59
ID:409	of_year	Y_1992
ID:409	of_target	T_C6H6
ID:409	has_similarity	S_0.3
ID:409	has_uncertainty	U_0.8
ID:410	of_type	TY_jet stirred reactor measurement
ID:410	of_reactor	R_shock tube
ID:410	has_author	Author 75
ID:410	of_year	Y_1963
ID:410	of_target	T_CO2
ID:410	has_similarity	S_0.1
ID:410	has_uncertainty	U_0.8
ID:411	of_type	TY_jet stirred reactor measurement
ID:411	of_reactor	R_flow reactor
ID:411	has_author	Author 88
ID:411	of_year	Y_1966
ID:411	of_target	T_CO2
ID:411	has_similarity	S_0.7
ID:411	has_uncertainty	U_0.2
ID:412	of_type	TY_jet stirred reactor measurement
ID:412	of_reactor	R_stirred reactor
ID:412	has_author	Author 70
ID:412	of_year	Y_2013
ID:412	of_target	T_C0
ID:412	has_similarity	S_0.5
ID:412	has_uncertainty	U_0.4
ID:413	of_type	TY_laminar burning velocity measurement
ID:413	of_reactor	R_flame
ID:413	has_author	Author 49
ID:413	of_year	Y_1956
ID:413	of_target	T_H2S
ID:413	has_similarity	S_0.0
ID:413	has_uncertainty	U_0.7
ID:414	of_type	TY_jet stirred reactor measurement
ID:414	of_reactor	R_flow reactor
ID:414	has_author	Author 65
ID:414	of_year	Y_1980
ID:414	of_target	T_CH4
ID:414	has_similarity	S_0.4
ID:414	has_uncertainty	U_0.8
ID:415	of_type	TY_ignition delay measurement
ID:415	of_reactor	R_shock tube
ID:415	has_author	Author 58
ID:415	of_year	Y_1981
ID:415	of_target	T_IDT
ID:415	has_similarity	S_0.9
ID:415	has_uncertainty	U_0.9
ID:416	of_type	TY_ignition delay measurement
ID:416	of_reactor	R_rapid compression machine
ID:416	has_author	Author 98
ID:416	of_year	Y_1988
ID:416	of_target	T_IDT
ID:416	has_similarity	S_0.5
ID:416	has_uncertainty	U_0.1
ID:417	of_type	TY_laminar burning velocity measurement
ID:417	of_reactor	R_flame
ID:417	has_author	Author 76
ID:417	of_year	Y_2025
ID:417	of_target	T_H2
ID:417	has_similarity	S_0.6
ID:417	has_uncertainty	U_0.6
ID:418	of_type	TY_outlet concentration measurement
ID:418	of_reactor	R_shock tube
ID:418	has_author	Author 16
ID:418	of_year	Y_1974
ID:418	of_target	T_C6H6
ID:418	has_similarity	S_0.2
ID:418	has_uncertainty	U_0.8
ID:419	of_type	TY_laminar burning velocity measurement
ID:419	of_reactor	R_flame
ID:419	has_author	Author 69
ID:419	of_year	Y_1960
ID:419	of_target	T_H2
ID:419	has_similarity	S_0.4
ID:419	has_uncertainty	U_0.2
ID:420	of_type	TY_ignition delay measurement
ID:420	of_reactor	R_rapid compression machine
ID:420	has_author	Author 96
ID:420	of_year	Y_1962
ID:420	of_target	T_CH4
ID:420	has_similarity	S_1.0
ID:420	has_uncertainty	U_1.0
ID:421	of_type	TY_laminar burning velocity measurement
ID:421	of_reactor	R_flame
ID:421	has_author	Author 74
ID:421	of_year	Y_1960
ID:421	of_target	T_CH3
ID:421	has_similarity	S_0.7
ID:421	has_uncertainty	U_0.7
ID:422	of_type	TY_outlet concentration measurement
ID:422	of_reactor	R_stirred reactor
ID:422	has_author	Author 3
ID:422	of_year	Y_2006
ID:422	of_target	T_C6H6
ID:422	has_similarity	S_0.8
ID:422	has_uncertainty	U_0.2
ID:423	of_type	TY_burner stabilized flame speciation measurement
ID:423	of_reactor	R_flame
ID:423	has_author	Author 11
ID:423	of_year	Y_1979
ID:423	of_target	T_C7H8
ID:423	has_similarity	S_0.0
ID:423	has_uncertainty	U_1.0
ID:424	of_type	TY_outlet concentration measurement
ID:424	of_reactor	R_flow reactor
ID:424	has_author	Author 85
ID:424	of_year	Y_2015
ID:424	of_target	T_CH4
ID:424	has_similarity	S_0.5
ID:424	has_uncertainty	U_0.8
ID:425	of_type	TY_laminar burning velocity measurement
ID:425	of_reactor	R_flame
ID:425	has_author	Author 9
ID:425	of_year	Y_1963
ID:425	of_target	T_NH3
ID:425	has_similarity	S_0.8
ID:425	has_uncertainty	U_0.2
ID:426	of_type	TY_jet stirred reactor measurement
ID:426	of_reactor	R_shock tube
ID:426	has_author	Author 32
ID:426	of_year	Y_1984
ID:426	of_target	T_CO2
ID:426	has_similarity	S_0.9
ID:426	has_uncertainty	U_0.8
ID:427	of_type	TY_concentration time profile measurement
ID:427	of_reactor	R_flow reactor
ID:427	has_author	Author 24
ID:427	of_year	Y_1979
ID:427	of_target	T_CO2
ID:427	has_similarity	S_1.0
ID:427	has_uncertainty	U_0.4
ID:428	of_type	TY_ignition delay measurement
ID:428	of_reactor	R_rapid compression machine
ID:428	has_author	Author 13
ID:428	of_year	Y_1951
ID:428	of_target	T_H20
ID:428	has_similarity	S_1.0
ID:428	has_uncertainty	U_0.6
ID:429	of_type	TY_laminar burning velocity measurement
ID:429	of_reactor	R_flame
ID:429	has_author	Author 40
ID:429	of_year	Y_1956
ID:429	of_target	T_IDT
ID:429	has_similarity	S_1.0
ID:429	has_uncertainty	U_1.0
ID:430	of_type	TY_ignition delay measurement
ID:430	of_reactor	R_shock tube
ID:430	has_author	Author 7
ID:430	of_year	Y_1957
ID:430	of_target	T_CH4
ID:430	has_similarity	S_0.6
ID:430	has_uncertainty	U_0.5
ID:431	of_type	TY_outlet concentration measurement
ID:431	of_reactor	R_stirred reactor
ID:431	has_author	Author 2
ID:431	of_year	Y_2008
ID:431	of_target	T_C0
ID:431	has_similarity	S_0.8
ID:431	has_uncertainty	U_0.1
ID:432	of_type	TY_laminar burning velocity measurement
ID:432	of_reactor	R_flame
ID:432	has_author	Author 51
ID:432	of_year	Y_2022
ID:432	of_target	T_C6H6
ID:432	has_similarity	S_0.9
ID:432	has_uncertainty	U_0.5
ID:433	of_type	TY_jet stirred reactor measurement
ID:433	of_reactor	R_shock tube
ID:433	has_author	Author 50
ID:433	of_year	Y_2027
ID:433	of_target	T_H20
ID:433	has_similarity	S_0.6
ID:433	has_uncertainty	U_1.0
ID:434	of_type	TY_ignition delay measurement
ID:434	of_reactor	R_shock tube
ID:434	has_author	Author 39
ID:434	of_year	Y_1972
ID:434	of_target	T_C5H6
ID:434	has_similarity	S_0.9
ID:434	has_uncertainty	U_1.0
ID:435	of_type	TY_outlet concentration measurement
ID:435	of_reactor	R_shock tube
ID:435	has_author	Author 64
ID:435	of_year	Y_2012
ID:435	of_target	T_H2
ID:435	has_similarity	S_0.5
ID:435	has_uncertainty	U_0.0
ID:436	of_type	TY_jet stirred reactor measurement
ID:436	of_reactor	R_flow reactor
ID:436	has_author	Author 33
ID:436	of_year	Y_1959
ID:436	of_target	T_C7H8
ID:436	has_similarity	S_0.7
ID:436	has_uncertainty	U_0.3
ID:437	of_type	TY_outlet concentration measurement
ID:437	of_reactor	R_flow reactor
ID:437	has_author	Author 86
ID:437	of_year	Y_2015
ID:437	of_target	T_IDT
ID:437	has_similarity	S_0.2
ID:437	has_uncertainty	U_0.7
ID:438	of_type	TY_jet stirred reactor measurement
ID:438	of_reactor	R_shock tube
ID:438	has_author	Author 48
ID:438	of_year	Y_1977
ID:438	of_target	T_CH4
ID:438	has_similarity	S_0.2
ID:438	has_uncertainty	U_0.1
ID:439	of_type	TY_burner stabilized flame speciation measurement
ID:439	of_reactor	R_flame
ID:439	has_author	Author 68
ID:439	of_year	Y_1998
ID:439	of_target	T_IDT
ID:439	has_similarity	S_0.5
ID:439	has_uncertainty	U_0.5
ID:440	of_type	TY_ignition delay measurement
ID:440	of_reactor	R_rapid compression machine
ID:440	has_author	Author 21
ID:440	of_year	Y_2026
ID:440	of_target	T_CH3
ID:440	has_similarity	S_0.7
ID:440	has_uncertainty	U_0.2
ID:441	of_type	TY_ignition delay measurement
ID:441	of_reactor	R_shock tube
ID:441	has_author	Author 18
ID:441	of_year	Y_1953
ID:441	of_target	T_CH3
ID:441	has_similarity	S_0.3
ID:441	has_uncertainty	U_0.9
ID:442	of_type	TY_laminar burning velocity measurement
ID:442	of_reactor	R_flame
ID:442	has_author	Author 33
ID:442	of_year	Y_1956
ID:442	of_target	T_NH3
ID:442	has_similarity	S_0.1
ID:442	has_uncertainty	U_0.6
ID:443	of_type	TY_outlet concentration measurement
ID:443	of_reactor	R_shock tube
ID:443	has_author	Author 0
ID:443	of_year	Y_1957
ID:443	of_target	T_H20
ID:443	has_similarity	S_0.2
ID:443	has_uncertainty	U_0.5
ID:444	of_type	TY_concentration time profile measurement
ID:444	of_reactor	R_stirred reactor
ID:444	has_author	Author 91
ID:444	of_year	Y_1970
ID:444	of_target	T_C7H8
ID:444	has_similarity	S_1.0
ID:444	has_uncertainty	U_0.9
ID:445	of_type	TY_laminar burning velocity measurement
ID:445	of_reactor	R_flame
ID:445	has_author	Author 96
ID:445	of_year	Y_1968
ID:445	of_target	T_C0
ID:445	has_similarity	S_0.4
ID:445	has_uncertainty	U_0.7
ID:446	of_type	TY_laminar burning velocity measurement
ID:446	of_reactor	R_flame
ID:446	has_author	Author 90
ID:446	of_year	Y_2013
ID:446	of_target	T_H2
ID:446	has_similarity	S_0.3
ID:446	has_uncertainty	U_0.7
ID:447	of_type	TY_laminar burning velocity measurement
ID:447	of_reactor	R_flame
ID:447	has_author	Author 50
ID:447	of_year	Y_2021
ID:447	of_target	T_C0
ID:447	has_similarity	S_0.2
ID:447	has_uncertainty	U_0.8
ID:448	of_type	TY_concentration time profile measurement
ID:448	of_reactor	R_shock tube
ID:448	has_author	Author 21
ID:448	of_year	Y_2023
ID:448	of_target	T_C0
ID:448	has_similarity	S_0.5
ID:448	has_uncertainty	U_0.6
ID:449	of_type	TY_jet stirred reactor measurement
ID:449	of_reactor	R_flow reactor
ID:449	has_author	Author 27
ID:449	of_year	Y_1990
ID:449	of_target	T_IDT
ID:449	has_similarity	S_0.5
ID:449	has_uncertainty	U_0.9
ID:450	of_type	TY_ignition delay measurement
ID:450	of_reactor	R_rapid compression machine
ID:450	has_author	Author 17
ID:450	of_year	Y_1965
ID:450	of_target	T_C6H6
ID:450	has_similarity	S_0.6
ID:450	has_uncertainty	U_0.9
ID:451	of_type	TY_jet stirred reactor measurement
ID:451	of_reactor	R_shock tube
ID:451	has_author	Author 59
ID:451	of_year	Y_1992
ID:451	of_target	T_C6H6
ID:451	has_similarity	S_0.2
ID:451	has_uncertainty	U_0.5
ID:452	of_type	TY_outlet concentration measurement
ID:452	of_reactor	R_flow reactor
ID:452	has_author	Author 46
ID:452	of_year	Y_1997
ID:452	of_target	T_IDT
ID:452	has_similarity	S_0.5
ID:452	has_uncertainty	U_0.1
ID:453	of_type	TY_burner stabilized flame speciation measurement
ID:453	of_reactor	R_flame
ID:453	has_author	Author 73
ID:453	of_year	Y_1989
ID:453	of_target	T_H2
ID:453	has_similarity	S_0.3
ID:453	has_uncertainty	U_0.7
ID:454	of_type	TY_outlet concentration measurement
ID:454	of_reactor	R_shock tube
ID:454	has_author	Author 26
ID:454	of_year	Y_2003
ID:454	of_target	T_C5H6
ID:454	has_similarity	S_0.2
ID:454	has_uncertainty	U_0.2
ID:455	of_type	TY_outlet concentration measurement
ID:455	of_reactor	R_flow reactor
ID:455	has_author	Author 45
ID:455	of_year	Y_2010
ID:455	of_target	T_CH3
ID:455	has_similarity	S_0.4
ID:455	has_uncertainty	U_0.3
ID:456	of_type	TY_laminar burning velocity measurement
ID:456	of_reactor	R_flame
ID:456	has_author	Author 66
ID:456	of_year	Y_1960
ID:456	of_target	T_IDT
ID:456	has_similarity	S_0.3
ID:456	has_uncertainty	U_0.0
ID:457	of_type	TY_concentration time profile measurement
ID:457	of_reactor	R_shock tube
ID:457	has_author	Author 70
ID:457	of_year	Y_2010
ID:457	of_target	T_H2
ID:457	has_similarity	S_0.2
ID:457	has_uncertainty	U_0.2
ID:458	of_type	TY_concentration time profile measurement
ID:458	of_reactor	R_shock tube
ID:458	has_author	Author 28
ID:458	of_year	Y_2026
ID:458	of_target	T_CH3
ID:458	has_similarity	S_0.3
ID:458	has_uncertainty	U_0.1
ID:459	of_type	TY_ignition delay measurement
ID:459	of_reactor	R_rapid compression machine
ID:459	has_author	Author 72
ID:459	of_year	Y_2017
ID:459	of_target	T_CH4
ID:459	has_similarity	S_0.6
ID:459	has_uncertainty	U_0.3
ID:460	of_type	TY_burner stabilized flame speciation measurement
ID:460	of_reactor	R_flame
ID:460	has_author	Author 30
ID:460	of_year	Y_1980
ID:460	of_target	T_C6H6
ID:460	has_similarity	S_0.7
ID:460	has_uncertainty	U_0.6
ID:461	of_type	TY_burner stabilized flame speciation measurement
ID:461	of_reactor	R_flame
ID:461	has_author	Author 3
ID:461	of_year	Y_2006
ID:461	of_target	T_C7H8
ID:461	has_similarity	S_0.7
ID:461	has_uncertainty	U_0.1
ID:462	of_type	TY_burner stabilized flame speciation measurement
ID:462	of_reactor	R_flame
ID:462	has_author	Author 24
ID:462	of_year	Y_1975
ID:462	of_target	T_NH3
ID:462	has_similarity	S_0.4
ID:462	has_uncertainty	U_1.0
ID:463	of_type	TY_jet stirred reactor measurement
ID:463	of_reactor	R_stirred reactor
ID:463	has_author	Author 46
ID:463	of_year	Y_1991
ID:463	of_target	T_C6H6
ID:463	has_similarity	S_0.3
ID:463	has_uncertainty	U_0.8
ID:464	of_type	TY_laminar burning velocity measurement
ID:464	of_reactor	R_flame
ID:464	has_author	Author 69
ID:464	of_year	Y_1955
ID:464	of_target	T_C5H6
ID:464	has_similarity	S_0.2
ID:464	has_uncertainty	U_0.5
ID:465	of_type	TY_jet stirred reactor measurement
ID:465	of_reactor	R_flow reactor
ID:465	has_author	Author 40
ID:465	of_year	Y_1960
ID:465	of_target	T_H2S
ID:465	has_similarity	S_0.5
ID:465	has_uncertainty	U_0.0
ID:466	of_type	TY_concentration time profile measurement
ID:466	of_reactor	R_stirred reactor
ID:466	has_author	Author 13
ID:466	of_year	Y_1956
ID:466	of_target	T_IDT
ID:466	has_similarity	S_0.0
ID:466	has_uncertainty	U_0.5
ID:467	of_type	TY_burner stabilized flame speciation measurement
ID:467	of_reactor	R_flame
ID:467	has_author	Author 60
ID:467	of_year	Y_1983
ID:467	of_target	T_C6H6
ID:467	has_similarity	S_0.6
ID:467	has_uncertainty	U_0.8
ID:468	of_type	TY_outlet concentration measurement
ID:468	of_reactor	R_flow reactor
ID:468	has_author	Author 11
ID:468	of_year	Y_1979
ID:468	of_target	T_H20
ID:468	has_similarity	S_0.4
ID:468	has_uncertainty	U_0.9
ID:469	of_type	TY_burner stabilized flame speciation measurement
ID:469	of_reactor	R_flame
ID:469	has_author	Author 9
ID:469	of_year	Y_1970
ID:469	of_target	T_CH3
ID:469	has_similarity	S_0.9
ID:469	has_uncertainty	U_0.6
ID:470	of_type	TY_outlet concentration measurement
ID:470	of_reactor	R_flow reactor
ID:470	has_author	Author 67
ID:470	of_year	Y_1970
ID:470	of_target	T_NH3
ID:470	has_similarity	S_0.7
ID:470	has_uncertainty	U_0.2
ID:471	of_type	TY_outlet concentration measurement
ID:471	of_reactor	R_shock tube
ID:471	has_author	Author 12
ID:471	of_year	Y_1981
ID:471	of_target	T_H20
ID:471	has_similarity	S_0.9
ID:471	has_uncertainty	U_1.0
ID:472	of_type	TY_laminar burning velocity measurement
ID:472	of_reactor	R_flame
ID:472	has_author	Author 64
ID:472	of_year	Y_2019
ID:472	of_target	T_CH3
ID:472	has_similarity	S_1.0
ID:472	has_uncertainty	U_0.7
ID:473	of_type	TY_jet stirred reactor measurement
ID:473	of_reactor	R_shock tube
ID:473	has_author	Author 84
ID:473	of_year	Y_1973
ID:473	of_target	T_H20
ID:473	has_similarity	S_0.3
ID:473	has_uncertainty	U_0.1
ID:474	of_type	TY_outlet concentration measurement
ID:474	of_reactor	R_shock tube
ID:474	has_author	Author 47
ID:474	of_year	Y_2026
ID:474	of_target	T_H2S
ID:474	has_similarity	S_0.5
ID:474	has_uncertainty	U_0.2
ID:475	of_type	TY_jet stirred reactor measurement
ID:475	of_reactor	R_stirred reactor
ID:475	has_author	Author 62
ID:475	of_year	Y_2019
ID:475	of_target	T_CO2
ID:475	has_similarity	S_0.6
ID:475	has_uncertainty	U_0.4
ID:476	of_type	TY_laminar burning velocity measurement
ID:476	of_reactor	R_flame
ID:476	has_author	Author 96
ID:476	of_year	Y_1967
ID:476	of_target	T_CH4
ID:476	has_similarity	S_0.2
ID:476	has_uncertainty	U_0.5
ID:477	of_type	TY_ignition delay measurement
ID:477	of_reactor	R_shock tube
ID:477	has_author	Author 73
ID:477	of_year	Y_1988
ID:477	of_target	T_H2S
ID:477	has_similarity	S_0.0
ID:477	has_uncertainty	U_0.6
ID:478	of_type	TY_concentration time profile measurement
ID:478	of_reactor	R_stirred reactor
ID:478	has_author	Author 98
ID:478	of_year	Y_1990
ID:478	of_target	T_C6H6
ID:478	has_similarity	S_0.7
ID:478	has_uncertainty	U_0.7
ID:479	of_type	TY_ignition delay measurement
ID:479	of_reactor	R_rapid compression machine
ID:479	has_author	Author 7
ID:479	of_year	Y_1956
ID:479	of_target	T_CO2
ID:479	has_similarity	S_1.0
ID:479	has_uncertainty	U_0.8
ID:480	of_type	TY_jet stirred reactor measurement
ID:480	of_reactor	R_stirred reactor
ID:480	has_author	Author 72
ID:480	of_year	Y_2018
ID:480	of_target	T_H2S
ID:480	has_similarity	S_0.9
ID:480	has_uncertainty	U_0.1
ID:481	of_type	TY_outlet concentration measurement
ID:481	of_reactor	R_shock tube
ID:481	has_author	Author 82
ID:481	of_year	Y_2027
ID:481	of_target	T_C0
ID:481	has_similarity	S_0.7
ID:481	has_uncertainty	U_0.9
ID:482	of_type	TY_jet stirred reactor measurement
ID:482	of_reactor	R_flow reactor
ID:482	has_author	Author 60
ID:482	of_year	Y_1983
ID:482	of_target	T_CH4
ID:482	has_similarity	S_0.6
ID:482	has_uncertainty	U_0.3
ID:483	of_type	TY_laminar burning velocity measurement
ID:483	of_reactor	R_flame
ID:483	has_author	Author 43
ID:483	of_year	Y_2030
ID:483	of_target	T_CO2
ID:483	has_similarity	S_0.3
ID:483	has_uncertainty	U_0.2
ID:484	of_type	TY_outlet concentration measurement
ID:484	of_reactor	R_shock tube
ID:484	has_author	Author 7
ID:484	of_year	Y_1951
ID:484	of_target	T_NH3
ID:484	has_similarity	S_0.8
ID:484	has_uncertainty	U_0.5
ID:485	of_type	TY_laminar burning velocity measurement
ID:485	of_reactor	R_flame
ID:485	has_author	Author 98
ID:485	of_year	Y_1990
ID:485	of_target	T_C7H8
ID:485	has_similarity	S_0.2
ID:485	has_uncertainty	U_0.9
ID:486	of_type	TY_jet stirred reactor measurement
ID:486	of_reactor	R_flow reactor
ID:486	has_author	Author 61
ID:486	of_year	Y_1998
ID:486	of_target	T_H2
ID:486	has_similarity	S_0.5
ID:486	has_uncertainty	U_0.9
ID:487	of_type	TY_outlet concentration measurement
ID:487	of_reactor	R_stirred reactor
ID:487	has_author	Author 47
ID:487	of_year	Y_2030
ID:487	of_target	T_CH4
ID:487	has_similarity	S_0.0
ID:487	has_uncertainty	U_0.5
ID:488	of_type	TY_burner stabilized flame speciation measurement
ID:488	of_reactor	R_flame
ID:488	has_author	Author 39
ID:488	of_year	Y_1970
ID:488	of_target	T_CO2
ID:488	has_similarity	S_0.9
ID:488	has_uncertainty	U_0.7
ID:489	of_type	TY_burner stabilized flame speciation measurement
ID:489	of_reactor	R_flame
ID:489	has_author	Author 28
ID:489	of_year	Y_2029
ID:489	of_target	T_CH4
ID:489	has_similarity	S_0.5
ID:489	has_uncertainty	U_0.4
ID:490	of_type	TY_outlet concentration measurement
ID:490	of_reactor	R_stirred reactor
ID:490	has_author	Author 99
ID:490	of_year	Y_2012
ID:490	of_target	T_IDT
ID:490	has_similarity	S_0.8
ID:490	has_uncertainty	U_0.6
ID:491	of_type	TY_jet stirred reactor measurement
ID:491	of_reactor	R_flow reactor
ID:491	has_author	Author 3
ID:491	of_year	Y_2005
ID:491	of_target	T_NH3
ID:491	has_similarity	S_0.8
ID:491	has_uncertainty	U_0.4
ID:492	of_type	TY_ignition delay measurement
ID:492	of_reactor	R_rapid compression machine
ID:492	has_author	Author 18
ID:492	of_year	Y_1950
ID:492	of_target	T_C6H6
ID:492	has_similarity	S_0.4
ID:492	has_uncertainty	U_0.7
ID:493	of_type	TY_burner stabilized flame speciation measurement
ID:493	of_reactor	R_flame
ID:493	has_author	Author 93
ID:493	of_year	Y_1983
ID:493	of_target	T_C0
ID:493	has_similarity	S_0.8
ID:493	has_uncertainty	U_0.2
ID:494	of_type	TY_jet stirred reactor measurement
ID:494	of_reactor	R_shock tube
ID:494	has_author	Author 50
ID:494	of_year	Y_2026
ID:494	of_target	T_H2
ID:494	has_similarity	S_0.5
ID:494	has_uncertainty	U_0.3
ID:495	of_type	TY_concentration time profile measurement
ID:495	of_reactor	R_stirred reactor
ID:495	has_author	Author 5
ID:495	of_year	Y_1964
ID:495	of_target	T_C0
ID:495	has_similarity	S_0.6
ID:495	has_uncertainty	U_0.8
ID:496	of_type	TY_laminar burning velocity measurement
ID:496	of_reactor	R_flame
ID:496	has_author	Author 92
ID:496	of_year	Y_1990
ID:496	of_target	T_C7H8
ID:496	has_similarity	S_0.3
ID:496	has_uncertainty	U_0.2
ID:497	of_type	TY_jet stirred reactor measurement
ID:497	of_reactor	R_shock tube
ID:497	has_author	Author 89
ID:497	of_year	Y_2010
ID:497	of_target	T_H2
ID:497	has_similarity	S_0.5
ID:497	has_uncertainty	U_0.3
ID:498	of_type	TY_concentration time profile measurement
ID:498	of_reactor	R_flow reactor
ID:498	has_author	Author 74
ID:498	of_year	Y_1951
ID:498	of_target	T_C5H6
ID:498	has_similarity	S_0.4
ID:498	has_uncertainty	U_0.3
ID:499	of_type	TY_laminar burning velocity measurement
ID:499	of_reactor	R_flame
ID:499	has_author	Author 46
ID:499	of_year	Y_1990
ID:499	of_target	T_C7H8
ID:499	has_similarity	S_0.6
ID:499	has_uncertainty	U_0.7
ID:500	of_type	TY_jet stirred reactor measurement
ID:500	of_reactor	R_stirred reactor
ID:500	has_author	Author 51
ID:500	of_year	Y_2026
ID:500	of_target	T_H2S
ID:500	has_similarity	S_0.0
ID:500	has_uncertainty	U_0.6
ID:501	of_type	TY_outlet concentration measurement
ID:501	of_reactor	R_shock tube
ID:501	has_author	Author 79
ID:501	of_year	Y_1979
ID:501	of_target	T_CH3
ID:501	has_similarity	S_0.7
ID:501	has_uncertainty	U_0.1
ID:502	of_type	TY_outlet concentration measurement
ID:502	of_reactor	R_shock tube
ID:502	has_author	Author 43
ID:502	of_year	Y_2025
ID:502	of_target	T_C0
ID:502	has_similarity	S_0.7
ID:502	has_uncertainty	U_0.6
ID:503	of_type	TY_jet stirred reactor measurement
ID:503	of_reactor	R_flow reactor
ID:503	has_author	Author 3
ID:503	of_year	Y_2003
ID:503	of_target	T_C0
ID:503	has_similarity	S_0.6
ID:503	has_uncertainty	U_0.3
ID:504	of_type	TY_ignition delay measurement
ID:504	of_reactor	R_shock tube
ID:504	has_author	Author 87
ID:504	of_year	Y_2008
ID:504	of_target	T_NH3
ID:504	has_similarity	S_0.2
ID:504	has_uncertainty	U_0.2
ID:505	of_type	TY_laminar burning velocity measurement
ID:505	of_reactor	R_flame
ID:505	has_author	Author 55
ID:505	of_year	Y_1965
ID:505	of_target	T_H2
ID:505	has_similarity	S_0.6
ID:505	has_uncertainty	U_0.7
ID:506	of_type	TY_burner stabilized flame speciation measurement
ID:506	of_reactor	R_flame
ID:506	has_author	Author 90
ID:506	of_year	Y_2015
ID:506	of_target	T_C5H6
ID:506	has_similarity	S_0.6
ID:506	has_uncertainty	U_0.6
ID:507	of_type	TY_burner stabilized flame speciation measurement
ID:507	of_reactor	R_flame
ID:507	has_author	Author 67
ID:507	of_year	Y_1967
ID:507	of_target	T_CH3
ID:507	has_similarity	S_1.0
ID:507	has_uncertainty	U_0.9
ID:508	of_type	TY_laminar burning velocity measurement
ID:508	of_reactor	R_flame
ID:508	has_author	Author 18
ID:508	of_year	Y_1951
ID:508	of_target	T_C7H8
ID:508	has_similarity	S_0.3
ID:508	has_uncertainty	U_0.6
ID:509	of_type	TY_concentration time profile measurement
ID:509	of_reactor	R_stirred reactor
ID:509	has_author	Author 60
ID:509	of_year	Y_1980
ID:509	of_target	T_CH4
ID:509	has_similarity	S_0.6
ID:509	has_uncertainty	U_0.8
ID:510	of_type	TY_concentration time profile measurement
ID:510	of_reactor	R_stirred reactor
ID:510	has_author	Author 76
ID:510	of_year	Y_2025
ID:510	of_target	T_H2S
ID:510	has_similarity	S_0.4
ID:510	has_uncertainty	U_0.0
ID:511	of_type	TY_outlet concentration measurement
ID:511	of_reactor	R_shock tube
ID:511	has_author	Author 11
ID:511	of_year	Y_1975
ID:511	of_target	T_C6H6
ID:511	has_similarity	S_0.8
ID:511	has_uncertainty	U_0.8
ID:512	of_type	TY_concentration time profile measurement
ID:512	of_reactor	R_shock tube
ID:512	has_author	Author 2
ID:512	of_year	Y_2005
ID:512	of_target	T_C5H6
ID:512	has_similarity	S_0.0
ID:512	has_uncertainty	U_0.4
ID:513	of_type	TY_ignition delay measurement
ID:513	of_reactor	R_rapid compression machine
ID:513	has_author	Author 19
ID:513	of_year	Y_2005
ID:513	of_target	T_H20
ID:513	has_similarity	S_0.9
ID:513	has_uncertainty	U_0.0
ID:514	of_type	TY_outlet concentration measurement
ID:514	of_reactor	R_stirred reactor
ID:514	has_author	Author 55
ID:514	of_year	Y_1967
ID:514	of_target	T_C5H6
ID:514	has_similarity	S_0.6
ID:514	has_uncertainty	U_0.2
ID:515	of_type	TY_outlet concentration measurement
ID:515	of_reactor	R_flow reactor
ID:515	has_author	Author 18
ID:515	of_year	Y_1953
ID:515	of_target	T_C5H6
ID:515	has_similarity	S_0.5
ID:515	has_uncertainty	U_0.0
ID:516	of_type	TY_ignition delay measurement
ID:516	of_reactor	R_shock tube
ID:516	has_author	Author 4
ID:516	of_year	Y_1957
ID:516	of_target	T_CO2
ID:516	has_similarity	S_0.5
ID:516	has_uncertainty	U_0.5
ID:517	of_type	TY_burner stabilized flame speciation measurement
ID:517	of_reactor	R_flame
ID:517	has_author	Author 98
ID:517	of_year	Y_1989
ID:517	of_target	T_C0
ID:517	has_similarity	S_0.7
ID:517	has_uncertainty	U_0.3
ID:518	of_type	TY_laminar burning velocity measurement
ID:518	of_reactor	R_flame
ID:518	has_author	Author 48
ID:518	of_year	Y_1980
ID:518	of_target	T_CO2
ID:518	has_similarity	S_0.1
ID:518	has_uncertainty	U_0.9
ID:519	of_type	TY_laminar burning velocity measurement
ID:519	of_reactor	R_flame
ID:519	has_author	Author 6
ID:519	of_year	Y_2001
ID:519	of_target	T_C5H6
ID:519	has_similarity	S_0.2
ID:519	has_uncertainty	U_0.7
ID:520	of_type	TY_burner stabilized flame speciation measurement
ID:520	of_reactor	R_flame
ID:520	has_author	Author 45
ID:520	of_year	Y_2001
ID:520	of_target	T_C7H8
ID:520	has_similarity	S_1.0
ID:520	has_uncertainty	U_0.3
ID:521	of_type	TY_outlet concentration measurement
ID:521	of_reactor	R_stirred reactor
ID:521	has_author	Author 8
ID:521	of_year	Y_2028
ID:521	of_target	T_H2
ID:521	has_similarity	S_0.8
ID:521	has_uncertainty	U_0.4
ID:522	of_type	TY_jet stirred reactor measurement
ID:522	of_reactor	R_flow reactor
ID:522	has_author	Author 40
ID:522	of_year	Y_1952
ID:522	of_target	T_C5H6
ID:522	has_similarity	S_0.5
ID:522	has_uncertainty	U_0.5
ID:523	of_type	TY_jet stirred reactor measurement
ID:523	of_reactor	R_flow reactor
ID:523	has_author	Author 92
ID:523	of_year	Y_1998
ID:523	of_target	T_C6H6
ID:523	has_similarity	S_0.2
ID:523	has_uncertainty	U_0.9
ID:524	of_type	TY_jet stirred reactor measurement
ID:524	of_reactor	R_shock tube
ID:524	has_author	Author 85
ID:524	of_year	Y_2012
ID:524	of_target	T_IDT
ID:524	has_similarity	S_0.5
ID:524	has_uncertainty	U_0.8
ID:525	of_type	TY_burner stabilized flame speciation measurement
ID:525	of_reactor	R_flame
ID:525	has_author	Author 66
ID:525	of_year	Y_1966
ID:525	of_target	T_H2
ID:525	has_similarity	S_0.8
ID:525	has_uncertainty	U_0.4
ID:526	of_type	TY_concentration time profile measurement
ID:526	of_reactor	R_flow reactor
ID:526	has_author	Author 90
ID:526	of_year	Y_2012
ID:526	of_target	T_C6H6
ID:526	has_similarity	S_0.3
ID:526	has_uncertainty	U_0.0
ID:527	of_type	TY_ignition delay measurement
ID:527	of_reactor	R_shock tube
ID:527	has_author	Author 83
ID:527	of_year	Y_1962
ID:527	of_target	T_CO2
ID:527	has_similarity	S_0.1
ID:527	has_uncertainty	U_0.8
ID:528	of_type	TY_burner stabilized flame speciation measurement
ID:528	of_reactor	R_flame
ID:528	has_author	Author 46
ID:528	of_year	Y_1999
ID:528	of_target	T_C5H6
ID:528	has_similarity	S_0.0
ID:528	has_uncertainty	U_0.9
ID:529	of_type	TY_jet stirred reactor measurement
ID:529	of_reactor	R_stirred reactor
ID:529	has_author	Author 11
ID:529	of_year	Y_1973
ID:529	of_target	T_C0
ID:529	has_similarity	S_0.1
ID:529	has_uncertainty	U_0.5
ID:530	of_type	TY_jet stirred reactor measurement
ID:530	of_reactor	R_flow reactor
ID:530	has_author	Author 30
ID:530	of_year	Y_1990
ID:530	of_target	T_NH3
ID:530	has_similarity	S_0.1
ID:530	has_uncertainty	U_1.0
ID:531	of_type	TY_outlet concentration measurement
ID:531	of_reactor	R_shock tube
ID:531	has_author	Author 61
ID:531	of_year	Y_2000
ID:531	of_target	T_C0
ID:531	has_similarity	S_0.8
ID:531	has_uncertainty	U_0.6
ID:532	of_type	TY_outlet concentration measurement
ID:532	of_reactor	R_flow reactor
ID:532	has_author	Author 35
ID:532	of_year	Y_1975
ID:532	of_target	T_H2S
ID:532	has_similarity	S_0.4
ID:532	has_uncertainty	U_0.3
ID:533	of_type	TY_laminar burning velocity measurement
ID:533	of_reactor	R_flame
ID:533	has_author	Author 83
ID:533	of_year	Y_1969
ID:533	of_target	T_H20
ID:533	has_similarity	S_0.6
ID:533	has_uncertainty	U_0.0
ID:534	of_type	TY_jet stirred reactor measurement
ID:534	of_reactor	R_stirred reactor
ID:534	has_author	Author 13
ID:534	of_year	Y_1957
ID:534	of_target	T_H2S
ID:534	has_similarity	S_0.4
ID:534	has_uncertainty	U_0.8
ID:535	of_type	TY_concentration time profile measurement
ID:535	of_reactor	R_flow reactor
ID:535	has_author	Author 13
ID:535	of_year	Y_1958
ID:535	of_target	T_CH4
ID:535	has_similarity	S_0.9
ID:535	has_uncertainty	U_0.2
ID:536	of_type	TY_ignition delay measurement
ID:536	of_reactor	R_rapid compression machine
ID:536	has_author	Author 42
ID:536	of_year	Y_2026
ID:536	of_target	T_CH4
ID:536	has_similarity	S_0.6
ID:536	has_uncertainty	U_0.8
ID:537	of_type	TY_jet stirred reactor measurement
ID:537	of_reactor	R_flow reactor
ID:537	has_author	Author 88
ID:537	of_year	Y_1960
ID:537	of_target	T_H2
ID:537	has_similarity	S_0.1
ID:537	has_uncertainty	U_0.4
ID:538	of_type	TY_jet stirred reactor measurement
ID:538	of_reactor	R_flow reactor
ID:538	has_author	Author 58
ID:538	of_year	Y_1984
ID:538	of_target	T_C0
ID:538	has_similarity	S_0.1
ID:538	has_uncertainty	U_0.3
ID:539	of_type	TY_burner stabilized flame speciation measurement
ID:539	of_reactor	R_flame
ID:539	has_author	Author 88
ID:539	of_year	Y_1961
ID:539	of_target	T_CO2
ID:539	has_similarity	S_1.0
ID:539	has_uncertainty	U_1.0
ID:540	of_type	TY_outlet concentration measurement
ID:540	of_reactor	R_stirred reactor
ID:540	has_author	Author 89
ID:540	of_year	Y_2011
ID:540	of_target	T_NH3
ID:540	has_similarity	S_0.2
ID:540	has_uncertainty	U_0.3
ID:541	of_type	TY_laminar burning velocity measurement
ID:541	of_reactor	R_flame
ID:541	has_author	Author 25
ID:541	of_year	Y_1970
ID:541	of_target	T_CH4
ID:541	has_similarity	S_0.2
ID:541	has_uncertainty	U_0.1
ID:542	of_type	TY_burner stabilized flame speciation measurement
ID:542	of_reactor	R_flame
ID:542	has_author	Author 98
ID:542	of_year	Y_1980
ID:542	of_target	T_H2
ID:542	has_similarity	S_0.6
ID:542	has_uncertainty	U_0.8
ID:543	of_type	TY_laminar burning velocity measurement
ID:543	of_reactor	R_flame
ID:543	has_author	Author 18
ID:543	of_year	Y_1955
ID:543	of_target	T_CH3
ID:543	has_similarity	S_0.6
ID:543	has_uncertainty	U_0.8
ID:544	of_type	TY_ignition delay measurement
ID:544	of_reactor	R_rapid compression machine
ID:544	has_author	Author 27
ID:544	of_year	Y_1996
ID:544	of_target	T_C6H6
ID:544	has_similarity	S_0.6
ID:544	has_uncertainty	U_0.9
ID:545	of_type	TY_outlet concentration measurement
ID:545	of_reactor	R_shock tube
ID:545	has_author	Author 9
ID:545	of_year	Y_1970
ID:545	of_target	T_H20
ID:545	has_similarity	S_0.3
ID:545	has_uncertainty	U_0.4
ID:546	of_type	TY_ignition delay measurement
ID:546	of_reactor	R_shock tube
ID:546	has_author	Author 16
ID:546	of_year	Y_1973
ID:546	of_target	T_CH4
ID:546	has_similarity	S_0.1
ID:546	has_uncertainty	U_0.7
ID:547	of_type	TY_burner stabilized flame speciation measurement
ID:547	of_reactor	R_flame
ID:547	has_author	Author 25
ID:547	of_year	Y_1980
ID:547	of_target	T_NH3
ID:547	has_similarity	S_0.8
ID:547	has_uncertainty	U_0.2
ID:548	of_type	TY_jet stirred reactor measurement
ID:548	of_reactor	R_shock tube
ID:548	has_author	Author 86
ID:548	of_year	Y_2014
ID:548	of_target	T_C0
ID:548	has_similarity	S_0.2
ID:548	has_uncertainty	U_0.4
ID:549	of_type	TY_ignition delay measurement
ID:549	of_reactor	R_rapid compression machine
ID:549	has_author	Author 59
ID:549	of_year	Y_2000
ID:549	of_target	T_CH4
ID:549	has_similarity	S_0.7
ID:549	has_uncertainty	U_0.4
ID:550	of_type	TY_outlet concentration measurement
ID:550	of_reactor	R_flow reactor
ID:550	has_author	Author 58
ID:550	of_year	Y_1980
ID:550	of_target	T_NH3
ID:550	has_similarity	S_0.3
ID:550	has_uncertainty	U_0.1
ID:551	of_type	TY_concentration time profile measurement
ID:551	of_reactor	R_shock tube
ID:551	has_author	Author 61
ID:551	of_year	Y_1993
ID:551	of_target	T_H2S
ID:551	has_similarity	S_0.8
ID:551	has_uncertainty	U_0.8
ID:552	of_type	TY_laminar burning velocity measurement
ID:552	of_reactor	R_flame
ID:552	has_author	Author 18
ID:552	of_year	Y_1951
ID:552	of_target	T_C0
ID:552	has_similarity	S_0.8
ID:552	has_uncertainty	U_0.5
ID:553	of_type	TY_ignition delay measurement
ID:553	of_reactor	R_shock tube
ID:553	has_author	Author 7
ID:553	of_year	Y_1953
ID:553	of_target	T_CO2
ID:553	has_similarity	S_0.7
ID:553	has_uncertainty	U_0.4
ID:554	of_type	TY_laminar burning velocity measurement
ID:554	of_reactor	R_flame
ID:554	has_author	Author 81
ID:554	of_year	Y_1987
ID:554	of_target	T_C0
ID:554	has_similarity	S_0.1
ID:554	has_uncertainty	U_0.2
ID:555	of_type	TY_concentration time profile measurement
ID:555	of_reactor	R_flow reactor
ID:555	has_author	Author 31
ID:555	of_year	Y_2023
ID:555	of_target	T_H2S
ID:555	has_similarity	S_0.7
ID:555	has_uncertainty	U_0.3
ID:556	of_type	TY_concentration time profile measurement
ID:556	of_reactor	R_stirred reactor
ID:556	has_author	Author 72
ID:556	of_year	Y_2016
ID:556	of_target	T_C7H8
ID:556	has_similarity	S_0.4
ID:556	has_uncertainty	U_0.1
ID:557	of_type	TY_jet stirred reactor measurement
ID:557	of_reactor	R_shock tube
ID:557	has_author	Author 17
ID:557	of_year	Y_1968
ID:557	of_target	T_C5H6
ID:557	has_similarity	S_0.5
ID:557	has_uncertainty	U_0.0
ID:558	of_type	TY_laminar burning velocity measurement
ID:558	of_reactor	R_flame
ID:558	has_author	Author 54
ID:558	of_year	Y_1985
ID:558	of_target	T_CH4
ID:558	has_similarity	S_1.0
ID:558	has_uncertainty	U_0.8
ID:559	of_type	TY_jet stirred reactor measurement
ID:559	of_reactor	R_flow reactor
ID:559	has_author	Author 60
ID:559	of_year	Y_1981
ID:559	of_target	T_C7H8
ID:559	has_similarity	S_0.6
ID:559	has_uncertainty	U_0.1
ID:560	of_type	TY_burner stabilized flame speciation measurement
ID:560	of_reactor	R_flame
ID:560	has_author	Author 68
ID:560	of_year	Y_1994
ID:560	of_target	T_CO2
ID:560	has_similarity	S_0.9
ID:560	has_uncertainty	U_0.8
ID:561	of_type	TY_outlet concentration measurement
ID:561	of_reactor	R_stirred reactor
ID:561	has_author	Author 66
ID:561	of_year	Y_1965
ID:561	of_target	T_C7H8
ID:561	has_similarity	S_0.1
ID:561	has_uncertainty	U_0.6
ID:562	of_type	TY_burner stabilized flame speciation measurement
ID:562	of_reactor	R_flame
ID:562	has_author	Author 77
ID:562	of_year	Y_1958
ID:562	of_target	T_C7H8
ID:562	has_similarity	S_0.5
ID:562	has_uncertainty	U_0.0
ID:563	of_type	TY_ignition delay measurement
ID:563	of_reactor	R_shock tube
ID:563	has_author	Author 10
ID:563	of_year	Y_1987
ID:563	of_target	T_IDT
ID:563	has_similarity	S_0.5
ID:563	has_uncertainty	U_0.8
ID:564	of_type	TY_burner stabilized flame speciation measurement
ID:564	of_reactor	R_flame
ID:564	has_author	Author 17
ID:564	of_year	Y_1967
ID:564	of_target	T_C0
ID:564	has_similarity	S_0.3
ID:564	has_uncertainty	U_0.1
ID:565	of_type	TY_ignition delay measurement
ID:565	of_reactor	R_shock tube
ID:565	has_author	Author 14
ID:565	of_year	Y_2016
ID:565	of_target	T_C6H6
ID:565	has_similarity	S_0.5
ID:565	has_uncertainty	U_0.9
ID:566	of_type	TY_outlet concentration measurement
ID:566	of_reactor	R_shock tube
ID:566	has_author	Author 56
ID:566	of_year	Y_2028
ID:566	of_target	T_CH4
ID:566	has_similarity	S_0.2
ID:566	has_uncertainty	U_0.5
ID:567	of_type	TY_jet stirred reactor measurement
ID:567	of_reactor	R_flow reactor
ID:567	has_author	Author 95
ID:567	of_year	Y_1986
ID:567	of_target	T_C6H6
ID:567	has_similarity	S_0.3
ID:567	has_uncertainty	U_0.7
ID:568	of_type	TY_concentration time profile measurement
ID:568	of_reactor	R_flow reactor
ID:568	has_author	Author 72
ID:568	of_year	Y_2015
ID:568	of_target	T_CH4
ID:568	has_similarity	S_0.4
ID:568	has_uncertainty	U_0.9
ID:569	of_type	TY_laminar burning velocity measurement
ID:569	of_reactor	R_flame
ID:569	has_author	Author 56
ID:569	of_year	Y_2028
ID:569	of_target	T_H2
ID:569	has_similarity	S_0.5
ID:569	has_uncertainty	U_0.6
ID:570	of_type	TY_laminar burning velocity measurement
ID:570	of_reactor	R_flame
ID:570	has_author	Author 24
ID:570	of_year	Y_1977
ID:570	of_target	T_C5H6
ID:570	has_similarity	S_0.2
ID:570	has_uncertainty	U_0.2
ID:571	of_type	TY_laminar burning velocity measurement
ID:571	of_reactor	R_flame
ID:571	has_author	Author 0
ID:571	of_year	Y_1955
ID:571	of_target	T_C0
ID:571	has_similarity	S_0.9
ID:571	has_uncertainty	U_0.9
ID:572	of_type	TY_outlet concentration measurement
ID:572	of_reactor	R_flow reactor
ID:572	has_author	Author 53
ID:572	of_year	Y_2020
ID:572	of_target	T_H2
ID:572	has_similarity	S_0.3
ID:572	has_uncertainty	U_0.8
ID:573	of_type	TY_burner stabilized flame speciation measurement
ID:573	of_reactor	R_flame
ID:573	has_author	Author 14
ID:573	of_year	Y_2014
ID:573	of_target	T_H2S
ID:573	has_similarity	S_0.4
ID:573	has_uncertainty	U_0.8
ID:574	of_type	TY_ignition delay measurement
ID:574	of_reactor	R_rapid compression machine
ID:574	has_author	Author 33
ID:574	of_year	Y_1954
ID:574	of_target	T_H20
ID:574	has_similarity	S_0.2
ID:574	has_uncertainty	U_0.7
ID:575	of_type	TY_laminar burning velocity measurement
ID:575	of_reactor	R_flame
ID:575	has_author	Author 28
ID:575	of_year	Y_2029
ID:575	of_target	T_IDT
ID:575	has_similarity	S_0.3
ID:575	has_uncertainty	U_0.7
ID:576	of_type	TY_outlet concentration measurement
ID:576	of_reactor	R_stirred reactor
ID:576	has_author	Author 81
ID:576	of_year	Y_1986
ID:576	of_target	T_C7H8
ID:576	has_similarity	S_0.1
ID:576	has_uncertainty	U_0.7
ID:577	of_type	TY_jet stirred reactor measurement
ID:577	of_reactor	R_shock tube
ID:577	has_author	Author 29
ID:577	of_year	Y_1982
ID:577	of_target	T_C0
ID:577	has_similarity	S_0.8
ID:577	has_uncertainty	U_0.3
ID:578	of_type	TY_ignition delay measurement
ID:578	of_reactor	R_rapid compression machine
ID:578	has_author	Author 14
ID:578	of_year	Y_2020
ID:578	of_target	T_C7H8
ID:578	has_similarity	S_0.4
ID:578	has_uncertainty	U_0.2
ID:579	of_type	TY_concentration time profile measurement
ID:579	of_reactor	R_stirred reactor
ID:579	has_author	Author 64
ID:579	of_year	Y_2015
ID:579	of_target	T_C0
ID:579	has_similarity	S_0.0
ID:579	has_uncertainty	U_0.7
ID:580	of_type	TY_burner stabilized flame speciation measurement
ID:580	of_reactor	R_flame
ID:580	has_author	Author 61
ID:580	of_year	Y_1990
ID:580	of_target	T_H20
ID:580	has_similarity	S_0.4
ID:580	has_uncertainty	U_1.0
ID:581	of_type	TY_concentration time profile measurement
ID:581	of_reactor	R_shock tube
ID:581	has_author	Author 59
ID:581	of_year	Y_1994
ID:581	of_target	T_H2S
ID:581	has_similarity	S_0.6
ID:581	has_uncertainty	U_0.1
ID:582	of_type	TY_concentration time profile measurement
ID:582	of_reactor	R_stirred reactor
ID:582	has_author	Author 16
ID:582	of_year	Y_1980
ID:582	of_target	T_C0
ID:582	has_similarity	S_0.1
ID:582	has_uncertainty	U_0.8
ID:583	of_type	TY_jet stirred reactor measurement
ID:583	of_reactor	R_flow reactor
ID:583	has_author	Author 13
ID:583	of_year	Y_1956
ID:583	of_target	T_IDT
ID:583	has_similarity	S_0.9
ID:583	has_uncertainty	U_0.7
ID:584	of_type	TY_jet stirred reactor measurement
ID:584	of_reactor	R_stirred reactor
ID:584	has_author	Author 55
ID:584	of_year	Y_1967
ID:584	of_target	T_H20
ID:584	has_similarity	S_0.3
ID:584	has_uncertainty	U_0.0
ID:585	of_type	TY_laminar burning velocity measurement
ID:585	of_reactor	R_flame
ID:585	has_author	Author 40
ID:585	of_year	Y_1953
ID:585	of_target	T_H2S
ID:585	has_similarity	S_0.7
ID:585	has_uncertainty	U_0.2
ID:586	of_type	TY_burner stabilized flame speciation measurement
ID:586	of_reactor	R_flame
ID:586	has_author	Author 1
ID:586	of_year	Y_1969
ID:586	of_target	T_C7H8
ID:586	has_similarity	S_0.7
ID:586	has_uncertainty	U_0.9
ID:587	of_type	TY_ignition delay measurement
ID:587	of_reactor	R_shock tube
ID:587	has_author	Author 2
ID:587	of_year	Y_2007
ID:587	of_target	T_H20
ID:587	has_similarity	S_0.2
ID:587	has_uncertainty	U_0.3
ID:588	of_type	TY_laminar burning velocity measurement
ID:588	of_reactor	R_flame
ID:588	has_author	Author 61
ID:588	of_year	Y_1991
ID:588	of_target	T_C7H8
ID:588	has_similarity	S_0.8
ID:588	has_uncertainty	U_0.2
ID:589	of_type	TY_jet stirred reactor measurement
ID:589	of_reactor	R_flow reactor
ID:589	has_author	Author 78
ID:589	of_year	Y_1998
ID:589	of_target	T_C0
ID:589	has_similarity	S_0.4
ID:589	has_uncertainty	U_0.7
ID:590	of_type	TY_jet stirred reactor measurement
ID:590	of_reactor	R_shock tube
ID:590	has_author	Author 48
ID:590	of_year	Y_1976
ID:590	of_target	T_NH3
ID:590	has_similarity	S_0.4
ID:590	has_uncertainty	U_0.1
ID:591	of_type	TY_jet stirred reactor measurement
ID:591	of_reactor	R_flow reactor
ID:591	has_author	Author 54
ID:591	of_year	Y_1990
ID:591	of_target	T_CH4
ID:591	has_similarity	S_0.8
ID:591	has_uncertainty	U_1.0
ID:592	of_type	TY_outlet concentration measurement
ID:592	of_reactor	R_flow reactor
ID:592	has_author	Author 3
ID:592	of_year	Y_2008
ID:592	of_target	T_CH3
ID:592	has_similarity	S_0.9
ID:592	has_uncertainty	U_0.9
ID:593	of_type	TY_laminar burning velocity measurement
ID:593	of_reactor	R_flame
ID:593	has_author	Author 49
ID:593	of_year	Y_1952
ID:593	of_target	T_C5H6
ID:593	has_similarity	S_0.0
ID:593	has_uncertainty	U_0.6
ID:594	of_type	TY_outlet concentration measurement
ID:594	of_reactor	R_shock tube
ID:594	has_author	Author 74
ID:594	of_year	Y_1950
ID:594	of_target	T_H2
ID:594	has_similarity	S_0.6
ID:594	has_uncertainty	U_0.8
ID:595	of_type	TY_laminar burning velocity measurement
ID:595	of_reactor	R_flame
ID:595	has_author	Author 86
ID:595	of_year	Y_2018
ID:595	of_target	T_H20
ID:595	has_similarity	S_0.8
ID:595	has_uncertainty	U_0.9
ID:596	of_type	TY_concentration time profile measurement
ID:596	of_reactor	R_shock tube
ID:596	has_author	Author 29
ID:596	of_year	Y_1987
ID:596	of_target	T_NH3
ID:596	has_similarity	S_1.0
ID:596	has_uncertainty	U_0.5
ID:597	of_type	TY_ignition delay measurement
ID:597	of_reactor	R_shock tube
ID:597	has_author	Author 84
ID:597	of_year	Y_1971
ID:597	of_target	T_CO2
ID:597	has_similarity	S_0.9
ID:597	has_uncertainty	U_0.7
ID:598	of_type	TY_laminar burning velocity measurement
ID:598	of_reactor	R_flame
ID:598	has_author	Author 42
ID:598	of_year	Y_2028
ID:598	of_target	T_H20
ID:598	has_similarity	S_0.2
ID:598	has_uncertainty	U_0.1
ID:599	of_type	TY_ignition delay measurement
ID:599	of_reactor	R_rapid compression machine
ID:599	has_author	Author 55
ID:599	of_year	Y_1961
ID:599	of_target	T_CO2
ID:599	has_similarity	S_0.5
ID:599	has_uncertainty	U_0.9
ID:600	of_type	TY_laminar burning velocity measurement
ID:600	of_reactor	R_flame
ID:600	has_author	Author 66
ID:600	of_year	Y_1963
ID:600	of_target	T_C5H6
ID:600	has_similarity	S_0.1
ID:600	has_uncertainty	U_0.7
ID:601	of_type	TY_concentration time profile measurement
ID:601	of_reactor	R_shock tube
ID:601	has_author	Author 10
ID:601	of_year	Y_1990
ID:601	of_target	T_CH4
ID:601	has_similarity	S_1.0
ID:601	has_uncertainty	U_0.6
ID:602	of_type	TY_ignition delay measurement
ID:602	of_reactor	R_rapid compression machine
ID:602	has_author	Author 72
ID:602	of_year	Y_2012
ID:602	of_target	T_NH3
ID:602	has_similarity	S_0.7
ID:602	has_uncertainty	U_0.3
ID:603	of_type	TY_ignition delay measurement
ID:603	of_reactor	R_shock tube
ID:603	has_author	Author 93
ID:603	of_year	Y_1985
ID:603	of_target	T_C0
ID:603	has_similarity	S_0.2
ID:603	has_uncertainty	U_0.1
ID:604	of_type	TY_outlet concentration measurement
ID:604	of_reactor	R_flow reactor
ID:604	has_author	Author 14
ID:604	of_year	Y_2013
ID:604	of_target	T_CH3
ID:604	has_similarity	S_0.3
ID:604	has_uncertainty	U_0.6
ID:605	of_type	TY_jet stirred reactor measurement
ID:605	of_reactor	R_flow reactor
ID:605	has_author	Author 56
ID:605	of_year	Y_2024
ID:605	of_target	T_IDT
ID:605	has_similarity	S_0.3
ID:605	has_uncertainty	U_0.6
ID:606	of_type	TY_outlet concentration measurement
ID:606	of_reactor	R_flow reactor
ID:606	has_author	Author 7
ID:606	of_year	Y_1958
ID:606	of_target	T_C7H8
ID:606	has_similarity	S_1.0
ID:606	has_uncertainty	U_0.5
ID:607	of_type	TY_ignition delay measurement
ID:607	of_reactor	R_shock tube
ID:607	has_author	Author 31
ID:607	of_year	Y_2024
ID:607	of_target	T_H2S
ID:607	has_similarity	S_0.9
ID:607	has_uncertainty	U_0.3
ID:608	of_type	TY_outlet concentration measurement
ID:608	of_reactor	R_flow reactor
ID:608	has_author	Author 58
ID:608	of_year	Y_1982
ID:608	of_target	T_NH3
ID:608	has_similarity	S_0.2
ID:608	has_uncertainty	U_0.1
ID:609	of_type	TY_concentration time profile measurement
ID:609	of_reactor	R_flow reactor
ID:609	has_author	Author 2
ID:609	of_year	Y_2007
ID:609	of_target	T_C5H6
ID:609	has_similarity	S_0.5
ID:609	has_uncertainty	U_0.9
ID:610	of_type	TY_ignition delay measurement
ID:610	of_reactor	R_rapid compression machine
ID:610	has_author	Author 45
ID:610	of_year	Y_2009
ID:610	of_target	T_H20
ID:610	has_similarity	S_0.1
ID:610	has_uncertainty	U_0.6
ID:611	of_type	TY_outlet concentration measurement
ID:611	of_reactor	R_shock tube
ID:611	has_author	Author 19
ID:611	of_year	Y_2004
ID:611	of_target	T_CH3
ID:611	has_similarity	S_0.0
ID:611	has_uncertainty	U_0.8
ID:612	of_type	TY_laminar burning velocity measurement
ID:612	of_reactor	R_flame
ID:612	has_author	Author 20
ID:612	of_year	Y_1973
ID:612	of_target	T_C7H8
ID:612	has_similarity	S_1.0
ID:612	has_uncertainty	U_0.8
ID:613	of_type	TY_jet stirred reactor measurement
ID:613	of_reactor	R_stirred reactor
ID:613	has_author	Author 91
ID:613	of_year	Y_1970
ID:613	of_target	T_CO2
ID:613	has_similarity	S_0.5
ID:613	has_uncertainty	U_0.7
ID:614	of_type	TY_burner stabilized flame speciation measurement
ID:614	of_reactor	R_flame
ID:614	has_author	Author 41
ID:614	of_year	Y_2005
ID:614	of_target	T_C7H8
ID:614	has_similarity	S_0.6
ID:614	has_uncertainty	U_0.6
ID:615	of_type	TY_jet stirred reactor measurement
ID:615	of_reactor	R_shock tube
ID:615	has_author	Author 49
ID:615	of_year	Y_1957
ID:615	of_target	T_IDT
ID:615	has_similarity	S_0.2
ID:615	has_uncertainty	U_0.9
ID:616	of_type	TY_laminar burning velocity measurement
ID:616	of_reactor	R_flame
ID:616	has_author	Author 72
ID:616	of_year	Y_2015
ID:616	of_target	T_H2
ID:616	has_similarity	S_0.9
ID:616	has_uncertainty	U_0.7
ID:617	of_type	TY_laminar burning velocity measurement
ID:617	of_reactor	R_flame
ID:617	has_author	Author 84
ID:617	of_year	Y_1978
ID:617	of_target	T_IDT
ID:617	has_similarity	S_0.4
ID:617	has_uncertainty	U_0.8
ID:618	of_type	TY_burner stabilized flame speciation measurement
ID:618	of_reactor	R_flame
ID:618	has_author	Author 24
ID:618	of_year	Y_1975
ID:618	of_target	T_C7H8
ID:618	has_similarity	S_0.1
ID:618	has_uncertainty	U_0.8
ID:619	of_type	TY_jet stirred reactor measurement
ID:619	of_reactor	R_flow reactor
ID:619	has_author	Author 72
ID:619	of_year	Y_2018
ID:619	of_target	T_NH3
ID:619	has_similarity	S_0.6
ID:619	has_uncertainty	U_0.1
ID:620	of_type	TY_burner stabilized flame speciation measurement
ID:620	of_reactor	R_flame
ID:620	has_author	Author 52
ID:620	of_year	Y_2019
ID:620	of_target	T_C7H8
ID:620	has_similarity	S_0.2
ID:620	has_uncertainty	U_0.0
ID:621	of_type	TY_jet stirred reactor measurement
ID:621	of_reactor	R_shock tube
ID:621	has_author	Author 29
ID:621	of_year	Y_1980
ID:621	of_target	T_C6H6
ID:621	has_similarity	S_0.2
ID:621	has_uncertainty	U_0.7
ID:622	of_type	TY_ignition delay measurement
ID:622	of_reactor	R_rapid compression machine
ID:622	has_author	Author 98
ID:622	of_year	Y_1982
ID:622	of_target	T_H2
ID:622	has_similarity	S_0.6
ID:622	has_uncertainty	U_0.5
ID:623	of_type	TY_concentration time profile measurement
ID:623	of_reactor	R_flow reactor
ID:623	has_author	Author 25
ID:623	of_year	Y_1970
ID:623	of_target	T_C7H8
ID:623	has_similarity	S_0.2
ID:623	has_uncertainty	U_0.8
ID:624	of_type	TY_laminar burning velocity measurement
ID:624	of_reactor	R_flame
ID:624	has_author	Author 48
ID:624	of_year	Y_1978
ID:624	of_target	T_C6H6
ID:624	has_similarity	S_0.2
ID:624	has_uncertainty	U_0.1
ID:625	of_type	TY_burner stabilized flame speciation measurement
ID:625	of_reactor	R_flame
ID:625	has_author	Author 43
ID:625	of_year	Y_2029
ID:625	of_target	T_C5H6
ID:625	has_similarity	S_0.5
ID:625	has_uncertainty	U_1.0
ID:626	of_type	TY_concentration time profile measurement
ID:626	of_reactor	R_flow reactor
ID:626	has_author	Author 52
ID:626	of_year	Y_2012
ID:626	of_target	T_NH3
ID:626	has_similarity	S_0.5
ID:626	has_uncertainty	U_0.7
ID:627	of_type	TY_burner stabilized flame speciation measurement
ID:627	of_reactor	R_flame
ID:627	has_author	Author 73
ID:627	of_year	Y_1986
ID:627	of_target	T_IDT
ID:627	has_similarity	S_0.7
ID:627	has_uncertainty	U_0.0
ID:628	of_type	TY_laminar burning velocity measurement
ID:628	of_reactor	R_flame
ID:628	has_author	Author 64
ID:628	of_year	Y_2014
ID:628	of_target	T_NH3
ID:628	has_similarity	S_0.5
ID:628	has_uncertainty	U_0.6
ID:629	of_type	TY_jet stirred reactor measurement
ID:629	of_reactor	R_shock tube
ID:629	has_author	Author 79
ID:629	of_year	Y_1979
ID:629	of_target	T_H2S
ID:629	has_similarity	S_0.1
ID:629	has_uncertainty	U_0.9
ID:630	of_type	TY_jet stirred reactor measurement
ID:630	of_reactor	R_flow reactor
ID:630	has_author	Author 69
ID:630	of_year	Y_1956
ID:630	of_target	T_H2
ID:630	has_similarity	S_0.4
ID:630	has_uncertainty	U_0.0
ID:631	of_type	TY_ignition delay measurement
ID:631	of_reactor	R_shock tube
ID:631	has_author	Author 61
ID:631	of_year	Y_1997
ID:631	of_target	T_H2S
ID:631	has_similarity	S_0.7
ID:631	has_uncertainty	U_0.9
ID:632	of_type	TY_jet stirred reactor measurement
ID:632	of_reactor	R_shock tube
ID:632	has_author	Author 37
ID:632	of_year	Y_1977
ID:632	of_target	T_C6H6
ID:632	has_similarity	S_0.2
ID:632	has_uncertainty	U_0.6
ID:633	of_type	TY_ignition delay measurement
ID:633	of_reactor	R_shock tube
ID:633	has_author	Author 28
ID:633	of_year	Y_2023
ID:633	of_target	T_C5H6
ID:633	has_similarity	S_0.9
ID:633	has_uncertainty	U_1.0
ID:634	of_type	TY_outlet concentration measurement
ID:634	of_reactor	R_stirred reactor
ID:634	has_author	Author 59
ID:634	of_year	Y_1991
ID:634	of_target	T_C7H8
ID:634	has_similarity	S_0.5
ID:634	has_uncertainty	U_0.0
ID:635	of_type	TY_outlet concentration measurement
ID:635	of_reactor	R_shock tube
ID:635	has_author	Author 51
ID:635	of_year	Y_2029
ID:635	of_target	T_H20
ID:635	has_similarity	S_0.6
ID:635	has_uncertainty	U_0.4
ID:636	of_type	TY_ignition delay measurement
ID:636	of_reactor	R_shock tube
ID:636	has_author	Author 49
ID:636	of_year	Y_1952
ID:636	of_target	T_CH3
ID:636	has_similarity	S_0.8
ID:636	has_uncertainty	U_0.4
ID:637	of_type	TY_ignition delay measurement
ID:637	of_reactor	R_shock tube
ID:637	has_author	Author 56
ID:637	of_year	Y_2022
ID:637	of_target	T_NH3
ID:637	has_similarity	S_0.3
ID:637	has_uncertainty	U_0.1
ID:638	of_type	TY_laminar burning velocity measurement
ID:638	of_reactor	R_flame
ID:638	has_author	Author 95
ID:638	of_year	Y_1984
ID:638	of_target	T_CH3
ID:638	has_similarity	S_0.9
ID:638	has_uncertainty	U_0.4
ID:639	of_type	TY_jet stirred reactor measurement
ID:639	of_reactor	R_shock tube
ID:639	has_author	Author 76
ID:639	of_year	Y_2022
ID:639	of_target	T_H2S
ID:639	has_similarity	S_0.0
ID:639	has_uncertainty	U_0.5
ID:640	of_type	TY_laminar burning velocity measurement
ID:640	of_reactor	R_flame
ID:640	has_author	Author 91
ID:640	of_year	Y_1977
ID:640	of_target	T_C0
ID:640	has_similarity	S_0.8
ID:640	has_uncertainty	U_0.8
ID:641	of_type	TY_concentration time profile measurement
ID:641	of_reactor	R_flow reactor
ID:641	has_author	Author 63
ID:641	of_year	Y_1987
ID:641	of_target	T_C6H6
ID:641	has_similarity	S_1.0
ID:641	has_uncertainty	U_0.1
ID:642	of_type	TY_ignition delay measurement
ID:642	of_reactor	R_shock tube
ID:642	has_author	Author 40
ID:642	of_year	Y_1954
ID:642	of_target	T_C0
ID:642	has_similarity	S_0.8
ID:642	has_uncertainty	U_0.5
ID:643	of_type	TY_burner stabilized flame speciation measurement
ID:643	of_reactor	R_flame
ID:643	has_author	Author 34
ID:643	of_year	Y_1950
ID:643	of_target	T_CH4
ID:643	has_similarity	S_0.4
ID:643	has_uncertainty	U_0.4
ID:644	of_type	TY_outlet concentration measurement
ID:644	of_reactor	R_shock tube
ID:644	has_author	Author 39
ID:644	of_year	Y_1970
ID:644	of_target	T_CO2
ID:644	has_similarity	S_1.0
ID:644	has_uncertainty	U_0.9
ID:645	of_type	TY_concentration time profile measurement
ID:645	of_reactor	R_flow reactor
ID:645	has_author	Author 40
ID:645	of_year	Y_1952
ID:645	of_target	T_NH3
ID:645	has_similarity	S_0.4
ID:645	has_uncertainty	U_0.2
ID:646	of_type	TY_burner stabilized flame speciation measurement
ID:646	of_reactor	R_flame
ID:646	has_author	Author 43
ID:646	of_year	Y_2023
ID:646	of_target	T_C6H6
ID:646	has_similarity	S_0.4
ID:646	has_uncertainty	U_0.1
ID:647	of_type	TY_laminar burning velocity measurement
ID:647	of_reactor	R_flame
ID:647	has_author	Author 24
ID:647	of_year	Y_1980
ID:647	of_target	T_CH4
ID:647	has_similarity	S_0.3
ID:647	has_uncertainty	U_0.3
ID:648	of_type	TY_burner stabilized flame speciation measurement
ID:648	of_reactor	R_flame
ID:648	has_author	Author 29
ID:648	of_year	Y_1986
ID:648	of_target	T_CH4
ID:648	has_similarity	S_0.3
ID:648	has_uncertainty	U_0.2
ID:649	of_type	TY_burner stabilized flame speciation measurement
ID:649	of_reactor	R_flame
ID:649	has_author	Author 54
ID:649	of_year	Y_1985
ID:649	of_target	T_CO2
ID:649	has_similarity	S_0.9
ID:649	has_uncertainty	U_0.8
ID:650	of_type	TY_ignition delay measurement
ID:650	of_reactor	R_shock tube
ID:650	has_author	Author 72
ID:650	of_year	Y_2012
ID:650	of_target	T_H2
ID:650	has_similarity	S_0.9
ID:650	has_uncertainty	U_0.8
ID:651	of_type	TY_concentration time profile measurement
ID:651	of_reactor	R_flow reactor
ID:651	has_author	Author 14
ID:651	of_year	Y_2018
ID:651	of_target	T_H20
ID:651	has_similarity	S_0.6
ID:651	has_uncertainty	U_0.4
ID:652	of_type	TY_ignition delay measurement
ID:652	of_reactor	R_shock tube
ID:652	has_author	Author 92
ID:652	of_year	Y_1991
ID:652	of_target	T_C6H6
ID:652	has_similarity	S_0.1
ID:652	has_uncertainty	U_0.2
ID:653	of_type	TY_burner stabilized flame speciation measurement
ID:653	of_reactor	R_flame
ID:653	has_author	Author 2
ID:653	of_year	Y_2010
ID:653	of_target	T_CH3
ID:653	has_similarity	S_0.7
ID:653	has_uncertainty	U_0.2
ID:654	of_type	TY_jet stirred reactor measurement
ID:654	of_reactor	R_flow reactor
ID:654	has_author	Author 14
ID:654	of_year	Y_2018
ID:654	of_target	T_C7H8
ID:654	has_similarity	S_0.1
ID:654	has_uncertainty	U_0.5
ID:655	of_type	TY_jet stirred reactor measurement
ID:655	of_reactor	R_flow reactor
ID:655	has_author	Author 94
ID:655	of_year	Y_2030
ID:655	of_target	T_CH4
ID:655	has_similarity	S_0.0
ID:655	has_uncertainty	U_0.1
ID:656	of_type	TY_burner stabilized flame speciation measurement
ID:656	of_reactor	R_flame
ID:656	has_author	Author 41
ID:656	of_year	Y_2008
ID:656	of_target	T_H20
ID:656	has_similarity	S_0.8
ID:656	has_uncertainty	U_0.1
ID:657	of_type	TY_laminar burning velocity measurement
ID:657	of_reactor	R_flame
ID:657	has_author	Author 20
ID:657	of_year	Y_1976
ID:657	of_target	T_NH3
ID:657	has_similarity	S_0.3
ID:657	has_uncertainty	U_0.5
ID:658	of_type	TY_burner stabilized flame speciation measurement
ID:658	of_reactor	R_flame
ID:658	has_author	Author 33
ID:658	of_year	Y_1957
ID:658	of_target	T_C7H8
ID:658	has_similarity	S_0.6
ID:658	has_uncertainty	U_0.3
ID:659	of_type	TY_ignition delay measurement
ID:659	of_reactor	R_shock tube
ID:659	has_author	Author 28
ID:659	of_year	Y_2029
ID:659	of_target	T_C0
ID:659	has_similarity	S_0.3
ID:659	has_uncertainty	U_0.2
ID:660	of_type	TY_burner stabilized flame speciation measurement
ID:660	of_reactor	R_flame
ID:660	has_author	Author 53
ID:660	of_year	Y_2020
ID:660	of_target	T_CH4
ID:660	has_similarity	S_0.6
ID:660	has_uncertainty	U_0.7
ID:661	of_type	TY_ignition delay measurement
ID:661	of_reactor	R_shock tube
ID:661	has_author	Author 7
ID:661	of_year	Y_1957
ID:661	of_target	T_CH4
ID:661	has_similarity	S_0.3
ID:661	has_uncertainty	U_0.2
ID:662	of_type	TY_jet stirred reactor measurement
ID:662	of_reactor	R_shock tube
ID:662	has_author	Author 24
ID:662	of_year	Y_1971
ID:662	of_target	T_IDT
ID:662	has_similarity	S_0.6
ID:662	has_uncertainty	U_0.8
ID:663	of_type	TY_laminar burning velocity measurement
ID:663	of_reactor	R_flame
ID:663	has_author	Author 74
ID:663	of_year	Y_1956
ID:663	of_target	T_C0
ID:663	has_similarity	S_0.6
ID:663	has_uncertainty	U_1.0
ID:664	of_type	TY_laminar burning velocity measurement
ID:664	of_reactor	R_flame
ID:664	has_author	Author 9
ID:664	of_year	Y_1969
ID:664	of_target	T_CH3
ID:664	has_similarity	S_0.8
ID:664	has_uncertainty	U_1.0
ID:665	of_type	TY_laminar burning velocity measurement
ID:665	of_reactor	R_flame
ID:665	has_author	Author 6
ID:665	of_year	Y_2007
ID:665	of_target	T_H20
ID:665	has_similarity	S_0.1
ID:665	has_uncertainty	U_0.8
ID:666	of_type	TY_ignition delay measurement
ID:666	of_reactor	R_rapid compression machine
ID:666	has_author	Author 33
ID:666	of_year	Y_1956
ID:666	of_target	T_H2
ID:666	has_similarity	S_1.0
ID:666	has_uncertainty	U_0.7
ID:667	of_type	TY_ignition delay measurement
ID:667	of_reactor	R_shock tube
ID:667	has_author	Author 64
ID:667	of_year	Y_2020
ID:667	of_target	T_CO2
ID:667	has_similarity	S_0.1
ID:667	has_uncertainty	U_0.9
ID:668	of_type	TY_laminar burning velocity measurement
ID:668	of_reactor	R_flame
ID:668	has_author	Author 51
ID:668	of_year	Y_2022
ID:668	of_target	T_NH3
ID:668	has_similarity	S_0.9
ID:668	has_uncertainty	U_0.1
ID:669	of_type	TY_jet stirred reactor measurement
ID:669	of_reactor	R_shock tube
ID:669	has_author	Author 59
ID:669	of_year	Y_1990
ID:669	of_target	T_H2S
ID:669	has_similarity	S_0.8
ID:669	has_uncertainty	U_0.4
ID:670	of_type	TY_jet stirred reactor measurement
ID:670	of_reactor	R_flow reactor
ID:670	has_author	Author 38
ID:670	of_year	Y_1967
ID:670	of_target	T_CH3
ID:670	has_similarity	S_0.2
ID:670	has_uncertainty	U_0.9
ID:671	of_type	TY_concentration time profile measurement
ID:671	of_reactor	R_stirred reactor
ID:671	has_author	Author 5
ID:671	of_year	Y_1965
ID:671	of_target	T_C5H6
ID:671	has_similarity	S_0.6
ID:671	has_uncertainty	U_0.2
ID:672	of_type	TY_burner stabilized flame speciation measurement
ID:672	of_reactor	R_flame
ID:672	has_author	Author 47
ID:672	of_year	Y_2020
ID:672	of_target	T_H2
ID:672	has_similarity	S_0.5
ID:672	has_uncertainty	U_0.3
ID:673	of_type	TY_concentration time profile measurement
ID:673	of_reactor	R_shock tube
ID:673	has_author	Author 49
ID:673	of_year	Y_1950
ID:673	of_target	T_C7H8
ID:673	has_similarity	S_0.5
ID:673	has_uncertainty	U_0.9
ID:674	of_type	TY_concentration time profile measurement
ID:674	of_reactor	R_shock tube
ID:674	has_author	Author 61
ID:674	of_year	Y_1992
ID:674	of_target	T_H2
ID:674	has_similarity	S_0.9
ID:674	has_uncertainty	U_0.1
ID:675	of_type	TY_burner stabilized flame speciation measurement
ID:675	of_reactor	R_flame
ID:675	has_author	Author 28
ID:675	of_year	Y_2021
ID:675	of_target	T_C5H6
ID:675	has_similarity	S_0.5
ID:675	has_uncertainty	U_0.0
ID:676	of_type	TY_burner stabilized flame speciation measurement
ID:676	of_reactor	R_flame
ID:676	has_author	Author 4
ID:676	of_year	Y_1954
ID:676	of_target	T_C7H8
ID:676	has_similarity	S_0.5
ID:676	has_uncertainty	U_0.2
ID:677	of_type	TY_ignition delay measurement
ID:677	of_reactor	R_rapid compression machine
ID:677	has_author	Author 38
ID:677	of_year	Y_1965
ID:677	of_target	T_H2S
ID:677	has_similarity	S_0.8
ID:677	has_uncertainty	U_0.1
ID:678	of_type	TY_ignition delay measurement
ID:678	of_reactor	R_shock tube
ID:678	has_author	Author 47
ID:678	of_year	Y_2024
ID:678	of_target	T_NH3
ID:678	has_similarity	S_1.0
ID:678	has_uncertainty	U_0.8
ID:679	of_type	TY_jet stirred reactor measurement
ID:679	of_reactor	R_shock tube
ID:679	has_author	Author 27
ID:679	of_year	Y_1990
ID:679	of_target	T_H2S
ID:679	has_similarity	S_1.0
ID:679	has_uncertainty	U_0.0
ID:680	of_type	TY_ignition delay measurement
ID:680	of_reactor	R_rapid compression machine
ID:680	has_author	Author 82
ID:680	of_year	Y_2026
ID:680	of_target	T_C0
ID:680	has_similarity	S_0.1
ID:680	has_uncertainty	U_0.7
ID:681	of_type	TY_ignition delay measurement
ID:681	of_reactor	R_rapid compression machine
ID:681	has_author	Author 61
ID:681	of_year	Y_2000
ID:681	of_target	T_C0
ID:681	has_similarity	S_0.1
ID:681	has_uncertainty	U_0.8
ID:682	of_type	TY_burner stabilized flame speciation measurement
ID:682	of_reactor	R_flame
ID:682	has_author	Author 55
ID:682	of_year	Y_1960
ID:682	of_target	T_CH4
ID:682	has_similarity	S_0.2
ID:682	has_uncertainty	U_0.1
ID:683	of_type	TY_outlet concentration measurement
ID:683	of_reactor	R_stirred reactor
ID:683	has_author	Author 95
ID:683	of_year	Y_1989
ID:683	of_target	T_CH3
ID:683	has_similarity	S_0.7
ID:683	has_uncertainty	U_0.4
ID:684	of_type	TY_concentration time profile measurement
ID:684	of_reactor	R_stirred reactor
ID:684	has_author	Author 2
ID:684	of_year	Y_2006
ID:684	of_target	T_CH3
ID:684	has_similarity	S_0.4
ID:684	has_uncertainty	U_0.1
ID:685	of_type	TY_burner stabilized flame speciation measurement
ID:685	of_reactor	R_flame
ID:685	has_author	Author 75
ID:685	of_year	Y_1969
ID:685	of_target	T_H2S
ID:685	has_similarity	S_0.3
ID:685	has_uncertainty	U_0.4
ID:686	of_type	TY_concentration time profile measurement
ID:686	of_reactor	R_shock tube
ID:686	has_author	Author 85
ID:686	of_year	Y_2013
ID:686	of_target	T_H2
ID:686	has_similarity	S_0.4
ID:686	has_uncertainty	U_0.1
ID:687	of_type	TY_jet stirred reactor measurement
ID:687	of_reactor	R_flow reactor
ID:687	has_author	Author 57
ID:687	of_year	Y_1975
ID:687	of_target	T_C7H8
ID:687	has_similarity	S_0.5
ID:687	has_uncertainty	U_1.0
ID:688	of_type	TY_jet stirred reactor measurement
ID:688	of_reactor	R_flow reactor
ID:688	has_author	Author 93
ID:688	of_year	Y_1982
ID:688	of_target	T_H2S
ID:688	has_similarity	S_0.8
ID:688	has_uncertainty	U_0.8
ID:689	of_type	TY_ignition delay measurement
ID:689	of_reactor	R_shock tube
ID:689	has_author	Author 34
ID:689	of_year	Y_1960
ID:689	of_target	T_CH4
ID:689	has_similarity	S_0.1
ID:689	has_uncertainty	U_0.6
ID:690	of_type	TY_concentration time profile measurement
ID:690	of_reactor	R_stirred reactor
ID:690	has_author	Author 13
ID:690	of_year	Y_1953
ID:690	of_target	T_CH4
ID:690	has_similarity	S_0.1
ID:690	has_uncertainty	U_0.9
ID:691	of_type	TY_outlet concentration measurement
ID:691	of_reactor	R_stirred reactor
ID:691	has_author	Author 45
ID:691	of_year	Y_2004
ID:691	of_target	T_C0
ID:691	has_similarity	S_0.2
ID:691	has_uncertainty	U_0.1
ID:692	of_type	TY_ignition delay measurement
ID:692	of_reactor	R_shock tube
ID:692	has_author	Author 42
ID:692	of_year	Y_2021
ID:692	of_target	T_C7H8
ID:692	has_similarity	S_0.2
ID:692	has_uncertainty	U_0.6
ID:693	of_type	TY_ignition delay measurement
ID:693	of_reactor	R_rapid compression machine
ID:693	has_author	Author 66
ID:693	of_year	Y_1963
ID:693	of_target	T_C5H6
ID:693	has_similarity	S_0.7
ID:693	has_uncertainty	U_0.9
ID:694	of_type	TY_burner stabilized flame speciation measurement
ID:694	of_reactor	R_flame
ID:694	has_author	Author 63
ID:694	of_year	Y_1987
ID:694	of_target	T_C7H8
ID:694	has_similarity	S_0.4
ID:694	has_uncertainty	U_0.8
ID:695	of_type	TY_jet stirred reactor measurement
ID:695	of_reactor	R_stirred reactor
ID:695	has_author	Author 49
ID:695	of_year	Y_1955
ID:695	of_target	T_C5H6
ID:695	has_similarity	S_0.5
ID:695	has_uncertainty	U_0.7
ID:696	of_type	TY_laminar burning velocity measurement
ID:696	of_reactor	R_flame
ID:696	has_author	Author 38
ID:696	of_year	Y_1963
ID:696	of_target	T_C7H8
ID:696	has_similarity	S_0.2
ID:696	has_uncertainty	U_0.4
ID:697	of_type	TY_jet stirred reactor measurement
ID:697	of_reactor	R_stirred reactor
ID:697	has_author	Author 13
ID:697	of_year	Y_1960
ID:697	of_target	T_C6H6
ID:697	has_similarity	S_0.2
ID:697	has_uncertainty	U_0.6
ID:698	of_type	TY_ignition delay measurement
ID:698	of_reactor	R_rapid compression machine
ID:698	has_author	Author 34
ID:698	of_year	Y_1950
ID:698	of_target	T_CH4
ID:698	has_similarity	S_0.2
ID:698	has_uncertainty	U_0.7
ID:699	of_type	TY_laminar burning velocity measurement
ID:699	of_reactor	R_flame
ID:699	has_author	Author 5
ID:699	of_year	Y_1970
ID:699	of_target	T_NH3
ID:699	has_similarity	S_0.6
ID:699	has_uncertainty	U_0.0
ID:700	of_type	TY_laminar burning velocity measurement
ID:700	of_reactor	R_flame
ID:700	has_author	Author 11
ID:700	of_year	Y_1978
ID:700	of_target	T_NH3
ID:700	has_similarity	S_0.3
ID:700	has_uncertainty	U_0.2
ID:701	of_type	TY_ignition delay measurement
ID:701	of_reactor	R_shock tube
ID:701	has_author	Author 18
ID:701	of_year	Y_1960
ID:701	of_target	T_NH3
ID:701	has_similarity	S_0.4
ID:701	has_uncertainty	U_0.6
ID:702	of_type	TY_laminar burning velocity measurement
ID:702	of_reactor	R_flame
ID:702	has_author	Author 67
ID:702	of_year	Y_1969
ID:702	of_target	T_C7H8
ID:702	has_similarity	S_0.2
ID:702	has_uncertainty	U_0.5
ID:703	of_type	TY_burner stabilized flame speciation measurement
ID:703	of_reactor	R_flame
ID:703	has_author	Author 34
ID:703	of_year	Y_1954
ID:703	of_target	T_H20
ID:703	has_similarity	S_0.1
ID:703	has_uncertainty	U_0.4
ID:704	of_type	TY_concentration time profile measurement
ID:704	of_reactor	R_flow reactor
ID:704	has_author	Author 30
ID:704	of_year	Y_1989
ID:704	of_target	T_C7H8
ID:704	has_similarity	S_0.9
ID:704	has_uncertainty	U_0.2
ID:705	of_type	TY_ignition delay measurement
ID:705	of_reactor	R_shock tube
ID:705	has_author	Author 20
ID:705	of_year	Y_1979
ID:705	of_target	T_NH3
ID:705	has_similarity	S_0.1
ID:705	has_uncertainty	U_0.7
ID:706	of_type	TY_jet stirred reactor measurement
ID:706	of_reactor	R_flow reactor
ID:706	has_author	Author 71
ID:706	of_year	Y_1990
ID:706	of_target	T_CH3
ID:706	has_similarity	S_0.3
ID:706	has_uncertainty	U_0.3
ID:707	of_type	TY_burner stabilized flame speciation measurement
ID:707	of_reactor	R_flame
ID:707	has_author	Author 57
ID:707	of_year	Y_1973
ID:707	of_target	T_IDT
ID:707	has_similarity	S_0.5
ID:707	has_uncertainty	U_0.0
ID:708	of_type	TY_burner stabilized flame speciation measurement
ID:708	of_reactor	R_flame
ID:708	has_author	Author 16
ID:708	of_year	Y_1980
ID:708	of_target	T_C6H6
ID:708	has_similarity	S_0.7
ID:708	has_uncertainty	U_0.7
ID:709	of_type	TY_laminar burning velocity measurement
ID:709	of_reactor	R_flame
ID:709	has_author	Author 46
ID:709	of_year	Y_1997
ID:709	of_target	T_NH3
ID:709	has_similarity	S_0.0
ID:709	has_uncertainty	U_0.1
ID:710	of_type	TY_laminar burning velocity measurement
ID:710	of_reactor	R_flame
ID:710	has_author	Author 89
ID:710	of_year	Y_2011
ID:710	of_target	T_C7H8
ID:710	has_similarity	S_0.2
ID:710	has_uncertainty	U_0.7
ID:711	of_type	TY_laminar burning velocity measurement
ID:711	of_reactor	R_flame
ID:711	has_author	Author 53
ID:711	of_year	Y_2023
ID:711	of_target	T_CH4
ID:711	has_similarity	S_0.2
ID:711	has_uncertainty	U_0.2
ID:712	of_type	TY_burner stabilized flame speciation measurement
ID:712	of_reactor	R_flame
ID:712	has_author	Author 89
ID:712	of_year	Y_2012
ID:712	of_target	T_NH3
ID:712	has_similarity	S_0.3
ID:712	has_uncertainty	U_0.0
ID:713	of_type	TY_outlet concentration measurement
ID:713	of_reactor	R_shock tube
ID:713	has_author	Author 66
ID:713	of_year	Y_1961
ID:713	of_target	T_CH3
ID:713	has_similarity	S_0.4
ID:713	has_uncertainty	U_0.9
ID:714	of_type	TY_jet stirred reactor measurement
ID:714	of_reactor	R_shock tube
ID:714	has_author	Author 90
ID:714	of_year	Y_2012
ID:714	of_target	T_IDT
ID:714	has_similarity	S_0.2
ID:714	has_uncertainty	U_0.7
ID:715	of_type	TY_laminar burning velocity measurement
ID:715	of_reactor	R_flame
ID:715	has_author	Author 25
ID:715	of_year	Y_1974
ID:715	of_target	T_C0
ID:715	has_similarity	S_0.0
ID:715	has_uncertainty	U_0.6
ID:716	of_type	TY_jet stirred reactor measurement
ID:716	of_reactor	R_flow reactor
ID:716	has_author	Author 44
ID:716	of_year	Y_2004
ID:716	of_target	T_C0
ID:716	has_similarity	S_0.7
ID:716	has_uncertainty	U_0.6
ID:717	of_type	TY_concentration time profile measurement
ID:717	of_reactor	R_flow reactor
ID:717	has_author	Author 89
ID:717	of_year	Y_2020
ID:717	of_target	T_CH3
ID:717	has_similarity	S_1.0
ID:717	has_uncertainty	U_0.6
ID:718	of_type	TY_concentration time profile measurement
ID:718	of_reactor	R_stirred reactor
ID:718	has_author	Author 58
ID:718	of_year	Y_1986
ID:718	of_target	T_CH3
ID:718	has_similarity	S_0.6
ID:718	has_uncertainty	U_0.5
ID:719	of_type	TY_laminar burning velocity measurement
ID:719	of_reactor	R_flame
ID:719	has_author	Author 71
ID:719	of_year	Y_1980
ID:719	of_target	T_NH3
ID:719	has_similarity	S_0.9
ID:719	has_uncertainty	U_0.6
ID:720	of_type	TY_ignition delay measurement
ID:720	of_reactor	R_rapid compression machine
ID:720	has_author	Author 44
ID:720	of_year	Y_2006
ID:720	of_target	T_IDT
ID:720	has_similarity	S_0.9
ID:720	has_uncertainty	U_0.4
ID:721	of_type	TY_burner stabilized flame speciation measurement
ID:721	of_reactor	R_flame
ID:721	has_author	Author 82
ID:721	of_year	Y_2025
ID:721	of_target	T_C0
ID:721	has_similarity	S_0.1
ID:721	has_uncertainty	U_0.3
ID:722	of_type	TY_burner stabilized flame speciation measurement
ID:722	of_reactor	R_flame
ID:722	has_author	Author 40
ID:722	of_year	Y_1953
ID:722	of_target	T_IDT
ID:722	has_similarity	S_0.7
ID:722	has_uncertainty	U_1.0
ID:723	of_type	TY_jet stirred reactor measurement
ID:723	of_reactor	R_flow reactor
ID:723	has_author	Author 48
ID:723	of_year	Y_1973
ID:723	of_target	T_NH3
ID:723	has_similarity	S_0.8
ID:723	has_uncertainty	U_0.9
ID:724	of_type	TY_jet stirred reactor measurement
ID:724	of_reactor	R_shock tube
ID:724	has_author	Author 10
ID:724	of_year	Y_1982
ID:724	of_target	T_C0
ID:724	has_similarity	S_0.7
ID:724	has_uncertainty	U_1.0
ID:725	of_type	TY_concentration time profile measurement
ID:725	of_reactor	R_shock tube
ID:725	has_author	Author 93
ID:725	of_year	Y_1986
ID:725	of_target	T_NH3
ID:725	has_similarity	S_0.5
ID:725	has_uncertainty	U_0.1
ID:726	of_type	TY_jet stirred reactor measurement
ID:726	of_reactor	R_shock tube
ID:726	has_author	Author 4
ID:726	of_year	Y_1959
ID:726	of_target	T_H20
ID:726	has_similarity	S_0.9
ID:726	has_uncertainty	U_0.2
ID:727	of_type	TY_jet stirred reactor measurement
ID:727	of_reactor	R_stirred reactor
ID:727	has_author	Author 60
ID:727	of_year	Y_1981
ID:727	of_target	T_C7H8
ID:727	has_similarity	S_0.9
ID:727	has_uncertainty	U_0.7
ID:728	of_type	TY_concentration time profile measurement
ID:728	of_reactor	R_stirred reactor
ID:728	has_author	Author 37
ID:728	of_year	Y_1972
ID:728	of_target	T_H20
ID:728	has_similarity	S_0.1
ID:728	has_uncertainty	U_0.9
ID:729	of_type	TY_outlet concentration measurement
ID:729	of_reactor	R_flow reactor
ID:729	has_author	Author 67
ID:729	of_year	Y_1967
ID:729	of_target	T_C7H8
ID:729	has_similarity	S_0.1
ID:729	has_uncertainty	U_0.5
ID:730	of_type	TY_outlet concentration measurement
ID:730	of_reactor	R_flow reactor
ID:730	has_author	Author 84
ID:730	of_year	Y_1980
ID:730	of_target	T_CO2
ID:730	has_similarity	S_0.3
ID:730	has_uncertainty	U_0.9
ID:731	of_type	TY_burner stabilized flame speciation measurement
ID:731	of_reactor	R_flame
ID:731	has_author	Author 45
ID:731	of_year	Y_2001
ID:731	of_target	T_C0
ID:731	has_similarity	S_0.9
ID:731	has_uncertainty	U_0.1
ID:732	of_type	TY_ignition delay measurement
ID:732	of_reactor	R_rapid compression machine
ID:732	has_author	Author 25
ID:732	of_year	Y_1979
ID:732	of_target	T_H2S
ID:732	has_similarity	S_0.6
ID:732	has_uncertainty	U_0.3
ID:733	of_type	TY_laminar burning velocity measurement
ID:733	of_reactor	R_flame
ID:733	has_author	Author 72
ID:733	of_year	Y_2012
ID:733	of_target	T_C6H6
ID:733	has_similarity	S_0.4
ID:733	has_uncertainty	U_0.4
ID:734	of_type	TY_burner stabilized flame speciation measurement
ID:734	of_reactor	R_flame
ID:734	has_author	Author 30
ID:734	of_year	Y_1980
ID:734	of_target	T_CH3
ID:734	has_similarity	S_0.9
ID:734	has_uncertainty	U_0.7
ID:735	of_type	TY_laminar burning velocity measurement
ID:735	of_reactor	R_flame
ID:735	has_author	Author 24
ID:735	of_year	Y_1975
ID:735	of_target	T_IDT
ID:735	has_similarity	S_0.3
ID:735	has_uncertainty	U_0.7
ID:736	of_type	TY_outlet concentration measurement
ID:736	of_reactor	R_flow reactor
ID:736	has_author	Author 46
ID:736	of_year	Y_1999
ID:736	of_target	T_H2
ID:736	has_similarity	S_0.5
ID:736	has_uncertainty	U_0.7
ID:737	of_type	TY_outlet concentration measurement
ID:737	of_reactor	R_stirred reactor
ID:737	has_author	Author 84
ID:737	of_year	Y_1977
ID:737	of_target	T_H2
ID:737	has_similarity	S_0.8
ID:737	has_uncertainty	U_1.0
ID:738	of_type	TY_concentration time profile measurement
ID:738	of_reactor	R_shock tube
ID:738	has_author	Author 94
ID:738	of_year	Y_2021
ID:738	of_target	T_C5H6
ID:738	has_similarity	S_0.0
ID:738	has_uncertainty	U_0.3
ID:739	of_type	TY_jet stirred reactor measurement
ID:739	of_reactor	R_flow reactor
ID:739	has_author	Author 9
ID:739	of_year	Y_1969
ID:739	of_target	T_NH3
ID:739	has_similarity	S_0.6
ID:739	has_uncertainty	U_0.6
ID:740	of_type	TY_burner stabilized flame speciation measurement
ID:740	of_reactor	R_flame
ID:740	has_author	Author 78
ID:740	of_year	Y_1994
ID:740	of_target	T_C7H8
ID:740	has_similarity	S_1.0
ID:740	has_uncertainty	U_0.6
ID:741	of_type	TY_burner stabilized flame speciation measurement
ID:741	of_reactor	R_flame
ID:741	has_author	Author 16
ID:741	of_year	Y_1972
ID:741	of_target	T_IDT
ID:741	has_similarity	S_0.4
ID:741	has_uncertainty	U_0.2
ID:742	of_type	TY_laminar burning velocity measurement
ID:742	of_reactor	R_flame
ID:742	has_author	Author 54
ID:742	of_year	Y_1981
ID:742	of_target	T_C6H6
ID:742	has_similarity	S_0.4
ID:742	has_uncertainty	U_0.6
ID:743	of_type	TY_outlet concentration measurement
ID:743	of_reactor	R_flow reactor
ID:743	has_author	Author 85
ID:743	of_year	Y_2011
ID:743	of_target	T_CH4
ID:743	has_similarity	S_0.5
ID:743	has_uncertainty	U_0.7
ID:744	of_type	TY_burner stabilized flame speciation measurement
ID:744	of_reactor	R_flame
ID:744	has_author	Author 7
ID:744	of_year	Y_1954
ID:744	of_target	T_H2S
ID:744	has_similarity	S_0.6
ID:744	has_uncertainty	U_0.4
ID:745	of_type	TY_laminar burning velocity measurement
ID:745	of_reactor	R_flame
ID:745	has_author	Author 97
ID:745	of_year	Y_1960
ID:745	of_target	T_H20
ID:745	has_similarity	S_0.4
ID:745	has_uncertainty	U_0.5
ID:746	of_type	TY_laminar burning velocity measurement
ID:746	of_reactor	R_flame
ID:746	has_author	Author 38
ID:746	of_year	Y_1964
ID:746	of_target	T_H2S
ID:746	has_similarity	S_0.1
ID:746	has_uncertainty	U_1.0
ID:747	of_type	TY_jet stirred reactor measurement
ID:747	of_reactor	R_flow reactor
ID:747	has_author	Author 24
ID:747	of_year	Y_1977
ID:747	of_target	T_H2S
ID:747	has_similarity	S_0.9
ID:747	has_uncertainty	U_0.6
ID:748	of_type	TY_ignition delay measurement
ID:748	of_reactor	R_shock tube
ID:748	has_author	Author 98
ID:748	of_year	Y_1985
ID:748	of_target	T_CH3
ID:748	has_similarity	S_0.5
ID:748	has_uncertainty	U_0.5
ID:749	of_type	TY_ignition delay measurement
ID:749	of_reactor	R_shock tube
ID:749	has_author	Author 30
ID:749	of_year	Y_1990
ID:749	of_target	T_H20
ID:749	has_similarity	S_0.6
ID:749	has_uncertainty	U_0.8
ID:750	of_type	TY_jet stirred reactor measurement
ID:750	of_reactor	R_shock tube
ID:750	has_author	Author 27
ID:750	of_year	Y_1994
ID:750	of_target	T_H2S
ID:750	has_similarity	S_0.5
ID:750	has_uncertainty	U_0.3
ID:751	of_type	TY_burner stabilized flame speciation measurement
ID:751	of_reactor	R_flame
ID:751	has_author	Author 50
ID:751	of_year	Y_2027
ID:751	of_target	T_H2
ID:751	has_similarity	S_0.2
ID:751	has_uncertainty	U_0.2
ID:752	of_type	TY_concentration time profile measurement
ID:752	of_reactor	R_stirred reactor
ID:752	has_author	Author 85
ID:752	of_year	Y_2017
ID:752	of_target	T_CH4
ID:752	has_similarity	S_0.8
ID:752	has_uncertainty	U_0.6
ID:753	of_type	TY_outlet concentration measurement
ID:753	of_reactor	R_stirred reactor
ID:753	has_author	Author 12
ID:753	of_year	Y_1989
ID:753	of_target	T_H2
ID:753	has_similarity	S_0.7
ID:753	has_uncertainty	U_0.6
ID:754	of_type	TY_jet stirred reactor measurement
ID:754	of_reactor	R_shock tube
ID:754	has_author	Author 44
ID:754	of_year	Y_2006
ID:754	of_target	T_NH3
ID:754	has_similarity	S_0.3
ID:754	has_uncertainty	U_0.1
ID:755	of_type	TY_concentration time profile measurement
ID:755	of_reactor	R_flow reactor
ID:755	has_author	Author 75
ID:755	of_year	Y_1960
ID:755	of_target	T_H20
ID:755	has_similarity	S_0.7
ID:755	has_uncertainty	U_0.9
ID:756	of_type	TY_ignition delay measurement
ID:756	of_reactor	R_shock tube
ID:756	has_author	Author 48
ID:756	of_year	Y_1972
ID:756	of_target	T_IDT
ID:756	has_similarity	S_0.6
ID:756	has_uncertainty	U_0.3
ID:757	of_type	TY_ignition delay measurement
ID:757	of_reactor	R_shock tube
ID:757	has_author	Author 63
ID:757	of_year	Y_1984
ID:757	of_target	T_C6H6
ID:757	has_similarity	S_0.2
ID:757	has_uncertainty	U_0.9
ID:758	of_type	TY_ignition delay measurement
ID:758	of_reactor	R_shock tube
ID:758	has_author	Author 69
ID:758	of_year	Y_1950
ID:758	of_target	T_H2
ID:758	has_similarity	S_0.0
ID:758	has_uncertainty	U_1.0
ID:759	of_type	TY_jet stirred reactor measurement
ID:759	of_reactor	R_stirred reactor
ID:759	has_author	Author 46
ID:759	of_year	Y_1998
ID:759	of_target	T_H2S
ID:759	has_similarity	S_0.4
ID:759	has_uncertainty	U_0.7
ID:760	of_type	TY_ignition delay measurement
ID:760	of_reactor	R_shock tube
ID:760	has_author	Author 38
ID:760	of_year	Y_1968
ID:760	of_target	T_C5H6
ID:760	has_similarity	S_0.1
ID:760	has_uncertainty	U_0.5
ID:761	of_type	TY_burner stabilized flame speciation measurement
ID:761	of_reactor	R_flame
ID:761	has_author	Author 64
ID:761	of_year	Y_2015
ID:761	of_target	T_C7H8
ID:761	has_similarity	S_1.0
ID:761	has_uncertainty	U_0.8
ID:762	of_type	TY_outlet concentration measurement
ID:762	of_reactor	R_stirred reactor
ID:762	has_author	Author 27
ID:762	of_year	Y_1991
ID:762	of_target	T_CO2
ID:762	has_similarity	S_0.3
ID:762	has_uncertainty	U_0.6
ID:763	of_type	TY_concentration time profile measurement
ID:763	of_reactor	R_stirred reactor
ID:763	has_author	Author 69
ID:763	of_year	Y_1958
ID:763	of_target	T_CH3
ID:763	has_similarity	S_0.6
ID:763	has_uncertainty	U_0.4
ID:764	of_type	TY_ignition delay measurement
ID:764	of_reactor	R_shock tube
ID:764	has_author	Author 78
ID:764	of_year	Y_1999
ID:764	of_target	T_H20
ID:764	has_similarity	S_0.1
ID:764	has_uncertainty	U_0.4
ID:765	of_type	TY_outlet concentration measurement
ID:765	of_reactor	R_shock tube
ID:765	has_author	Author 36
ID:765	of_year	Y_1976
ID:765	of_target	T_CH3
ID:765	has_similarity	S_0.3
ID:765	has_uncertainty	U_0.2
ID:766	of_type	TY_concentration time profile measurement
ID:766	of_reactor	R_flow reactor
ID:766	has_author	Author 80
ID:766	of_year	Y_2025
ID:766	of_target	T_C0
ID:766	has_similarity	S_0.6
ID:766	has_uncertainty	U_0.7
ID:767	of_type	TY_outlet concentration measurement
ID:767	of_reactor	R_stirred reactor
ID:767	has_author	Author 0
ID:767	of_year	Y_1959
ID:767	of_target	T_IDT
ID:767	has_similarity	S_0.2
ID:767	has_uncertainty	U_0.4
ID:768	of_type	TY_laminar burning velocity measurement
ID:768	of_reactor	R_flame
ID:768	has_author	Author 91
ID:768	of_year	Y_1977
ID:768	of_target	T_NH3
ID:768	has_similarity	S_0.6
ID:768	has_uncertainty	U_0.3
ID:769	of_type	TY_laminar burning velocity measurement
ID:769	of_reactor	R_flame
ID:769	has_author	Author 82
ID:769	of_year	Y_2021
ID:769	of_target	T_H20
ID:769	has_similarity	S_0.0
ID:769	has_uncertainty	U_0.1
ID:770	of_type	TY_jet stirred reactor measurement
ID:770	of_reactor	R_stirred reactor
ID:770	has_author	Author 55
ID:770	of_year	Y_1968
ID:770	of_target	T_NH3
ID:770	has_similarity	S_0.1
ID:770	has_uncertainty	U_0.2
ID:771	of_type	TY_laminar burning velocity measurement
ID:771	of_reactor	R_flame
ID:771	has_author	Author 8
ID:771	of_year	Y_2024
ID:771	of_target	T_C6H6
ID:771	has_similarity	S_0.2
ID:771	has_uncertainty	U_0.0
ID:772	of_type	TY_outlet concentration measurement
ID:772	of_reactor	R_shock tube
ID:772	has_author	Author 71
ID:772	of_year	Y_1990
ID:772	of_target	T_IDT
ID:772	has_similarity	S_0.2
ID:772	has_uncertainty	U_0.6
ID:773	of_type	TY_burner stabilized flame speciation measurement
ID:773	of_reactor	R_flame
ID:773	has_author	Author 82
ID:773	of_year	Y_2030
ID:773	of_target	T_CO2
ID:773	has_similarity	S_0.1
ID:773	has_uncertainty	U_0.6
ID:774	of_type	TY_ignition delay measurement
ID:774	of_reactor	R_rapid compression machine
ID:774	has_author	Author 87
ID:774	of_year	Y_2001
ID:774	of_target	T_C7H8
ID:774	has_similarity	S_0.1
ID:774	has_uncertainty	U_0.3
ID:775	of_type	TY_concentration time profile measurement
ID:775	of_reactor	R_flow reactor
ID:775	has_author	Author 67
ID:775	of_year	Y_1966
ID:775	of_target	T_NH3
ID:775	has_similarity	S_0.9
ID:775	has_uncertainty	U_0.6
ID:776	of_type	TY_burner stabilized flame speciation measurement
ID:776	of_reactor	R_flame
ID:776	has_author	Author 59
ID:776	of_year	Y_2000
ID:776	of_target	T_H2S
ID:776	has_similarity	S_0.1
ID:776	has_uncertainty	U_0.8
ID:777	of_type	TY_concentration time profile measurement
ID:777	of_reactor	R_flow reactor
ID:777	has_author	Author 52
ID:777	of_year	Y_2019
ID:777	of_target	T_C0
ID:777	has_similarity	S_0.7
ID:777	has_uncertainty	U_0.2
ID:778	of_type	TY_outlet concentration measurement
ID:778	of_reactor	R_shock tube
ID:778	has_author	Author 66
ID:778	of_year	Y_1960
ID:778	of_target	T_C5H6
ID:778	has_similarity	S_0.9
ID:778	has_uncertainty	U_0.6
ID:779	of_type	TY_burner stabilized flame speciation measurement
ID:779	of_reactor	R_flame
ID:779	has_author	Author 29
ID:779	of_year	Y_1981
ID:779	of_target	T_C0
ID:779	has_similarity	S_0.3
ID:779	has_uncertainty	U_0.3
ID:780	of_type	TY_jet stirred reactor measurement
ID:780	of_reactor	R_flow reactor
ID:780	has_author	Author 28
ID:780	of_year	Y_2029
ID:780	of_target	T_C0
ID:780	has_similarity	S_0.2
ID:780	has_uncertainty	U_0.1
ID:781	of_type	TY_outlet concentration measurement
ID:781	of_reactor	R_flow reactor
ID:781	has_author	Author 4
ID:781	of_year	Y_1959
ID:781	of_target	T_CH4
ID:781	has_similarity	S_0.8
ID:781	has_uncertainty	U_0.0
ID:782	of_type	TY_jet stirred reactor measurement
ID:782	of_reactor	R_flow reactor
ID:782	has_author	Author 9
ID:782	of_year	Y_1967
ID:782	of_target	T_CH3
ID:782	has_similarity	S_0.5
ID:782	has_uncertainty	U_0.5
ID:783	of_type	TY_ignition delay measurement
ID:783	of_reactor	R_rapid compression machine
ID:783	has_author	Author 20
ID:783	of_year	Y_1972
ID:783	of_target	T_C5H6
ID:783	has_similarity	S_0.2
ID:783	has_uncertainty	U_0.6
ID:784	of_type	TY_ignition delay measurement
ID:784	of_reactor	R_rapid compression machine
ID:784	has_author	Author 21
ID:784	of_year	Y_2022
ID:784	of_target	T_H2
ID:784	has_similarity	S_0.3
ID:784	has_uncertainty	U_0.7
ID:785	of_type	TY_concentration time profile measurement
ID:785	of_reactor	R_flow reactor
ID:785	has_author	Author 26
ID:785	of_year	Y_2007
ID:785	of_target	T_NH3
ID:785	has_similarity	S_0.1
ID:785	has_uncertainty	U_0.5
ID:786	of_type	TY_laminar burning velocity measurement
ID:786	of_reactor	R_flame
ID:786	has_author	Author 18
ID:786	of_year	Y_1960
ID:786	of_target	T_H2S
ID:786	has_similarity	S_0.4
ID:786	has_uncertainty	U_0.8
ID:787	of_type	TY_burner stabilized flame speciation measurement
ID:787	of_reactor	R_flame
ID:787	has_author	Author 77
ID:787	of_year	Y_1951
ID:787	of_target	T_C7H8
ID:787	has_similarity	S_0.5
ID:787	has_uncertainty	U_0.2
ID:788	of_type	TY_burner stabilized flame speciation measurement
ID:788	of_reactor	R_flame
ID:788	has_author	Author 31
ID:788	of_year	Y_2020
ID:788	of_target	T_NH3
ID:788	has_similarity	S_0.1
ID:788	has_uncertainty	U_0.2
ID:789	of_type	TY_concentration time profile measurement
ID:789	of_reactor	R_stirred reactor
ID:789	has_author	Author 62
ID:789	of_year	Y_2017
ID:789	of_target	T_C6H6
ID:789	has_similarity	S_0.8
ID:789	has_uncertainty	U_1.0
ID:790	of_type	TY_laminar burning velocity measurement
ID:790	of_reactor	R_flame
ID:790	has_author	Author 31
ID:790	of_year	Y_2025
ID:790	of_target	T_C0
ID:790	has_similarity	S_0.2
ID:790	has_uncertainty	U_0.5
ID:791	of_type	TY_laminar burning velocity measurement
ID:791	of_reactor	R_flame
ID:791	has_author	Author 80
ID:791	of_year	Y_2023
ID:791	of_target	T_C7H8
ID:791	has_similarity	S_1.0
ID:791	has_uncertainty	U_0.8
ID:792	of_type	TY_ignition delay measurement
ID:792	of_reactor	R_shock tube
ID:792	has_author	Author 97
ID:792	of_year	Y_1962
ID:792	of_target	T_IDT
ID:792	has_similarity	S_0.8
ID:792	has_uncertainty	U_0.0
ID:793	of_type	TY_ignition delay measurement
ID:793	of_reactor	R_rapid compression machine
ID:793	has_author	Author 76
ID:793	of_year	Y_2022
ID:793	of_target	T_H2
ID:793	has_similarity	S_0.8
ID:793	has_uncertainty	U_0.9
ID:794	of_type	TY_concentration time profile measurement
ID:794	of_reactor	R_shock tube
ID:794	has_author	Author 48
ID:794	of_year	Y_1973
ID:794	of_target	T_H20
ID:794	has_similarity	S_0.5
ID:794	has_uncertainty	U_0.7
ID:795	of_type	TY_concentration time profile measurement
ID:795	of_reactor	R_flow reactor
ID:795	has_author	Author 11
ID:795	of_year	Y_1976
ID:795	of_target	T_IDT
ID:795	has_similarity	S_0.1
ID:795	has_uncertainty	U_0.4
ID:796	of_type	TY_outlet concentration measurement
ID:796	of_reactor	R_shock tube
ID:796	has_author	Author 64
ID:796	of_year	Y_2014
ID:796	of_target	T_NH3
ID:796	has_similarity	S_0.0
ID:796	has_uncertainty	U_0.1
ID:797	of_type	TY_laminar burning velocity measurement
ID:797	of_reactor	R_flame
ID:797	has_author	Author 94
ID:797	of_year	Y_2028
ID:797	of_target	T_CO2
ID:797	has_similarity	S_1.0
ID:797	has_uncertainty	U_0.6
ID:798	of_type	TY_ignition delay measurement
ID:798	of_reactor	R_rapid compression machine
ID:798	has_author	Author 79
ID:798	of_year	Y_1974
ID:798	of_target	T_H2S
ID:798	has_similarity	S_0.6
ID:798	has_uncertainty	U_0.4
ID:799	of_type	TY_laminar burning velocity measurement
ID:799	of_reactor	R_flame
ID:799	has_author	Author 4
ID:799	of_year	Y_1953
ID:799	of_target	T_CH3
ID:799	has_similarity	S_1.0
ID:799	has_uncertainty	U_0.4
ID:800	of_type	TY_ignition delay measurement
ID:800	of_reactor	R_rapid compression machine
ID:800	has_author	Author 14
ID:800	of_year	Y_2010
ID:800	of_target	T_CH4
ID:800	has_similarity	S_0.2
ID:800	has_uncertainty	U_0.8
ID:801	of_type	TY_concentration time profile measurement
ID:801	of_reactor	R_stirred reactor
ID:801	has_author	Author 8
ID:801	of_year	Y_2030
ID:801	of_target	T_H2S
ID:801	has_similarity	S_0.1
ID:801	has_uncertainty	U_0.1
ID:802	of_type	TY_outlet concentration measurement
ID:802	of_reactor	R_shock tube
ID:802	has_author	Author 56
ID:802	of_year	Y_2026
ID:802	of_target	T_C5H6
ID:802	has_similarity	S_0.4
ID:802	has_uncertainty	U_0.1
ID:803	of_type	TY_jet stirred reactor measurement
ID:803	of_reactor	R_flow reactor
ID:803	has_author	Author 2
ID:803	of_year	Y_2002
ID:803	of_target	T_C7H8
ID:803	has_similarity	S_0.3
ID:803	has_uncertainty	U_0.3
ID:804	of_type	TY_ignition delay measurement
ID:804	of_reactor	R_rapid compression machine
ID:804	has_author	Author 24
ID:804	of_year	Y_1972
ID:804	of_target	T_H20
ID:804	has_similarity	S_0.9
ID:804	has_uncertainty	U_0.4
ID:805	of_type	TY_laminar burning velocity measurement
ID:805	of_reactor	R_flame
ID:805	has_author	Author 87
ID:805	of_year	Y_2006
ID:805	of_target	T_C6H6
ID:805	has_similarity	S_0.6
ID:805	has_uncertainty	U_0.7
ID:806	of_type	TY_ignition delay measurement
ID:806	of_reactor	R_shock tube
ID:806	has_author	Author 84
ID:806	of_year	Y_1971
ID:806	of_target	T_CH3
ID:806	has_similarity	S_0.8
ID:806	has_uncertainty	U_0.3
ID:807	of_type	TY_burner stabilized flame speciation measurement
ID:807	of_reactor	R_flame
ID:807	has_author	Author 23
ID:807	of_year	Y_1993
ID:807	of_target	T_C6H6
ID:807	has_similarity	S_0.1
ID:807	has_uncertainty	U_0.5
ID:808	of_type	TY_outlet concentration measurement
ID:808	of_reactor	R_shock tube
ID:808	has_author	Author 39
ID:808	of_year	Y_1976
ID:808	of_target	T_CH4
ID:808	has_similarity	S_0.4
ID:808	has_uncertainty	U_1.0
ID:809	of_type	TY_outlet concentration measurement
ID:809	of_reactor	R_flow reactor
ID:809	has_author	Author 63
ID:809	of_year	Y_1986
ID:809	of_target	T_CO2
ID:809	has_similarity	S_0.7
ID:809	has_uncertainty	U_0.8
ID:810	of_type	TY_concentration time profile measurement
ID:810	of_reactor	R_stirred reactor
ID:810	has_author	Author 19
ID:810	of_year	Y_2004
ID:810	of_target	T_C5H6
ID:810	has_similarity	S_0.3
ID:810	has_uncertainty	U_0.0
ID:811	of_type	TY_outlet concentration measurement
ID:811	of_reactor	R_flow reactor
ID:811	has_author	Author 85
ID:811	of_year	Y_2011
ID:811	of_target	T_C7H8
ID:811	has_similarity	S_0.1
ID:811	has_uncertainty	U_0.4
ID:812	of_type	TY_jet stirred reactor measurement
ID:812	of_reactor	R_flow reactor
ID:812	has_author	Author 73
ID:812	of_year	Y_1981
ID:812	of_target	T_H20
ID:812	has_similarity	S_0.2
ID:812	has_uncertainty	U_0.3
ID:813	of_type	TY_outlet concentration measurement
ID:813	of_reactor	R_stirred reactor
ID:813	has_author	Author 19
ID:813	of_year	Y_2000
ID:813	of_target	T_H2S
ID:813	has_similarity	S_0.0
ID:813	has_uncertainty	U_0.2
ID:814	of_type	TY_ignition delay measurement
ID:814	of_reactor	R_shock tube
ID:814	has_author	Author 85
ID:814	of_year	Y_2016
ID:814	of_target	T_C0
ID:814	has_similarity	S_0.6
ID:814	has_uncertainty	U_0.4
ID:815	of_type	TY_concentration time profile measurement
ID:815	of_reactor	R_flow reactor
ID:815	has_author	Author 53
ID:815	of_year	Y_2030
ID:815	of_target	T_CH3
ID:815	has_similarity	S_0.4
ID:815	has_uncertainty	U_0.8
ID:816	of_type	TY_jet stirred reactor measurement
ID:816	of_reactor	R_flow reactor
ID:816	has_author	Author 17
ID:816	of_year	Y_1964
ID:816	of_target	T_CH4
ID:816	has_similarity	S_0.5
ID:816	has_uncertainty	U_0.9
ID:817	of_type	TY_jet stirred reactor measurement
ID:817	of_reactor	R_stirred reactor
ID:817	has_author	Author 53
ID:817	of_year	Y_2020
ID:817	of_target	T_CO2
ID:817	has_similarity	S_0.3
ID:817	has_uncertainty	U_0.4
ID:818	of_type	TY_concentration time profile measurement
ID:818	of_reactor	R_stirred reactor
ID:818	has_author	Author 42
ID:818	of_year	Y_2020
ID:818	of_target	T_CH4
ID:818	has_similarity	S_0.9
ID:818	has_uncertainty	U_0.1
ID:819	of_type	TY_concentration time profile measurement
ID:819	of_reactor	R_flow reactor
ID:819	has_author	Author 85
ID:819	of_year	Y_2016
ID:819	of_target	T_H2S
ID:819	has_similarity	S_0.7
ID:819	has_uncertainty	U_0.1
ID:820	of_type	TY_burner stabilized flame speciation measurement
ID:820	of_reactor	R_flame
ID:820	has_author	Author 27
ID:820	of_year	Y_1996
ID:820	of_target	T_CH4
ID:820	has_similarity	S_0.7
ID:820	has_uncertainty	U_0.1
ID:821	of_type	TY_jet stirred reactor measurement
ID:821	of_reactor	R_shock tube
ID:821	has_author	Author 50
ID:821	of_year	Y_2029
ID:821	of_target	T_CH3
ID:821	has_similarity	S_0.6
ID:821	has_uncertainty	U_0.1
ID:822	of_type	TY_outlet concentration measurement
ID:822	of_reactor	R_shock tube
ID:822	has_author	Author 47
ID:822	of_year	Y_2021
ID:822	of_target	T_CH4
ID:822	has_similarity	S_1.0
ID:822	has_uncertainty	U_0.7
ID:823	of_type	TY_ignition delay measurement
ID:823	of_reactor	R_shock tube
ID:823	has_author	Author 41
ID:823	of_year	Y_2005
ID:823	of_target	T_H20
ID:823	has_similarity	S_0.5
ID:823	has_uncertainty	U_0.9
ID:824	of_type	TY_ignition delay measurement
ID:824	of_reactor	R_shock tube
ID:824	has_author	Author 45
ID:824	of_year	Y_2010
ID:824	of_target	T_C6H6
ID:824	has_similarity	S_0.8
ID:824	has_uncertainty	U_0.6
ID:825	of_type	TY_burner stabilized flame speciation measurement
ID:825	of_reactor	R_flame
ID:825	has_author	Author 77
ID:825	of_year	Y_1953
ID:825	of_target	T_CH4
ID:825	has_similarity	S_0.2
ID:825	has_uncertainty	U_0.5
ID:826	of_type	TY_laminar burning velocity measurement
ID:826	of_reactor	R_flame
ID:826	has_author	Author 72
ID:826	of_year	Y_2017
ID:826	of_target	T_C5H6
ID:826	has_similarity	S_0.8
ID:826	has_uncertainty	U_0.3
ID:827	of_type	TY_laminar burning velocity measurement
ID:827	of_reactor	R_flame
ID:827	has_author	Author 61
ID:827	of_year	Y_2000
ID:827	of_target	T_CH4
ID:827	has_similarity	S_0.2
ID:827	has_uncertainty	U_0.4
ID:828	of_type	TY_laminar burning velocity measurement
ID:828	of_reactor	R_flame
ID:828	has_author	Author 31
ID:828	of_year	Y_2023
ID:828	of_target	T_CH3
ID:828	has_similarity	S_0.6
ID:828	has_uncertainty	U_0.7
ID:829	of_type	TY_burner stabilized flame speciation measurement
ID:829	of_reactor	R_flame
ID:829	has_author	Author 97
ID:829	of_year	Y_1966
ID:829	of_target	T_IDT
ID:829	has_similarity	S_0.1
ID:829	has_uncertainty	U_0.7
ID:830	of_type	TY_jet stirred reactor measurement
ID:830	of_reactor	R_flow reactor
ID:830	has_author	Author 8
ID:830	of_year	Y_2021
ID:830	of_target	T_NH3
ID:830	has_similarity	S_0.4
ID:830	has_uncertainty	U_0.2
ID:831	of_type	TY_outlet concentration measurement
ID:831	of_reactor	R_flow reactor
ID:831	has_author	Author 80
ID:831	of_year	Y_2028
ID:831	of_target	T_C7H8
ID:831	has_similarity	S_0.6
ID:831	has_uncertainty	U_0.2
ID:832	of_type	TY_outlet concentration measurement
ID:832	of_reactor	R_stirred reactor
ID:832	has_author	Author 48
ID:832	of_year	Y_1979
ID:832	of_target	T_H2S
ID:832	has_similarity	S_1.0
ID:832	has_uncertainty	U_0.7
ID:833	of_type	TY_jet stirred reactor measurement
ID:833	of_reactor	R_shock tube
ID:833	has_author	Author 7
ID:833	of_year	Y_1953
ID:833	of_target	T_C5H6
ID:833	has_similarity	S_0.9
ID:833	has_uncertainty	U_0.6
ID:834	of_type	TY_ignition delay measurement
ID:834	of_reactor	R_rapid compression machine
ID:834	has_author	Author 6
ID:834	of_year	Y_2009
ID:834	of_target	T_CH3
ID:834	has_similarity	S_0.2
ID:834	has_uncertainty	U_0.6
ID:835	of_type	TY_concentration time profile measurement
ID:835	of_reactor	R_shock tube
ID:835	has_author	Author 10
ID:835	of_year	Y_1990
ID:835	of_target	T_NH3
ID:835	has_similarity	S_0.0
ID:835	has_uncertainty	U_0.1
ID:836	of_type	TY_laminar burning velocity measurement
ID:836	of_reactor	R_flame
ID:836	has_author	Author 64
ID:836	of_year	Y_2017
ID:836	of_target	T_CH3
ID:836	has_similarity	S_0.7
ID:836	has_uncertainty	U_0.6
ID:837	of_type	TY_laminar burning velocity measurement
ID:837	of_reactor	R_flame
ID:837	has_author	Author 93
ID:837	of_year	Y_1986
ID:837	of_target	T_C6H6
ID:837	has_similarity	S_0.9
ID:837	has_uncertainty	U_0.1
ID:838	of_type	TY_laminar burning velocity measurement
ID:838	of_reactor	R_flame
ID:838	has_author	Author 92
ID:838	of_year	Y_1992
ID:838	of_target	T_C6H6
ID:838	has_similarity	S_0.9
ID:838	has_uncertainty	U_0.7
ID:839	of_type	TY_concentration time profile measurement
ID:839	of_reactor	R_flow reactor
ID:839	has_author	Author 70
ID:839	of_year	Y_2011
ID:839	of_target	T_C5H6
ID:839	has_similarity	S_0.0
ID:839	has_uncertainty	U_0.2
ID:840	of_type	TY_burner stabilized flame speciation measurement
ID:840	of_reactor	R_flame
ID:840	has_author	Author 83
ID:840	of_year	Y_1965
ID:840	of_target	T_C6H6
ID:840	has_similarity	S_0.3
ID:840	has_uncertainty	U_0.6
ID:841	of_type	TY_laminar burning velocity measurement
ID:841	of_reactor	R_flame
ID:841	has_author	Author 39
ID:841	of_year	Y_1979
ID:841	of_target	T_CO2
ID:841	has_similarity	S_0.8
ID:841	has_uncertainty	U_0.8
ID:842	of_type	TY_laminar burning velocity measurement
ID:842	of_reactor	R_flame
ID:842	has_author	Author 11
ID:842	of_year	Y_1978
ID:842	of_target	T_CO2
ID:842	has_similarity	S_0.7
ID:842	has_uncertainty	U_0.5
ID:843	of_type	TY_jet stirred reactor measurement
ID:843	of_reactor	R_stirred reactor
ID:843	has_author	Author 88
ID:843	of_year	Y_1967
ID:843	of_target	T_IDT
ID:843	has_similarity	S_0.7
ID:843	has_uncertainty	U_0.5
ID:844	of_type	TY_burner stabilized flame speciation measurement
ID:844	of_reactor	R_flame
ID:844	has_author	Author 28
ID:844	of_year	Y_2030
ID:844	of_target	T_H20
ID:844	has_similarity	S_0.8
ID:844	has_uncertainty	U_0.7
ID:845	of_type	TY_laminar burning velocity measurement
ID:845	of_reactor	R_flame
ID:845	has_author	Author 17
ID:845	of_year	Y_1966
ID:845	of_target	T_CH4
ID:845	has_similarity	S_0.5
ID:845	has_uncertainty	U_0.2
ID:846	of_type	TY_outlet concentration measurement
ID:846	of_reactor	R_stirred reactor
ID:846	has_author	Author 16
ID:846	of_year	Y_1975
ID:846	of_target	T_CO2
ID:846	has_similarity	S_0.8
ID:846	has_uncertainty	U_0.0
ID:847	of_type	TY_laminar burning velocity measurement
ID:847	of_reactor	R_flame
ID:847	has_author	Author 83
ID:847	of_year	Y_1970
ID:847	of_target	T_C6H6
ID:847	has_similarity	S_0.4
ID:847	has_uncertainty	U_0.4
ID:848	of_type	TY_laminar burning velocity measurement
ID:848	of_reactor	R_flame
ID:848	has_author	Author 89
ID:848	of_year	Y_2020
ID:848	of_target	T_CH3
ID:848	has_similarity	S_0.7
ID:848	has_uncertainty	U_0.4
ID:849	of_type	TY_outlet concentration measurement
ID:849	of_reactor	R_shock tube
ID:849	has_author	Author 81
ID:849	of_year	Y_1988
ID:849	of_target	T_C5H6
ID:849	has_similarity	S_0.5
ID:849	has_uncertainty	U_1.0
ID:850	of_type	TY_laminar burning velocity measurement
ID:850	of_reactor	R_flame
ID:850	has_author	Author 47
ID:850	of_year	Y_2020
ID:850	of_target	T_IDT
ID:850	has_similarity	S_0.4
ID:850	has_uncertainty	U_0.0
ID:851	of_type	TY_burner stabilized flame speciation measurement
ID:851	of_reactor	R_flame
ID:851	has_author	Author 39
ID:851	of_year	Y_1971
ID:851	of_target	T_NH3
ID:851	has_similarity	S_0.4
ID:851	has_uncertainty	U_0.8
ID:852	of_type	TY_ignition delay measurement
ID:852	of_reactor	R_shock tube
ID:852	has_author	Author 87
ID:852	of_year	Y_2001
ID:852	of_target	T_H20
ID:852	has_similarity	S_0.6
ID:852	has_uncertainty	U_0.2
ID:853	of_type	TY_burner stabilized flame speciation measurement
ID:853	of_reactor	R_flame
ID:853	has_author	Author 18
ID:853	of_year	Y_1953
ID:853	of_target	T_H2
ID:853	has_similarity	S_0.4
ID:853	has_uncertainty	U_0.3
ID:854	of_type	TY_ignition delay measurement
ID:854	of_reactor	R_rapid compression machine
ID:854	has_author	Author 10
ID:854	of_year	Y_1980
ID:854	of_target	T_H2S
ID:854	has_similarity	S_0.6
ID:854	has_uncertainty	U_0.6
ID:855	of_type	TY_outlet concentration measurement
ID:855	of_reactor	R_flow reactor
ID:855	has_author	Author 88
ID:855	of_year	Y_1960
ID:855	of_target	T_C7H8
ID:855	has_similarity	S_0.6
ID:855	has_uncertainty	U_0.4
ID:856	of_type	TY_laminar burning velocity measurement
ID:856	of_reactor	R_flame
ID:856	has_author	Author 99
ID:856	of_year	Y_2011
ID:856	of_target	T_CO2
ID:856	has_similarity	S_0.6
ID:856	has_uncertainty	U_0.6
ID:857	of_type	TY_outlet concentration measurement
ID:857	of_reactor	R_flow reactor
ID:857	has_author	Author 60
ID:857	of_year	Y_1987
ID:857	of_target	T_C6H6
ID:857	has_similarity	S_0.3
ID:857	has_uncertainty	U_0.1
ID:858	of_type	TY_ignition delay measurement
ID:858	of_reactor	R_shock tube
ID:858	has_author	Author 26
ID:858	of_year	Y_2006
ID:858	of_target	T_C7H8
ID:858	has_similarity	S_0.9
ID:858	has_uncertainty	U_0.8
ID:859	of_type	TY_laminar burning velocity measurement
ID:859	of_reactor	R_flame
ID:859	has_author	Author 1
ID:859	of_year	Y_1963
ID:859	of_target	T_CO2
ID:859	has_similarity	S_0.6
ID:859	has_uncertainty	U_0.3
ID:860	of_type	TY_burner stabilized flame speciation measurement
ID:860	of_reactor	R_flame
ID:860	has_author	Author 42
ID:860	of_year	Y_2022
ID:860	of_target	T_H2S
ID:860	has_similarity	S_0.5
ID:860	has_uncertainty	U_0.3
ID:861	of_type	TY_concentration time profile measurement
ID:861	of_reactor	R_stirred reactor
ID:861	has_author	Author 52
ID:861	of_year	Y_2018
ID:861	of_target	T_H2S
ID:861	has_similarity	S_0.2
ID:861	has_uncertainty	U_1.0
ID:862	of_type	TY_concentration time profile measurement
ID:862	of_reactor	R_shock tube
ID:862	has_author	Author 1
ID:862	of_year	Y_1970
ID:862	of_target	T_H2S
ID:862	has_similarity	S_0.8
ID:862	has_uncertainty	U_0.0
ID:863	of_type	TY_jet stirred reactor measurement
ID:863	of_reactor	R_shock tube
ID:863	has_author	Author 63
ID:863	of_year	Y_1982
ID:863	of_target	T_CO2
ID:863	has_similarity	S_0.6
ID:863	has_uncertainty	U_0.9
ID:864	of_type	TY_laminar burning velocity measurement
ID:864	of_reactor	R_flame
ID:864	has_author	Author 51
ID:864	of_year	Y_2025
ID:864	of_target	T_C0
ID:864	has_similarity	S_0.5
ID:864	has_uncertainty	U_0.3
ID:865	of_type	TY_burner stabilized flame speciation measurement
ID:865	of_reactor	R_flame
ID:865	has_author	Author 57
ID:865	of_year	Y_1976
ID:865	of_target	T_CH4
ID:865	has_similarity	S_0.7
ID:865	has_uncertainty	U_0.8
ID:866	of_type	TY_jet stirred reactor measurement
ID:866	of_reactor	R_stirred reactor
ID:866	has_author	Author 16
ID:866	of_year	Y_1971
ID:866	of_target	T_C6H6
ID:866	has_similarity	S_0.6
ID:866	has_uncertainty	U_0.0
ID:867	of_type	TY_laminar burning velocity measurement
ID:867	of_reactor	R_flame
ID:867	has_author	Author 98
ID:867	of_year	Y_1990
ID:867	of_target	T_IDT
ID:867	has_similarity	S_1.0
ID:867	has_uncertainty	U_0.7
ID:868	of_type	TY_burner stabilized flame speciation measurement
ID:868	of_reactor	R_flame
ID:868	has_author	Author 77
ID:868	of_year	Y_1959
ID:868	of_target	T_NH3
ID:868	has_similarity	S_0.9
ID:868	has_uncertainty	U_0.4
ID:869	of_type	TY_jet stirred reactor measurement
ID:869	of_reactor	R_flow reactor
ID:869	has_author	Author 5
ID:869	of_year	Y_1965
ID:869	of_target	T_H2S
ID:869	has_similarity	S_0.4
ID:869	has_uncertainty	U_0.1
ID:870	of_type	TY_laminar burning velocity measurement
ID:870	of_reactor	R_flame
ID:870	has_author	Author 85
ID:870	of_year	Y_2010
ID:870	of_target	T_C6H6
ID:870	has_similarity	S_0.7
ID:870	has_uncertainty	U_0.2
ID:871	of_type	TY_burner stabilized flame speciation measurement
ID:871	of_reactor	R_flame
ID:871	has_author	Author 86
ID:871	of_year	Y_2011
ID:871	of_target	T_C6H6
ID:871	has_similarity	S_0.4
ID:871	has_uncertainty	U_0.4
ID:872	of_type	TY_concentration time profile measurement
ID:872	of_reactor	R_stirred reactor
ID:872	has_author	Author 99
ID:872	of_year	Y_2011
ID:872	of_target	T_CH3
ID:872	has_similarity	S_0.7
ID:872	has_uncertainty	U_0.2
ID:873	of_type	TY_laminar burning velocity measurement
ID:873	of_reactor	R_flame
ID:873	has_author	Author 20
ID:873	of_year	Y_1972
ID:873	of_target	T_C5H6
ID:873	has_similarity	S_0.9
ID:873	has_uncertainty	U_0.1
ID:874	of_type	TY_concentration time profile measurement
ID:874	of_reactor	R_flow reactor
ID:874	has_author	Author 88
ID:874	of_year	Y_1961
ID:874	of_target	T_CH4
ID:874	has_similarity	S_0.0
ID:874	has_uncertainty	U_0.8
ID:875	of_type	TY_burner stabilized flame speciation measurement
ID:875	of_reactor	R_flame
ID:875	has_author	Author 95
ID:875	of_year	Y_1985
ID:875	of_target	T_CH4
ID:875	has_similarity	S_0.1
ID:875	has_uncertainty	U_0.2
ID:876	of_type	TY_burner stabilized flame speciation measurement
ID:876	of_reactor	R_flame
ID:876	has_author	Author 34
ID:876	of_year	Y_1960
ID:876	of_target	T_CH3
ID:876	has_similarity	S_0.3
ID:876	has_uncertainty	U_0.2
ID:877	of_type	TY_burner stabilized flame speciation measurement
ID:877	of_reactor	R_flame
ID:877	has_author	Author 12
ID:877	of_year	Y_1980
ID:877	of_target	T_H2
ID:877	has_similarity	S_1.0
ID:877	has_uncertainty	U_0.5
ID:878	of_type	TY_burner stabilized flame speciation measurement
ID:878	of_reactor	R_flame
ID:878	has_author	Author 59
ID:878	of_year	Y_1992
ID:878	of_target	T_H2
ID:878	has_similarity	S_1.0
ID:878	has_uncertainty	U_0.6
ID:879	of_type	TY_burner stabilized flame speciation measurement
ID:879	of_reactor	R_flame
ID:879	has_author	Author 51
ID:879	of_year	Y_2024
ID:879	of_target	T_CH3
ID:879	has_similarity	S_0.5
ID:879	has_uncertainty	U_0.2
ID:880	of_type	TY_laminar burning velocity measurement
ID:880	of_reactor	R_flame
ID:880	has_author	Author 9
ID:880	of_year	Y_1960
ID:880	of_target	T_C6H6
ID:880	has_similarity	S_0.7
ID:880	has_uncertainty	U_0.5
ID:881	of_type	TY_burner stabilized flame speciation measurement
ID:881	of_reactor	R_flame
ID:881	has_author	Author 33
ID:881	of_year	Y_1954
ID:881	of_target	T_C0
ID:881	has_similarity	S_0.5
ID:881	has_uncertainty	U_0.0
ID:882	of_type	TY_concentration time profile measurement
ID:882	of_reactor	R_stirred reactor
ID:882	has_author	Author 80
ID:882	of_year	Y_2027
ID:882	of_target	T_C0
ID:882	has_similarity	S_0.5
ID:882	has_uncertainty	U_0.5
ID:883	of_type	TY_jet stirred reactor measurement
ID:883	of_reactor	R_stirred reactor
ID:883	has_author	Author 83
ID:883	of_year	Y_1969
ID:883	of_target	T_H2
ID:883	has_similarity	S_0.5
ID:883	has_uncertainty	U_0.5
ID:884	of_type	TY_outlet concentration measurement
ID:884	of_reactor	R_stirred reactor
ID:884	has_author	Author 62
ID:884	of_year	Y_2020
ID:884	of_target	T_CH4
ID:884	has_similarity	S_0.2
ID:884	has_uncertainty	U_0.3
ID:885	of_type	TY_jet stirred reactor measurement
ID:885	of_reactor	R_shock tube
ID:885	has_author	Author 69
ID:885	of_year	Y_1952
ID:885	of_target	T_IDT
ID:885	has_similarity	S_0.7
ID:885	has_uncertainty	U_0.1
ID:886	of_type	TY_laminar burning velocity measurement
ID:886	of_reactor	R_flame
ID:886	has_author	Author 6
ID:886	of_year	Y_2002
ID:886	of_target	T_C5H6
ID:886	has_similarity	S_0.3
ID:886	has_uncertainty	U_1.0
ID:887	of_type	TY_jet stirred reactor measurement
ID:887	of_reactor	R_flow reactor
ID:887	has_author	Author 65
ID:887	of_year	Y_1973
ID:887	of_target	T_CH3
ID:887	has_similarity	S_0.6
ID:887	has_uncertainty	U_0.5
ID:888	of_type	TY_concentration time profile measurement
ID:888	of_reactor	R_flow reactor
ID:888	has_author	Author 49
ID:888	of_year	Y_1950
ID:888	of_target	T_CO2
ID:888	has_similarity	S_0.4
ID:888	has_uncertainty	U_0.7
ID:889	of_type	TY_jet stirred reactor measurement
ID:889	of_reactor	R_flow reactor
ID:889	has_author	Author 91
ID:889	of_year	Y_1971
ID:889	of_target	T_H2
ID:889	has_similarity	S_0.8
ID:889	has_uncertainty	U_0.7
ID:890	of_type	TY_burner stabilized flame speciation measurement
ID:890	of_reactor	R_flame
ID:890	has_author	Author 98
ID:890	of_year	Y_1980
ID:890	of_target	T_C6H6
ID:890	has_similarity	S_0.2
ID:890	has_uncertainty	U_0.7
ID:891	of_type	TY_ignition delay measurement
ID:891	of_reactor	R_shock tube
ID:891	has_author	Author 56
ID:891	of_year	Y_2028
ID:891	of_target	T_C7H8
ID:891	has_similarity	S_1.0
ID:891	has_uncertainty	U_0.1
ID:892	of_type	TY_outlet concentration measurement
ID:892	of_reactor	R_stirred reactor
ID:892	has_author	Author 8
ID:892	of_year	Y_2025
ID:892	of_target	T_CH3
ID:892	has_similarity	S_0.8
ID:892	has_uncertainty	U_0.0
ID:893	of_type	TY_burner stabilized flame speciation measurement
ID:893	of_reactor	R_flame
ID:893	has_author	Author 12
ID:893	of_year	Y_1985
ID:893	of_target	T_C6H6
ID:893	has_similarity	S_0.0
ID:893	has_uncertainty	U_0.9
ID:894	of_type	TY_jet stirred reactor measurement
ID:894	of_reactor	R_flow reactor
ID:894	has_author	Author 70
ID:894	of_year	Y_2010
ID:894	of_target	T_IDT
ID:894	has_similarity	S_0.7
ID:894	has_uncertainty	U_0.2
ID:895	of_type	TY_outlet concentration measurement
ID:895	of_reactor	R_flow reactor
ID:895	has_author	Author 17
ID:895	of_year	Y_1965
ID:895	of_target	T_C0
ID:895	has_similarity	S_0.6
ID:895	has_uncertainty	U_0.4
ID:896	of_type	TY_jet stirred reactor measurement
ID:896	of_reactor	R_shock tube
ID:896	has_author	Author 63
ID:896	of_year	Y_1987
ID:896	of_target	T_IDT
ID:896	has_similarity	S_0.2
ID:896	has_uncertainty	U_0.8
ID:897	of_type	TY_burner stabilized flame speciation measurement
ID:897	of_reactor	R_flame
ID:897	has_author	Author 60
ID:897	of_year	Y_1981
ID:897	of_target	T_CH4
ID:897	has_similarity	S_0.3
ID:897	has_uncertainty	U_0.2
ID:898	of_type	TY_concentration time profile measurement
ID:898	of_reactor	R_flow reactor
ID:898	has_author	Author 18
ID:898	of_year	Y_1953
ID:898	of_target	T_C7H8
ID:898	has_similarity	S_0.5
ID:898	has_uncertainty	U_0.2
ID:899	of_type	TY_jet stirred reactor measurement
ID:899	of_reactor	R_stirred reactor
ID:899	has_author	Author 29
ID:899	of_year	Y_1984
ID:899	of_target	T_C6H6
ID:899	has_similarity	S_0.7
ID:899	has_uncertainty	U_0.3
ID:900	of_type	TY_ignition delay measurement
ID:900	of_reactor	R_shock tube
ID:900	has_author	Author 43
ID:900	of_year	Y_2024
ID:900	of_target	T_NH3
ID:900	has_similarity	S_0.3
ID:900	has_uncertainty	U_0.1
ID:901	of_type	TY_outlet concentration measurement
ID:901	of_reactor	R_shock tube
ID:901	has_author	Author 89
ID:901	of_year	Y_2010
ID:901	of_target	T_C6H6
ID:901	has_similarity	S_0.4
ID:901	has_uncertainty	U_0.3
ID:902	of_type	TY_jet stirred reactor measurement
ID:902	of_reactor	R_shock tube
ID:902	has_author	Author 95
ID:902	of_year	Y_1985
ID:902	of_target	T_NH3
ID:902	has_similarity	S_0.2
ID:902	has_uncertainty	U_0.6
ID:903	of_type	TY_ignition delay measurement
ID:903	of_reactor	R_shock tube
ID:903	has_author	Author 90
ID:903	of_year	Y_2018
ID:903	of_target	T_C6H6
ID:903	has_similarity	S_0.1
ID:903	has_uncertainty	U_0.5
ID:904	of_type	TY_concentration time profile measurement
ID:904	of_reactor	R_stirred reactor
ID:904	has_author	Author 61
ID:904	of_year	Y_1994
ID:904	of_target	T_H2S
ID:904	has_similarity	S_0.7
ID:904	has_uncertainty	U_0.6
ID:905	of_type	TY_outlet concentration measurement
ID:905	of_reactor	R_stirred reactor
ID:905	has_author	Author 58
ID:905	of_year	Y_1988
ID:905	of_target	T_IDT
ID:905	has_similarity	S_0.6
ID:905	has_uncertainty	U_0.6
ID:906	of_type	TY_outlet concentration measurement
ID:906	of_reactor	R_stirred reactor
ID:906	has_author	Author 52
ID:906	of_year	Y_2012
ID:906	of_target	T_H2
ID:906	has_similarity	S_0.4
ID:906	has_uncertainty	U_0.4
ID:907	of_type	TY_burner stabilized flame speciation measurement
ID:907	of_reactor	R_flame
ID:907	has_author	Author 31
ID:907	of_year	Y_2025
ID:907	of_target	T_C0
ID:907	has_similarity	S_0.4
ID:907	has_uncertainty	U_0.2
ID:908	of_type	TY_ignition delay measurement
ID:908	of_reactor	R_shock tube
ID:908	has_author	Author 43
ID:908	of_year	Y_2020
ID:908	of_target	T_NH3
ID:908	has_similarity	S_0.1
ID:908	has_uncertainty	U_0.3
ID:909	of_type	TY_laminar burning velocity measurement
ID:909	of_reactor	R_flame
ID:909	has_author	Author 61
ID:909	of_year	Y_1991
ID:909	of_target	T_CO2
ID:909	has_similarity	S_0.7
ID:909	has_uncertainty	U_1.0
ID:910	of_type	TY_ignition delay measurement
ID:910	of_reactor	R_shock tube
ID:910	has_author	Author 63
ID:910	of_year	Y_1989
ID:910	of_target	T_H20
ID:910	has_similarity	S_0.9
ID:910	has_uncertainty	U_0.6
ID:911	of_type	TY_concentration time profile measurement
ID:911	of_reactor	R_stirred reactor
ID:911	has_author	Author 88
ID:911	of_year	Y_1968
ID:911	of_target	T_H20
ID:911	has_similarity	S_0.0
ID:911	has_uncertainty	U_0.6
ID:912	of_type	TY_laminar burning velocity measurement
ID:912	of_reactor	R_flame
ID:912	has_author	Author 97
ID:912	of_year	Y_1963
ID:912	of_target	T_H2S
ID:912	has_similarity	S_0.5
ID:912	has_uncertainty	U_0.9
ID:913	of_type	TY_outlet concentration measurement
ID:913	of_reactor	R_flow reactor
ID:913	has_author	Author 34
ID:913	of_year	Y_1950
ID:913	of_target	T_NH3
ID:913	has_similarity	S_0.6
ID:913	has_uncertainty	U_0.6
ID:914	of_type	TY_laminar burning velocity measurement
ID:914	of_reactor	R_flame
ID:914	has_author	Author 72
ID:914	of_year	Y_2012
ID:914	of_target	T_H2S
ID:914	has_similarity	S_0.5
ID:914	has_uncertainty	U_0.0
ID:915	of_type	TY_concentration time profile measurement
ID:915	of_reactor	R_shock tube
ID:915	has_author	Author 79
ID:915	of_year	Y_1973
ID:915	of_target	T_IDT
ID:915	has_similarity	S_0.9
ID:915	has_uncertainty	U_0.1
ID:916	of_type	TY_laminar burning velocity measurement
ID:916	of_reactor	R_flame
ID:916	has_author	Author 50
ID:916	of_year	Y_2029
ID:916	of_target	T_CH4
ID:916	has_similarity	S_0.6
ID:916	has_uncertainty	U_0.9
ID:917	of_type	TY_concentration time profile measurement
ID:917	of_reactor	R_shock tube
ID:917	has_author	Author 14
ID:917	of_year	Y_2012
ID:917	of_target	T_C0
ID:917	has_similarity	S_0.0
ID:917	has_uncertainty	U_1.0
ID:918	of_type	TY_jet stirred reactor measurement
ID:918	of_reactor	R_flow reactor
ID:918	has_author	Author 6
ID:918	of_year	Y_2001
ID:918	of_target	T_IDT
ID:918	has_similarity	S_0.2
ID:918	has_uncertainty	U_0.1
ID:919	of_type	TY_jet stirred reactor measurement
ID:919	of_reactor	R_shock tube
ID:919	has_author	Author 71
ID:919	of_year	Y_1980
ID:919	of_target	T_C0
ID:919	has_similarity	S_0.1
ID:919	has_uncertainty	U_0.3
ID:920	of_type	TY_burner stabilized flame speciation measurement
ID:920	of_reactor	R_flame
ID:920	has_author	Author 23
ID:920	of_year	Y_1991
ID:920	of_target	T_NH3
ID:920	has_similarity	S_0.5
ID:920	has_uncertainty	U_0.1
ID:921	of_type	TY_concentration time profile measurement
ID:921	of_reactor	R_shock tube
ID:921	has_author	Author 11
ID:921	of_year	Y_1971
ID:921	of_target	T_C0
ID:921	has_similarity	S_0.2
ID:921	has_uncertainty	U_0.2
ID:922	of_type	TY_burner stabilized flame speciation measurement
ID:922	of_reactor	R_flame
ID:922	has_author	Author 48
ID:922	of_year	Y_1970
ID:922	of_target	T_H2S
ID:922	has_similarity	S_0.6
ID:922	has_uncertainty	U_0.6
ID:923	of_type	TY_concentration time profile measurement
ID:923	of_reactor	R_shock tube
ID:923	has_author	Author 70
ID:923	of_year	Y_2020
ID:923	of_target	T_H2
ID:923	has_similarity	S_0.0
ID:923	has_uncertainty	U_0.6
ID:924	of_type	TY_jet stirred reactor measurement
ID:924	of_reactor	R_shock tube
ID:924	has_author	Author 59
ID:924	of_year	Y_1999
ID:924	of_target	T_NH3
ID:924	has_similarity	S_0.2
ID:924	has_uncertainty	U_0.9
ID:925	of_type	TY_outlet concentration measurement
ID:925	of_reactor	R_flow reactor
ID:925	has_author	Author 44
ID:925	of_year	Y_2010
ID:925	of_target	T_CH3
ID:925	has_similarity	S_0.7
ID:925	has_uncertainty	U_0.4
ID:926	of_type	TY_ignition delay measurement
ID:926	of_reactor	R_rapid compression machine
ID:926	has_author	Author 45
ID:926	of_year	Y_2002
ID:926	of_target	T_C0
ID:926	has_similarity	S_0.0
ID:926	has_uncertainty	U_0.0
ID:927	of_type	TY_laminar burning velocity measurement
ID:927	of_reactor	R_flame
ID:927	has_author	Author 39
ID:927	of_year	Y_1980
ID:927	of_target	T_CH4
ID:927	has_similarity	S_0.7
ID:927	has_uncertainty	U_0.3
ID:928	of_type	TY_jet stirred reactor measurement
ID:928	of_reactor	R_shock tube
ID:928	has_author	Author 1
ID:928	of_year	Y_1964
ID:928	of_target	T_NH3
ID:928	has_similarity	S_0.2
ID:928	has_uncertainty	U_0.9
ID:929	of_type	TY_jet stirred reactor measurement
ID:929	of_reactor	R_flow reactor
ID:929	has_author	Author 78
ID:929	of_year	Y_1998
ID:929	of_target	T_H20
ID:929	has_similarity	S_0.2
ID:929	has_uncertainty	U_0.1
ID:930	of_type	TY_laminar burning velocity measurement
ID:930	of_reactor	R_flame
ID:930	has_author	Author 60
ID:930	of_year	Y_1988
ID:930	of_target	T_H2
ID:930	has_similarity	S_0.9
ID:930	has_uncertainty	U_0.4
ID:931	of_type	TY_jet stirred reactor measurement
ID:931	of_reactor	R_shock tube
ID:931	has_author	Author 3
ID:931	of_year	Y_2009
ID:931	of_target	T_CO2
ID:931	has_similarity	S_0.1
ID:931	has_uncertainty	U_0.0
ID:932	of_type	TY_jet stirred reactor measurement
ID:932	of_reactor	R_shock tube
ID:932	has_author	Author 82
ID:932	of_year	Y_2023
ID:932	of_target	T_CH3
ID:932	has_similarity	S_0.1
ID:932	has_uncertainty	U_0.6
ID:933	of_type	TY_burner stabilized flame speciation measurement
ID:933	of_reactor	R_flame
ID:933	has_author	Author 97
ID:933	of_year	Y_1960
ID:933	of_target	T_C5H6
ID:933	has_similarity	S_0.5
ID:933	has_uncertainty	U_0.2
ID:934	of_type	TY_ignition delay measurement
ID:934	of_reactor	R_shock tube
ID:934	has_author	Author 43
ID:934	of_year	Y_2028
ID:934	of_target	T_H2
ID:934	has_similarity	S_0.8
ID:934	has_uncertainty	U_0.8
ID:935	of_type	TY_concentration time profile measurement
ID:935	of_reactor	R_shock tube
ID:935	has_author	Author 95
ID:935	of_year	Y_1981
ID:935	of_target	T_H20
ID:935	has_similarity	S_0.7
ID:935	has_uncertainty	U_0.4
ID:936	of_type	TY_outlet concentration measurement
ID:936	of_reactor	R_shock tube
ID:936	has_author	Author 94
ID:936	of_year	Y_2027
ID:936	of_target	T_H20
ID:936	has_similarity	S_0.2
ID:936	has_uncertainty	U_0.8
ID:937	of_type	TY_outlet concentration measurement
ID:937	of_reactor	R_shock tube
ID:937	has_author	Author 94
ID:937	of_year	Y_2023
ID:937	of_target	T_C5H6
ID:937	has_similarity	S_0.6
ID:937	has_uncertainty	U_1.0
ID:938	of_type	TY_jet stirred reactor measurement
ID:938	of_reactor	R_stirred reactor
ID:938	has_author	Author 81
ID:938	of_year	Y_1990
ID:938	of_target	T_H2
ID:938	has_similarity	S_0.3
ID:938	has_uncertainty	U_0.7
ID:939	of_type	TY_ignition delay measurement
ID:939	of_reactor	R_shock tube
ID:939	has_author	Author 64
ID:939	of_year	Y_2011
ID:939	of_target	T_C7H8
ID:939	has_similarity	S_0.7
ID:939	has_uncertainty	U_0.0
ID:940	of_type	TY_jet stirred reactor measurement
ID:940	of_reactor	R_shock tube
ID:940	has_author	Author 47
ID:940	of_year	Y_2023
ID:940	of_target	T_CH3
ID:940	has_similarity	S_0.2
ID:940	has_uncertainty	U_0.8
ID:941	of_type	TY_laminar burning velocity measurement
ID:941	of_reactor	R_flame
ID:941	has_author	Author 46
ID:941	of_year	Y_1993
ID:941	of_target	T_CH4
ID:941	has_similarity	S_0.3
ID:941	has_uncertainty	U_0.2
ID:942	of_type	TY_outlet concentration measurement
ID:942	of_reactor	R_shock tube
ID:942	has_author	Author 24
ID:942	of_year	Y_1976
ID:942	of_target	T_C0
ID:942	has_similarity	S_0.3
ID:942	has_uncertainty	U_0.1
ID:943	of_type	TY_burner stabilized flame speciation measurement
ID:943	of_reactor	R_flame
ID:943	has_author	Author 27
ID:943	of_year	Y_1991
ID:943	of_target	T_CH3
ID:943	has_similarity	S_0.3
ID:943	has_uncertainty	U_0.8
ID:944	of_type	TY_jet stirred reactor measurement
ID:944	of_reactor	R_stirred reactor
ID:944	has_author	Author 49
ID:944	of_year	Y_1952
ID:944	of_target	T_CH3
ID:944	has_similarity	S_0.1
ID:944	has_uncertainty	U_0.9
ID:945	of_type	TY_ignition delay measurement
ID:945	of_reactor	R_shock tube
ID:945	has_author	Author 78
ID:945	of_year	Y_1994
ID:945	of_target	T_IDT
ID:945	has_similarity	S_0.5
ID:945	has_uncertainty	U_0.8
ID:946	of_type	TY_laminar burning velocity measurement
ID:946	of_reactor	R_flame
ID:946	has_author	Author 84
ID:946	of_year	Y_1978
ID:946	of_target	T_CH4
ID:946	has_similarity	S_0.1
ID:946	has_uncertainty	U_0.5
ID:947	of_type	TY_jet stirred reactor measurement
ID:947	of_reactor	R_flow reactor
ID:947	has_author	Author 11
ID:947	of_year	Y_1975
ID:947	of_target	T_CH4
ID:947	has_similarity	S_0.6
ID:947	has_uncertainty	U_0.1
ID:948	of_type	TY_outlet concentration measurement
ID:948	of_reactor	R_shock tube
ID:948	has_author	Author 57
ID:948	of_year	Y_1971
ID:948	of_target	T_CH3
ID:948	has_similarity	S_0.5
ID:948	has_uncertainty	U_0.4
ID:949	of_type	TY_laminar burning velocity measurement
ID:949	of_reactor	R_flame
ID:949	has_author	Author 23
ID:949	of_year	Y_1993
ID:949	of_target	T_H2
ID:949	has_similarity	S_0.0
ID:949	has_uncertainty	U_1.0
ID:950	of_type	TY_burner stabilized flame speciation measurement
ID:950	of_reactor	R_flame
ID:950	has_author	Author 43
ID:950	of_year	Y_2028
ID:950	of_target	T_CH4
ID:950	has_similarity	S_0.7
ID:950	has_uncertainty	U_0.9
ID:951	of_type	TY_jet stirred reactor measurement
ID:951	of_reactor	R_shock tube
ID:951	has_author	Author 6
ID:951	of_year	Y_2004
ID:951	of_target	T_CH4
ID:951	has_similarity	S_0.8
ID:951	has_uncertainty	U_0.7
ID:952	of_type	TY_jet stirred reactor measurement
ID:952	of_reactor	R_stirred reactor
ID:952	has_author	Author 32
ID:952	of_year	Y_1982
ID:952	of_target	T_NH3
ID:952	has_similarity	S_0.9
ID:952	has_uncertainty	U_0.1
ID:953	of_type	TY_outlet concentration measurement
ID:953	of_reactor	R_stirred reactor
ID:953	has_author	Author 37
ID:953	of_year	Y_1980
ID:953	of_target	T_NH3
ID:953	has_similarity	S_0.5
ID:953	has_uncertainty	U_0.6
ID:954	of_type	TY_ignition delay measurement
ID:954	of_reactor	R_shock tube
ID:954	has_author	Author 11
ID:954	of_year	Y_1979
ID:954	of_target	T_CH4
ID:954	has_similarity	S_1.0
ID:954	has_uncertainty	U_0.3
ID:955	of_type	TY_burner stabilized flame speciation measurement
ID:955	of_reactor	R_flame
ID:955	has_author	Author 27
ID:955	of_year	Y_1992
ID:955	of_target	T_C7H8
ID:955	has_similarity	S_0.1
ID:955	has_uncertainty	U_0.6
ID:956	of_type	TY_laminar burning velocity measurement
ID:956	of_reactor	R_flame
ID:956	has_author	Author 77
ID:956	of_year	Y_1954
ID:956	of_target	T_C5H6
ID:956	has_similarity	S_0.7
ID:956	has_uncertainty	U_0.4
ID:957	of_type	TY_ignition delay measurement
ID:957	of_reactor	R_shock tube
ID:957	has_author	Author 0
ID:957	of_year	Y_1960
ID:957	of_target	T_NH3
ID:957	has_similarity	S_0.9
ID:957	has_uncertainty	U_0.7
ID:958	of_type	TY_ignition delay measurement
ID:958	of_reactor	R_shock tube
ID:958	has_author	Author 82
ID:958	of_year	Y_2022
ID:958	of_target	T_CH3
ID:958	has_similarity	S_0.9
ID:958	has_uncertainty	U_0.7
ID:959	of_type	TY_concentration time profile measurement
ID:959	of_reactor	R_shock tube
ID:959	has_author	Author 58
ID:959	of_year	Y_1981
ID:959	of_target	T_C6H6
ID:959	has_similarity	S_0.7
ID:959	has_uncertainty	U_0.2
ID:960	of_type	TY_outlet concentration measurement
ID:960	of_reactor	R_shock tube
ID:960	has_author	Author 26
ID:960	of_year	Y_2003
ID:960	of_target	T_H2S
ID:960	has_similarity	S_0.5
ID:960	has_uncertainty	U_0.5
ID:961	of_type	TY_concentration time profile measurement
ID:961	of_reactor	R_flow reactor
ID:961	has_author	Author 52
ID:961	of_year	Y_2010
ID:961	of_target	T_CO2
ID:961	has_similarity	S_0.7
ID:961	has_uncertainty	U_0.9
ID:962	of_type	TY_ignition delay measurement
ID:962	of_reactor	R_rapid compression machine
ID:962	has_author	Author 14
ID:962	of_year	Y_2018
ID:962	of_target	T_C6H6
ID:962	has_similarity	S_0.8
ID:962	has_uncertainty	U_0.4
ID:963	of_type	TY_outlet concentration measurement
ID:963	of_reactor	R_flow reactor
ID:963	has_author	Author 34
ID:963	of_year	Y_1960
ID:963	of_target	T_C0
ID:963	has_similarity	S_0.2
ID:963	has_uncertainty	U_0.6
ID:964	of_type	TY_outlet concentration measurement
ID:964	of_reactor	R_stirred reactor
ID:964	has_author	Author 96
ID:964	of_year	Y_1966
ID:964	of_target	T_C0
ID:964	has_similarity	S_0.8
ID:964	has_uncertainty	U_0.9
ID:965	of_type	TY_ignition delay measurement
ID:965	of_reactor	R_shock tube
ID:965	has_author	Author 2
ID:965	of_year	Y_2000
ID:965	of_target	T_H2S
ID:965	has_similarity	S_0.9
ID:965	has_uncertainty	U_0.9
ID:966	of_type	TY_outlet concentration measurement
ID:966	of_reactor	R_stirred reactor
ID:966	has_author	Author 61
ID:966	of_year	Y_1997
ID:966	of_target	T_CH4
ID:966	has_similarity	S_0.3
ID:966	has_uncertainty	U_0.5
ID:967	of_type	TY_laminar burning velocity measurement
ID:967	of_reactor	R_flame
ID:967	has_author	Author 87
ID:967	of_year	Y_2005
ID:967	of_target	T_CH3
ID:967	has_similarity	S_0.2
ID:967	has_uncertainty	U_0.7
ID:968	of_type	TY_outlet concentration measurement
ID:968	of_reactor	R_flow reactor
ID:968	has_author	Author 43
ID:968	of_year	Y_2026
ID:968	of_target	T_CH4
ID:968	has_similarity	S_0.1
ID:968	has_uncertainty	U_1.0
ID:969	of_type	TY_laminar burning velocity measurement
ID:969	of_reactor	R_flame
ID:969	has_author	Author 82
ID:969	of_year	Y_2020
ID:969	of_target	T_H20
ID:969	has_similarity	S_0.9
ID:969	has_uncertainty	U_1.0
ID:970	of_type	TY_outlet concentration measurement
ID:970	of_reactor	R_stirred reactor
ID:970	has_author	Author 58
ID:970	of_year	Y_1985
ID:970	of_target	T_H2S
ID:970	has_similarity	S_0.5
ID:970	has_uncertainty	U_0.4
ID:971	of_type	TY_ignition delay measurement
ID:971	of_reactor	R_shock tube
ID:971	has_author	Author 52
ID:971	of_year	Y_2012
ID:971	of_target	T_H2S
ID:971	has_similarity	S_0.6
ID:971	has_uncertainty	U_0.7
ID:972	of_type	TY_concentration time profile measurement
ID:972	of_reactor	R_shock tube
ID:972	has_author	Author 75
ID:972	of_year	Y_1967
ID:972	of_target	T_C0
ID:972	has_similarity	S_0.3
ID:972	has_uncertainty	U_0.1
ID:973	of_type	TY_burner stabilized flame speciation measurement
ID:973	of_reactor	R_flame
ID:973	has_author	Author 11
ID:973	of_year	Y_1971
ID:973	of_target	T_CH3
ID:973	has_similarity	S_0.6
ID:973	has_uncertainty	U_0.3
ID:974	of_type	TY_concentration time profile measurement
ID:974	of_reactor	R_stirred reactor
ID:974	has_author	Author 13
ID:974	of_year	Y_1960
ID:974	of_target	T_NH3
ID:974	has_similarity	S_0.4
ID:974	has_uncertainty	U_0.0
ID:975	of_type	TY_ignition delay measurement
ID:975	of_reactor	R_rapid compression machine
ID:975	has_author	Author 99
ID:975	of_year	Y_2018
ID:975	of_target	T_IDT
ID:975	has_similarity	S_0.8
ID:975	has_uncertainty	U_0.4
ID:976	of_type	TY_ignition delay measurement
ID:976	of_reactor	R_rapid compression machine
ID:976	has_author	Author 81
ID:976	of_year	Y_1980
ID:976	of_target	T_C7H8
ID:976	has_similarity	S_0.6
ID:976	has_uncertainty	U_0.4
ID:977	of_type	TY_concentration time profile measurement
ID:977	of_reactor	R_shock tube
ID:977	has_author	Author 75
ID:977	of_year	Y_1966
ID:977	of_target	T_IDT
ID:977	has_similarity	S_0.7
ID:977	has_uncertainty	U_0.1
ID:978	of_type	TY_ignition delay measurement
ID:978	of_reactor	R_shock tube
ID:978	has_author	Author 96
ID:978	of_year	Y_1968
ID:978	of_target	T_CH3
ID:978	has_similarity	S_0.7
ID:978	has_uncertainty	U_0.2
ID:979	of_type	TY_burner stabilized flame speciation measurement
ID:979	of_reactor	R_flame
ID:979	has_author	Author 35
ID:979	of_year	Y_1975
ID:979	of_target	T_IDT
ID:979	has_similarity	S_0.9
ID:979	has_uncertainty	U_0.6
ID:980	of_type	TY_laminar burning velocity measurement
ID:980	of_reactor	R_flame
ID:980	has_author	Author 97
ID:980	of_year	Y_1967
ID:980	of_target	T_H20
ID:980	has_similarity	S_1.0
ID:980	has_uncertainty	U_0.6
ID:981	of_type	TY_burner stabilized flame speciation measurement
ID:981	of_reactor	R_flame
ID:981	has_author	Author 77
ID:981	of_year	Y_1951
ID:981	of_target	T_C7H8
ID:981	has_similarity	S_0.4
ID:981	has_uncertainty	U_0.0
ID:982	of_type	TY_burner stabilized flame speciation measurement
ID:982	of_reactor	R_flame
ID:982	has_author	Author 7
ID:982	of_year	Y_1952
ID:982	of_target	T_H20
ID:982	has_similarity	S_0.5
ID:982	has_uncertainty	U_0.6
ID:983	of_type	TY_burner stabilized flame speciation measurement
ID:983	of_reactor	R_flame
ID:983	has_author	Author 80
ID:983	of_year	Y_2024
ID:983	of_target	T_C0
ID:983	has_similarity	S_0.5
ID:983	has_uncertainty	U_1.0
ID:984	of_type	TY_laminar burning velocity measurement
ID:984	of_reactor	R_flame
ID:984	has_author	Author 67
ID:984	of_year	Y_1966
ID:984	of_target	T_H20
ID:984	has_similarity	S_0.5
ID:984	has_uncertainty	U_0.3
ID:985	of_type	TY_outlet concentration measurement
ID:985	of_reactor	R_flow reactor
ID:985	has_author	Author 89
ID:985	of_year	Y_2013
ID:985	of_target	T_C0
ID:985	has_similarity	S_0.2
ID:985	has_uncertainty	U_0.2
ID:986	of_type	TY_jet stirred reactor measurement
ID:986	of_reactor	R_stirred reactor
ID:986	has_author	Author 61
ID:986	of_year	Y_1991
ID:986	of_target	T_H2S
ID:986	has_similarity	S_0.8
ID:986	has_uncertainty	U_0.6
ID:987	of_type	TY_concentration time profile measurement
ID:987	of_reactor	R_shock tube
ID:987	has_author	Author 75
ID:987	of_year	Y_1961
ID:987	of_target	T_C6H6
ID:987	has_similarity	S_0.3
ID:987	has_uncertainty	U_0.6
ID:988	of_type	TY_ignition delay measurement
ID:988	of_reactor	R_shock tube
ID:988	has_author	Author 75
ID:988	of_year	Y_1965
ID:988	of_target	T_H2S
ID:988	has_similarity	S_0.3
ID:988	has_uncertainty	U_0.0
ID:989	of_type	TY_concentration time profile measurement
ID:989	of_reactor	R_stirred reactor
ID:989	has_author	Author 40
ID:989	of_year	Y_1957
ID:989	of_target	T_C6H6
ID:989	has_similarity	S_1.0
ID:989	has_uncertainty	U_0.6
ID:990	of_type	TY_jet stirred reactor measurement
ID:990	of_reactor	R_stirred reactor
ID:990	has_author	Author 75
ID:990	of_year	Y_1970
ID:990	of_target	T_CH3
ID:990	has_similarity	S_0.1
ID:990	has_uncertainty	U_0.9
ID:991	of_type	TY_outlet concentration measurement
ID:991	of_reactor	R_flow reactor
ID:991	has_author	Author 51
ID:991	of_year	Y_2025
ID:991	of_target	T_CH4
ID:991	has_similarity	S_0.5
ID:991	has_uncertainty	U_0.3
ID:992	of_type	TY_outlet concentration measurement
ID:992	of_reactor	R_stirred reactor
ID:992	has_author	Author 31
ID:992	of_year	Y_2023
ID:992	of_target	T_IDT
ID:992	has_similarity	S_0.8
ID:992	has_uncertainty	U_0.9
ID:993	of_type	TY_ignition delay measurement
ID:993	of_reactor	R_rapid compression machine
ID:993	has_author	Author 93
ID:993	of_year	Y_1984
ID:993	of_target	T_CH3
ID:993	has_similarity	S_0.0
ID:993	has_uncertainty	U_0.2
ID:994	of_type	TY_ignition delay measurement
ID:994	of_reactor	R_rapid compression machine
ID:994	has_author	Author 93
ID:994	of_year	Y_1980
ID:994	of_target	T_C6H6
ID:994	has_similarity	S_0.2
ID:994	has_uncertainty	U_0.6
ID:995	of_type	TY_jet stirred reactor measurement
ID:995	of_reactor	R_stirred reactor
ID:995	has_author	Author 36
ID:995	of_year	Y_1970
ID:995	of_target	T_NH3
ID:995	has_similarity	S_0.0
ID:995	has_uncertainty	U_0.3
ID:996	of_type	TY_laminar burning velocity measurement
ID:996	of_reactor	R_flame
ID:996	has_author	Author 99
ID:996	of_year	Y_2010
ID:996	of_target	T_H20
ID:996	has_similarity	S_0.2
ID:996	has_uncertainty	U_0.4
ID:997	of_type	TY_ignition delay measurement
ID:997	of_reactor	R_shock tube
ID:997	has_author	Author 33
ID:997	of_year	Y_1959
ID:997	of_target	T_H2
ID:997	has_similarity	S_0.9
ID:997	has_uncertainty	U_0.3
ID:998	of_type	TY_jet stirred reactor measurement
ID:998	of_reactor	R_stirred reactor
ID:998	has_author	Author 4
ID:998	of_year	Y_1954
ID:998	of_target	T_IDT
ID:998	has_similarity	S_0.6
ID:998	has_uncertainty	U_0.9
ID:999	of_type	TY_ignition delay measurement
ID:999	of_reactor	R_rapid compression machine
ID:999	has_author	Author 45
ID:999	of_year	Y_2009
ID:999	of_target	T_C6H6
ID:999	has_similarity	S_0.3
ID:999	has_uncertainty	U_0.6
