ID:0	of_type	TY_ignition delay measurement
ID:0	of_reactor	R_rapid compression machine
ID:0	has_author	Author 15
ID:0	of_year	Y_2015
ID:0	of_target	T_C0
ID:0	has_similarity	S_0.2
ID:0	has_uncertainty	U_0.2
ID:1	of_type	TY_laminar burning velocity measurement
ID:1	of_reactor	R_flame
ID:1	has_author	Author 24
ID:1	of_year	Y_1988
ID:1	of_target	T_CH3
ID:1	has_similarity	S_0.7
ID:1	has_uncertainty	U_0.7
ID:2	of_type	TY_burner stabilized flame speciation measurement
ID:2	of_reactor	R_flame
ID:2	has_author	Author 50
ID:2	of_year	Y_2000
ID:2	of_target	T_IDT
ID:2	has_similarity	S_0.4
ID:2	has_uncertainty	U_0.4
ID:3	of_type	TY_burner stabilized flame speciation measurement
ID:3	of_reactor	R_flame
ID:3	has_author	Author 68
ID:3	of_year	Y_2027
ID:3	of_target	T_C0
ID:3	has_similarity	S_0.1
ID:3	has_uncertainty	U_0.1
ID:4	of_type	TY_ignition delay measurement
ID:4	of_reactor	R_rapid compression machine
ID:4	has_author	Author 91
ID:4	of_year	Y_2015
ID:4	of_target	T_H2S
ID:4	has_similarity	S_0.2
ID:4	has_uncertainty	U_0.2
ID:5	of_type	TY_concentration time profile measurement
ID:5	of_reactor	R_flow reactor
ID:5	has_author	Author 23
ID:5	of_year	Y_1976
ID:5	of_target	T_C0
ID:5	has_similarity	S_0.3
ID:5	has_uncertainty	U_0.3
ID:6	of_type	TY_jet stirred reactor measurement
ID:6	of_reactor	R_shock tube
ID:6	has_author	Author 88
ID:6	of_year	Y_1988
ID:6	of_target	T_CH4
ID:6	has_similarity	S_0.4
ID:6	has_uncertainty	U_0.4
ID:7	of_type	TY_ignition delay measurement
ID:7	of_reactor	R_shock tube
ID:7	has_author	Author 92
ID:7	of_year	Y_1962
ID:7	of_target	T_H20
ID:7	has_similarity	S_0.8
ID:7	has_uncertainty	U_0.8
ID:8	of_type	TY_outlet concentration measurement
ID:8	of_reactor	R_stirred reactor
ID:8	has_author	Author 56
ID:8	of_year	Y_1992
ID:8	of_target	T_C6H6
ID:8	has_similarity	S_0.1
ID:8	has_uncertainty	U_0.1
ID:9	of_type	TY_burner stabilized flame speciation measurement
ID:9	of_reactor	R_flame
ID:9	has_author	Author 32
ID:9	of_year	Y_1997
ID:9	of_target	T_H20
ID:9	has_similarity	S_0.6
ID:9	has_uncertainty	U_0.6
ID:10	of_type	TY_laminar burning velocity measurement
ID:10	of_reactor	R_flame
ID:10	has_author	Author 53
ID:10	of_year	Y_1970
ID:10	of_target	T_H2
ID:10	has_similarity	S_0.2
ID:10	has_uncertainty	U_0.2
ID:11	of_type	TY_jet stirred reactor measurement
ID:11	of_reactor	R_shock tube
ID:11	has_author	Author 85
ID:11	of_year	Y_2017
ID:11	of_target	T_CO2
ID:11	has_similarity	S_0.4
ID:11	has_uncertainty	U_0.4
ID:12	of_type	TY_burner stabilized flame speciation measurement
ID:12	of_reactor	R_flame
ID:12	has_author	Author 98
ID:12	of_year	Y_1993
ID:12	of_target	T_C6H6
ID:12	has_similarity	S_0.7
ID:12	has_uncertainty	U_0.7
ID:13	of_type	TY_ignition delay measurement
ID:13	of_reactor	R_rapid compression machine
ID:13	has_author	Author 15
ID:13	of_year	Y_2020
ID:13	of_target	T_CH4
ID:13	has_similarity	S_0.9
ID:13	has_uncertainty	U_0.9
ID:14	of_type	TY_burner stabilized flame speciation measurement
ID:14	of_reactor	R_flame
ID:14	has_author	Author 69
ID:14	of_year	Y_1958
ID:14	of_target	T_H2
ID:14	has_similarity	S_0.5
ID:14	has_uncertainty	U_0.5
ID:15	of_type	TY_outlet concentration measurement
ID:15	of_reactor	R_stirred reactor
ID:15	has_author	Author 42
ID:15	of_year	Y_1968
ID:15	of_target	T_CH3
ID:15	has_similarity	S_0.4
ID:15	has_uncertainty	U_0.4
ID:16	of_type	TY_ignition delay measurement
ID:16	of_reactor	R_rapid compression machine
ID:16	has_author	Author 22
ID:16	of_year	Y_1984
ID:16	of_target	T_C6H6
ID:16	has_similarity	S_0.5
ID:16	has_uncertainty	U_0.5
ID:17	of_type	TY_laminar burning velocity measurement
ID:17	of_reactor	R_flame
ID:17	has_author	Author 34
ID:17	of_year	Y_2013
ID:17	of_target	T_H2S
ID:17	has_similarity	S_0.5
ID:17	has_uncertainty	U_0.5
ID:18	of_type	TY_jet stirred reactor measurement
ID:18	of_reactor	R_stirred reactor
ID:18	has_author	Author 80
ID:18	of_year	Y_2025
ID:18	of_target	T_C0
ID:18	has_similarity	S_0.6
ID:18	has_uncertainty	U_0.6
ID:19	of_type	TY_ignition delay measurement
ID:19	of_reactor	R_rapid compression machine
ID:19	has_author	Author 2
ID:19	of_year	Y_2006
ID:19	of_target	T_CH4
ID:19	has_similarity	S_0.7
ID:19	has_uncertainty	U_0.7
ID:20	of_type	TY_laminar burning velocity measurement
ID:20	of_reactor	R_flame
ID:20	has_author	Author 78
ID:20	of_year	Y_2000
ID:20	of_target	T_H2S
ID:20	has_similarity	S_0.9
ID:20	has_uncertainty	U_0.9
ID:21	of_type	TY_outlet concentration measurement
ID:21	of_reactor	R_stirred reactor
ID:21	has_author	Author 52
ID:21	of_year	Y_1967
ID:21	of_target	T_CH4
ID:21	has_similarity	S_0.3
ID:21	has_uncertainty	U_0.3
ID:22	of_type	TY_laminar burning velocity measurement
ID:22	of_reactor	R_flame
ID:22	has_author	Author 88
ID:22	of_year	Y_1990
ID:22	of_target	T_C6H6
ID:22	has_similarity	S_0.2
ID:22	has_uncertainty	U_0.2
ID:23	of_type	TY_burner stabilized flame speciation measurement
ID:23	of_reactor	R_flame
ID:23	has_author	Author 81
ID:23	of_year	Y_2007
ID:23	of_target	T_H2S
ID:23	has_similarity	S_0.0
ID:23	has_uncertainty	U_0.0
ID:24	of_type	TY_ignition delay measurement
ID:24	of_reactor	R_rapid compression machine
ID:24	has_author	Author 99
ID:24	of_year	Y_1956
ID:24	of_target	T_C6H6
ID:24	has_similarity	S_0.1
ID:24	has_uncertainty	U_0.1
ID:25	of_type	TY_outlet concentration measurement
ID:25	of_reactor	R_shock tube
ID:25	has_author	Author 73
ID:25	of_year	Y_1961
ID:25	of_target	T_H2
ID:25	has_similarity	S_0.9
ID:25	has_uncertainty	U_0.9
ID:26	of_type	TY_ignition delay measurement
ID:26	of_reactor	R_shock tube
ID:26	has_author	Author 53
ID:26	of_year	Y_1980
ID:26	of_target	T_CO2
ID:26	has_similarity	S_0.4
ID:26	has_uncertainty	U_0.4
ID:27	of_type	TY_concentration time profile measurement
ID:27	of_reactor	R_shock tube
ID:27	has_author	Author 8
ID:27	of_year	Y_1967
ID:27	of_target	T_CH3
ID:27	has_similarity	S_0.3
ID:27	has_uncertainty	U_0.3
ID:28	of_type	TY_ignition delay measurement
ID:28	of_reactor	R_shock tube
ID:28	has_author	Author 84
ID:28	of_year	Y_2011
ID:28	of_target	T_IDT
ID:28	has_similarity	S_0.6
ID:28	has_uncertainty	U_0.6
ID:29	of_type	TY_concentration time profile measurement
ID:29	of_reactor	R_stirred reactor
ID:29	has_author	Author 33
ID:29	of_year	Y_2007
ID:29	of_target	T_H2
ID:29	has_similarity	S_0.7
ID:29	has_uncertainty	U_0.7
ID:30	of_type	TY_jet stirred reactor measurement
ID:30	of_reactor	R_flow reactor
ID:30	has_author	Author 25
ID:30	of_year	Y_1960
ID:30	of_target	T_CO2
ID:30	has_similarity	S_0.7
ID:30	has_uncertainty	U_0.7
ID:31	of_type	TY_jet stirred reactor measurement
ID:31	of_reactor	R_flow reactor
ID:31	has_author	Author 25
ID:31	of_year	Y_1957
ID:31	of_target	T_IDT
ID:31	has_similarity	S_0.8
ID:31	has_uncertainty	U_0.8
ID:32	of_type	TY_burner stabilized flame speciation measurement
ID:32	of_reactor	R_flame
ID:32	has_author	Author 6
ID:32	of_year	Y_1972
ID:32	of_target	T_H20
ID:32	has_similarity	S_0.4
ID:32	has_uncertainty	U_0.4
ID:33	of_type	TY_jet stirred reactor measurement
ID:33	of_reactor	R_flow reactor
ID:33	has_author	Author 42
ID:33	of_year	Y_1967
ID:33	of_target	T_C7H8
ID:33	has_similarity	S_0.3
ID:33	has_uncertainty	U_0.3
ID:34	of_type	TY_laminar burning velocity measurement
ID:34	of_reactor	R_flame
ID:34	has_author	Author 2
ID:34	of_year	Y_2004
ID:34	of_target	T_C5H6
ID:34	has_similarity	S_0.1
ID:34	has_uncertainty	U_0.1
ID:35	of_type	TY_laminar burning velocity measurement
ID:35	of_reactor	R_flame
ID:35	has_author	Author 53
ID:35	of_year	Y_1978
ID:35	of_target	T_NH3
ID:35	has_similarity	S_0.5
ID:35	has_uncertainty	U_0.5
ID:36	of_type	TY_jet stirred reactor measurement
ID:36	of_reactor	R_flow reactor
ID:36	has_author	Author 94
ID:36	of_year	Y_1975
ID:36	of_target	T_H20
ID:36	has_similarity	S_0.5
ID:36	has_uncertainty	U_0.5
ID:37	of_type	TY_jet stirred reactor measurement
ID:37	of_reactor	R_stirred reactor
ID:37	has_author	Author 81
ID:37	of_year	Y_2006
ID:37	of_target	T_CO2
ID:37	has_similarity	S_0.2
ID:37	has_uncertainty	U_0.2
ID:38	of_type	TY_ignition delay measurement
ID:38	of_reactor	R_shock tube
ID:38	has_author	Author 95
ID:38	of_year	Y_1992
ID:38	of_target	T_H2
ID:38	has_similarity	S_0.1
ID:38	has_uncertainty	U_0.1
ID:39	of_type	TY_burner stabilized flame speciation measurement
ID:39	of_reactor	R_flame
ID:39	has_author	Author 21
ID:39	of_year	Y_2012
ID:39	of_target	T_C6H6
ID:39	has_similarity	S_0.4
ID:39	has_uncertainty	U_0.4
ID:40	of_type	TY_jet stirred reactor measurement
ID:40	of_reactor	R_stirred reactor
ID:40	has_author	Author 25
ID:40	of_year	Y_1956
ID:40	of_target	T_C0
ID:40	has_similarity	S_0.6
ID:40	has_uncertainty	U_0.6
ID:41	of_type	TY_laminar burning velocity measurement
ID:41	of_reactor	R_flame
ID:41	has_author	Author 60
ID:41	of_year	Y_2021
ID:41	of_target	T_C0
ID:41	has_similarity	S_0.1
ID:41	has_uncertainty	U_0.1
ID:42	of_type	TY_laminar burning velocity measurement
ID:42	of_reactor	R_flame
ID:42	has_author	Author 62
ID:42	of_year	Y_2013
ID:42	of_target	T_NH3
ID:42	has_similarity	S_0.4
ID:42	has_uncertainty	U_0.4
ID:43	of_type	TY_laminar burning velocity measurement
ID:43	of_reactor	R_flame
ID:43	has_author	Author 90
ID:43	of_year	Y_2009
ID:43	of_target	T_C5H6
ID:43	has_similarity	S_0.5
ID:43	has_uncertainty	U_0.5
ID:44	of_type	TY_outlet concentration measurement
ID:44	of_reactor	R_shock tube
ID:44	has_author	Author 86
ID:44	of_year	Y_1974
ID:44	of_target	T_C6H6
ID:44	has_similarity	S_0.4
ID:44	has_uncertainty	U_0.4
ID:45	of_type	TY_ignition delay measurement
ID:45	of_reactor	R_rapid compression machine
ID:45	has_author	Author 81
ID:45	of_year	Y_2008
ID:45	of_target	T_H2S
ID:45	has_similarity	S_1.0
ID:45	has_uncertainty	U_1.0
ID:46	of_type	TY_outlet concentration measurement
ID:46	of_reactor	R_flow reactor
ID:46	has_author	Author 79
ID:46	of_year	Y_1984
ID:46	of_target	T_CH3
ID:46	has_similarity	S_0.9
ID:46	has_uncertainty	U_0.9
ID:47	of_type	TY_concentration time profile measurement
ID:47	of_reactor	R_flow reactor
ID:47	has_author	Author 40
ID:47	of_year	Y_1975
ID:47	of_target	T_H2
ID:47	has_similarity	S_0.6
ID:47	has_uncertainty	U_0.6
ID:48	of_type	TY_jet stirred reactor measurement
ID:48	of_reactor	R_flow reactor
ID:48	has_author	Author 66
ID:48	of_year	Y_2015
ID:48	of_target	T_C5H6
ID:48	has_similarity	S_0.2
ID:48	has_uncertainty	U_0.2
ID:49	of_type	TY_jet stirred reactor measurement
ID:49	of_reactor	R_stirred reactor
ID:49	has_author	Author 44
ID:49	of_year	Y_1973
ID:49	of_target	T_C7H8
ID:49	has_similarity	S_0.4
ID:49	has_uncertainty	U_0.4
ID:50	of_type	TY_laminar burning velocity measurement
ID:50	of_reactor	R_flame
ID:50	has_author	Author 16
ID:50	of_year	Y_1992
ID:50	of_target	T_NH3
ID:50	has_similarity	S_0.6
ID:50	has_uncertainty	U_0.6
ID:51	of_type	TY_ignition delay measurement
ID:51	of_reactor	R_rapid compression machine
ID:51	has_author	Author 83
ID:51	of_year	Y_1962
ID:51	of_target	T_H2
ID:51	has_similarity	S_0.8
ID:51	has_uncertainty	U_0.8
ID:52	of_type	TY_outlet concentration measurement
ID:52	of_reactor	R_shock tube
ID:52	has_author	Author 3
ID:52	of_year	Y_2020
ID:52	of_target	T_H2
ID:52	has_similarity	S_0.2
ID:52	has_uncertainty	U_0.2
ID:53	of_type	TY_ignition delay measurement
ID:53	of_reactor	R_rapid compression machine
ID:53	has_author	Author 54
ID:53	of_year	Y_2030
ID:53	of_target	T_CH3
ID:53	has_similarity	S_1.0
ID:53	has_uncertainty	U_1.0
ID:54	of_type	TY_ignition delay measurement
ID:54	of_reactor	R_rapid compression machine
ID:54	has_author	Author 39
ID:54	of_year	Y_1960
ID:54	of_target	T_H2S
ID:54	has_similarity	S_0.7
ID:54	has_uncertainty	U_0.7
ID:55	of_type	TY_concentration time profile measurement
ID:55	of_reactor	R_shock tube
ID:55	has_author	Author 35
ID:55	of_year	Y_1996
ID:55	of_target	T_C6H6
ID:55	has_similarity	S_0.8
ID:55	has_uncertainty	U_0.8
ID:56	of_type	TY_jet stirred reactor measurement
ID:56	of_reactor	R_shock tube
ID:56	has_author	Author 40
ID:56	of_year	Y_1978
ID:56	of_target	T_H2S
ID:56	has_similarity	S_0.7
ID:56	has_uncertainty	U_0.7
ID:57	of_type	TY_ignition delay measurement
ID:57	of_reactor	R_shock tube
ID:57	has_author	Author 80
ID:57	of_year	Y_2023
ID:57	of_target	T_C6H6
ID:57	has_similarity	S_0.3
ID:57	has_uncertainty	U_0.3
ID:58	of_type	TY_jet stirred reactor measurement
ID:58	of_reactor	R_shock tube
ID:58	has_author	Author 67
ID:58	of_year	Y_2013
ID:58	of_target	T_H20
ID:58	has_similarity	S_0.1
ID:58	has_uncertainty	U_0.1
ID:59	of_type	TY_concentration time profile measurement
ID:59	of_reactor	R_flow reactor
ID:59	has_author	Author 44
ID:59	of_year	Y_1970
ID:59	of_target	T_H20
ID:59	has_similarity	S_0.5
ID:59	has_uncertainty	U_0.5
ID:60	of_type	TY_ignition delay measurement
ID:60	of_reactor	R_shock tube
ID:60	has_author	Author 71
ID:60	of_year	Y_1990
ID:60	of_target	T_NH3
ID:60	has_similarity	S_0.3
ID:60	has_uncertainty	U_0.3
ID:61	of_type	TY_ignition delay measurement
ID:61	of_reactor	R_shock tube
ID:61	has_author	Author 20
ID:61	of_year	Y_2013
ID:61	of_target	T_CO2
ID:61	has_similarity	S_0.2
ID:61	has_uncertainty	U_0.2
ID:62	of_type	TY_concentration time profile measurement
ID:62	of_reactor	R_flow reactor
ID:62	has_author	Author 24
ID:62	of_year	Y_1980
ID:62	of_target	T_H2
ID:62	has_similarity	S_0.2
ID:62	has_uncertainty	U_0.2
ID:63	of_type	TY_ignition delay measurement
ID:63	of_reactor	R_rapid compression machine
ID:63	has_author	Author 49
ID:63	of_year	Y_2011
ID:63	of_target	T_CO2
ID:63	has_similarity	S_1.0
ID:63	has_uncertainty	U_1.0
ID:64	of_type	TY_outlet concentration measurement
ID:64	of_reactor	R_flow reactor
ID:64	has_author	Author 93
ID:64	of_year	Y_1970
ID:64	of_target	T_H2
ID:64	has_similarity	S_0.9
ID:64	has_uncertainty	U_0.9
ID:65	of_type	TY_burner stabilized flame speciation measurement
ID:65	of_reactor	R_flame
ID:65	has_author	Author 78
ID:65	of_year	Y_1999
ID:65	of_target	T_H2S
ID:65	has_similarity	S_0.2
ID:65	has_uncertainty	U_0.2
ID:66	of_type	TY_laminar burning velocity measurement
ID:66	of_reactor	R_flame
ID:66	has_author	Author 20
ID:66	of_year	Y_2011
ID:66	of_target	T_C0
ID:66	has_similarity	S_0.1
ID:66	has_uncertainty	U_0.1
ID:67	of_type	TY_burner stabilized flame speciation measurement
ID:67	of_reactor	R_flame
ID:67	has_author	Author 1
ID:67	of_year	Y_2001
ID:67	of_target	T_C6H6
ID:67	has_similarity	S_0.3
ID:67	has_uncertainty	U_0.3
ID:68	of_type	TY_burner stabilized flame speciation measurement
ID:68	of_reactor	R_flame
ID:68	has_author	Author 21
ID:68	of_year	Y_2017
ID:68	of_target	T_C7H8
ID:68	has_similarity	S_0.2
ID:68	has_uncertainty	U_0.2
ID:69	of_type	TY_laminar burning velocity measurement
ID:69	of_reactor	R_flame
ID:69	has_author	Author 79
ID:69	of_year	Y_1980
ID:69	of_target	T_H2S
ID:69	has_similarity	S_0.9
ID:69	has_uncertainty	U_0.9
ID:70	of_type	TY_laminar burning velocity measurement
ID:70	of_reactor	R_flame
ID:70	has_author	Author 33
ID:70	of_year	Y_2003
ID:70	of_target	T_CH3
ID:70	has_similarity	S_1.0
ID:70	has_uncertainty	U_1.0
ID:71	of_type	TY_outlet concentration measurement
ID:71	of_reactor	R_stirred reactor
ID:71	has_author	Author 26
ID:71	of_year	Y_1988
ID:71	of_target	T_C6H6
ID:71	has_similarity	S_0.7
ID:71	has_uncertainty	U_0.7
ID:72	of_type	TY_concentration time profile measurement
ID:72	of_reactor	R_stirred reactor
ID:72	has_author	Author 25
ID:72	of_year	Y_1952
ID:72	of_target	T_H2S
ID:72	has_similarity	S_0.6
ID:72	has_uncertainty	U_0.6
ID:73	of_type	TY_ignition delay measurement
ID:73	of_reactor	R_rapid compression machine
ID:73	has_author	Author 73
ID:73	of_year	Y_1970
ID:73	of_target	T_H20
ID:73	has_similarity	S_0.2
ID:73	has_uncertainty	U_0.2
ID:74	of_type	TY_ignition delay measurement
ID:74	of_reactor	R_rapid compression machine
ID:74	has_author	Author 61
ID:74	of_year	Y_2002
ID:74	of_target	T_H20
ID:74	has_similarity	S_0.6
ID:74	has_uncertainty	U_0.6
ID:75	of_type	TY_laminar burning velocity measurement
ID:75	of_reactor	R_flame
ID:75	has_author	Author 57
ID:75	of_year	Y_1993
ID:75	of_target	T_C7H8
ID:75	has_similarity	S_0.3
ID:75	has_uncertainty	U_0.3
ID:76	of_type	TY_burner stabilized flame speciation measurement
ID:76	of_reactor	R_flame
ID:76	has_author	Author 59
ID:76	of_year	Y_2001
ID:76	of_target	T_IDT
ID:76	has_similarity	S_0.1
ID:76	has_uncertainty	U_0.1
ID:77	of_type	TY_jet stirred reactor measurement
ID:77	of_reactor	R_flow reactor
ID:77	has_author	Author 47
ID:77	of_year	Y_2004
ID:77	of_target	T_CH3
ID:77	has_similarity	S_0.9
ID:77	has_uncertainty	U_0.9
ID:78	of_type	TY_jet stirred reactor measurement
ID:78	of_reactor	R_stirred reactor
ID:78	has_author	Author 6
ID:78	of_year	Y_1971
ID:78	of_target	T_CH4
ID:78	has_similarity	S_0.5
ID:78	has_uncertainty	U_0.5
ID:79	of_type	TY_outlet concentration measurement
ID:79	of_reactor	R_flow reactor
ID:79	has_author	Author 91
ID:79	of_year	Y_2016
ID:79	of_target	T_CH3
ID:79	has_similarity	S_0.8
ID:79	has_uncertainty	U_0.8
ID:80	of_type	TY_laminar burning velocity measurement
ID:80	of_reactor	R_flame
ID:80	has_author	Author 48
ID:80	of_year	Y_1992
ID:80	of_target	T_C7H8
ID:80	has_similarity	S_0.3
ID:80	has_uncertainty	U_0.3
ID:81	of_type	TY_concentration time profile measurement
ID:81	of_reactor	R_stirred reactor
ID:81	has_author	Author 28
ID:81	of_year	Y_1959
ID:81	of_target	T_C0
ID:81	has_similarity	S_0.0
ID:81	has_uncertainty	U_0.0
ID:82	of_type	TY_ignition delay measurement
ID:82	of_reactor	R_rapid compression machine
ID:82	has_author	Author 11
ID:82	of_year	Y_1960
ID:82	of_target	T_CO2
ID:82	has_similarity	S_0.8
ID:82	has_uncertainty	U_0.8
ID:83	of_type	TY_burner stabilized flame speciation measurement
ID:83	of_reactor	R_flame
ID:83	has_author	Author 38
ID:83	of_year	Y_2030
ID:83	of_target	T_NH3
ID:83	has_similarity	S_0.5
ID:83	has_uncertainty	U_0.5
ID:84	of_type	TY_laminar burning velocity measurement
ID:84	of_reactor	R_flame
ID:84	has_author	Author 17
ID:84	of_year	Y_2007
ID:84	of_target	T_H20
ID:84	has_similarity	S_0.8
ID:84	has_uncertainty	U_0.8
ID:85	of_type	TY_jet stirred reactor measurement
ID:85	of_reactor	R_stirred reactor
ID:85	has_author	Author 35
ID:85	of_year	Y_2000
ID:85	of_target	T_NH3
ID:85	has_similarity	S_0.9
ID:85	has_uncertainty	U_0.9
ID:86	of_type	TY_laminar burning velocity measurement
ID:86	of_reactor	R_flame
ID:86	has_author	Author 84
ID:86	of_year	Y_2016
ID:86	of_target	T_C7H8
ID:86	has_similarity	S_0.1
ID:86	has_uncertainty	U_0.1
ID:87	of_type	TY_outlet concentration measurement
ID:87	of_reactor	R_shock tube
ID:87	has_author	Author 31
ID:87	of_year	Y_1984
ID:87	of_target	T_CH3
ID:87	has_similarity	S_0.7
ID:87	has_uncertainty	U_0.7
ID:88	of_type	TY_laminar burning velocity measurement
ID:88	of_reactor	R_flame
ID:88	has_author	Author 47
ID:88	of_year	Y_2002
ID:88	of_target	T_C6H6
ID:88	has_similarity	S_0.8
ID:88	has_uncertainty	U_0.8
ID:89	of_type	TY_jet stirred reactor measurement
ID:89	of_reactor	R_shock tube
ID:89	has_author	Author 89
ID:89	of_year	Y_2029
ID:89	of_target	T_C5H6
ID:89	has_similarity	S_0.2
ID:89	has_uncertainty	U_0.2
ID:90	of_type	TY_outlet concentration measurement
ID:90	of_reactor	R_stirred reactor
ID:90	has_author	Author 36
ID:90	of_year	Y_1994
ID:90	of_target	T_CH3
ID:90	has_similarity	S_0.8
ID:90	has_uncertainty	U_0.8
ID:91	of_type	TY_jet stirred reactor measurement
ID:91	of_reactor	R_stirred reactor
ID:91	has_author	Author 61
ID:91	of_year	Y_2001
ID:91	of_target	T_H2
ID:91	has_similarity	S_0.4
ID:91	has_uncertainty	U_0.4
ID:92	of_type	TY_burner stabilized flame speciation measurement
ID:92	of_reactor	R_flame
ID:92	has_author	Author 40
ID:92	of_year	Y_1974
ID:92	of_target	T_C5H6
ID:92	has_similarity	S_0.0
ID:92	has_uncertainty	U_0.0
ID:93	of_type	TY_jet stirred reactor measurement
ID:93	of_reactor	R_stirred reactor
ID:93	has_author	Author 19
ID:93	of_year	Y_1969
ID:93	of_target	T_CO2
ID:93	has_similarity	S_0.5
ID:93	has_uncertainty	U_0.5
ID:94	of_type	TY_burner stabilized flame speciation measurement
ID:94	of_reactor	R_flame
ID:94	has_author	Author 83
ID:94	of_year	Y_1967
ID:94	of_target	T_CH4
ID:94	has_similarity	S_0.4
ID:94	has_uncertainty	U_0.4
ID:95	of_type	TY_ignition delay measurement
ID:95	of_reactor	R_rapid compression machine
ID:95	has_author	Author 12
ID:95	of_year	Y_2029
ID:95	of_target	T_C6H6
ID:95	has_similarity	S_0.0
ID:95	has_uncertainty	U_0.0
ID:96	of_type	TY_laminar burning velocity measurement
ID:96	of_reactor	R_flame
ID:96	has_author	Author 81
ID:96	of_year	Y_2005
ID:96	of_target	T_C5H6
ID:96	has_similarity	S_0.4
ID:96	has_uncertainty	U_0.4
ID:97	of_type	TY_jet stirred reactor measurement
ID:97	of_reactor	R_shock tube
ID:97	has_author	Author 25
ID:97	of_year	Y_1951
ID:97	of_target	T_C6H6
ID:97	has_similarity	S_0.8
ID:97	has_uncertainty	U_0.8
ID:98	of_type	TY_ignition delay measurement
ID:98	of_reactor	R_rapid compression machine
ID:98	has_author	Author 78
ID:98	of_year	Y_2000
ID:98	of_target	T_C0
ID:98	has_similarity	S_0.8
ID:98	has_uncertainty	U_0.8
ID:99	of_type	TY_laminar burning velocity measurement
ID:99	of_reactor	R_flame
ID:99	has_author	Author 63
ID:99	of_year	Y_1970
ID:99	of_target	T_CH4
ID:99	has_similarity	S_0.2
ID:99	has_uncertainty	U_0.2
ID:100	of_type	TY_jet stirred reactor measurement
ID:100	of_reactor	R_stirred reactor
ID:100	has_author	Author 38
ID:100	of_year	Y_2023
ID:100	of_target	T_CH3
ID:100	has_similarity	S_0.4
ID:100	has_uncertainty	U_0.4
ID:101	of_type	TY_jet stirred reactor measurement
ID:101	of_reactor	R_stirred reactor
ID:101	has_author	Author 54
ID:101	of_year	Y_2025
ID:101	of_target	T_C5H6
ID:101	has_similarity	S_0.9
ID:101	has_uncertainty	U_0.9
ID:102	of_type	TY_outlet concentration measurement
ID:102	of_reactor	R_shock tube
ID:102	has_author	Author 13
ID:102	of_year	Y_1966
ID:102	of_target	T_CO2
ID:102	has_similarity	S_0.4
ID:102	has_uncertainty	U_0.4
ID:103	of_type	TY_concentration time profile measurement
ID:103	of_reactor	R_flow reactor
ID:103	has_author	Author 36
ID:103	of_year	Y_1991
ID:103	of_target	T_C7H8
ID:103	has_similarity	S_0.5
ID:103	has_uncertainty	U_0.5
ID:104	of_type	TY_burner stabilized flame speciation measurement
ID:104	of_reactor	R_flame
ID:104	has_author	Author 30
ID:104	of_year	Y_1959
ID:104	of_target	T_CH3
ID:104	has_similarity	S_0.0
ID:104	has_uncertainty	U_0.0
ID:105	of_type	TY_jet stirred reactor measurement
ID:105	of_reactor	R_flow reactor
ID:105	has_author	Author 65
ID:105	of_year	Y_1993
ID:105	of_target	T_H2
ID:105	has_similarity	S_0.8
ID:105	has_uncertainty	U_0.8
ID:106	of_type	TY_concentration time profile measurement
ID:106	of_reactor	R_flow reactor
ID:106	has_author	Author 14
ID:106	of_year	Y_2025
ID:106	of_target	T_NH3
ID:106	has_similarity	S_0.1
ID:106	has_uncertainty	U_0.1
ID:107	of_type	TY_concentration time profile measurement
ID:107	of_reactor	R_stirred reactor
ID:107	has_author	Author 72
ID:107	of_year	Y_2014
ID:107	of_target	T_H20
ID:107	has_similarity	S_0.7
ID:107	has_uncertainty	U_0.7
ID:108	of_type	TY_laminar burning velocity measurement
ID:108	of_reactor	R_flame
ID:108	has_author	Author 80
ID:108	of_year	Y_2023
ID:108	of_target	T_CH4
ID:108	has_similarity	S_0.6
ID:108	has_uncertainty	U_0.6
ID:109	of_type	TY_jet stirred reactor measurement
ID:109	of_reactor	R_stirred reactor
ID:109	has_author	Author 84
ID:109	of_year	Y_2020
ID:109	of_target	T_C6H6
ID:109	has_similarity	S_0.5
ID:109	has_uncertainty	U_0.5
ID:110	of_type	TY_burner stabilized flame speciation measurement
ID:110	of_reactor	R_flame
ID:110	has_author	Author 60
ID:110	of_year	Y_2022
ID:110	of_target	T_H2S
ID:110	has_similarity	S_0.5
ID:110	has_uncertainty	U_0.5
ID:111	of_type	TY_burner stabilized flame speciation measurement
ID:111	of_reactor	R_flame
ID:111	has_author	Author 95
ID:111	of_year	Y_1992
ID:111	of_target	T_C7H8
ID:111	has_similarity	S_0.1
ID:111	has_uncertainty	U_0.1
ID:112	of_type	TY_burner stabilized flame speciation measurement
ID:112	of_reactor	R_flame
ID:112	has_author	Author 66
ID:112	of_year	Y_2019
ID:112	of_target	T_C7H8
ID:112	has_similarity	S_0.0
ID:112	has_uncertainty	U_0.0
ID:113	of_type	TY_concentration time profile measurement
ID:113	of_reactor	R_flow reactor
ID:113	has_author	Author 2
ID:113	of_year	Y_2008
ID:113	of_target	T_IDT
ID:113	has_similarity	S_0.6
ID:113	has_uncertainty	U_0.6
ID:114	of_type	TY_outlet concentration measurement
ID:114	of_reactor	R_flow reactor
ID:114	has_author	Author 55
ID:114	of_year	Y_2000
ID:114	of_target	T_C7H8
ID:114	has_similarity	S_0.9
ID:114	has_uncertainty	U_0.9
ID:115	of_type	TY_concentration time profile measurement
ID:115	of_reactor	R_shock tube
ID:115	has_author	Author 45
ID:115	of_year	Y_2007
ID:115	of_target	T_CO2
ID:115	has_similarity	S_0.2
ID:115	has_uncertainty	U_0.2
ID:116	of_type	TY_outlet concentration measurement
ID:116	of_reactor	R_flow reactor
ID:116	has_author	Author 79
ID:116	of_year	Y_1980
ID:116	of_target	T_H20
ID:116	has_similarity	S_0.2
ID:116	has_uncertainty	U_0.2
ID:117	of_type	TY_jet stirred reactor measurement
ID:117	of_reactor	R_flow reactor
ID:117	has_author	Author 62
ID:117	of_year	Y_2012
ID:117	of_target	T_C6H6
ID:117	has_similarity	S_0.5
ID:117	has_uncertainty	U_0.5
ID:118	of_type	TY_concentration time profile measurement
ID:118	of_reactor	R_stirred reactor
ID:118	has_author	Author 37
ID:118	of_year	Y_2019
ID:118	of_target	T_CH3
ID:118	has_similarity	S_0.6
ID:118	has_uncertainty	U_0.6
ID:119	of_type	TY_concentration time profile measurement
ID:119	of_reactor	R_stirred reactor
ID:119	has_author	Author 78
ID:119	of_year	Y_1999
ID:119	of_target	T_C7H8
ID:119	has_similarity	S_0.7
ID:119	has_uncertainty	U_0.7
ID:120	of_type	TY_jet stirred reactor measurement
ID:120	of_reactor	R_shock tube
ID:120	has_author	Author 11
ID:120	of_year	Y_1952
ID:120	of_target	T_C6H6
ID:120	has_similarity	S_0.9
ID:120	has_uncertainty	U_0.9
ID:121	of_type	TY_burner stabilized flame speciation measurement
ID:121	of_reactor	R_flame
ID:121	has_author	Author 65
ID:121	of_year	Y_1994
ID:121	of_target	T_IDT
ID:121	has_similarity	S_0.8
ID:121	has_uncertainty	U_0.8
ID:122	of_type	TY_ignition delay measurement
ID:122	of_reactor	R_rapid compression machine
ID:122	has_author	Author 42
ID:122	of_year	Y_1961
ID:122	of_target	T_H2S
ID:122	has_similarity	S_0.1
ID:122	has_uncertainty	U_0.1
ID:123	of_type	TY_jet stirred reactor measurement
ID:123	of_reactor	R_shock tube
ID:123	has_author	Author 97
ID:123	of_year	Y_2004
ID:123	of_target	T_C6H6
ID:123	has_similarity	S_0.9
ID:123	has_uncertainty	U_0.9
ID:124	of_type	TY_outlet concentration measurement
ID:124	of_reactor	R_shock tube
ID:124	has_author	Author 51
ID:124	of_year	Y_1965
ID:124	of_target	T_NH3
ID:124	has_similarity	S_0.5
ID:124	has_uncertainty	U_0.5
ID:125	of_type	TY_jet stirred reactor measurement
ID:125	of_reactor	R_shock tube
ID:125	has_author	Author 69
ID:125	of_year	Y_1955
ID:125	of_target	T_C6H6
ID:125	has_similarity	S_0.7
ID:125	has_uncertainty	U_0.7
ID:126	of_type	TY_concentration time profile measurement
ID:126	of_reactor	R_stirred reactor
ID:126	has_author	Author 53
ID:126	of_year	Y_1979
ID:126	of_target	T_C5H6
ID:126	has_similarity	S_0.2
ID:126	has_uncertainty	U_0.2
ID:127	of_type	TY_ignition delay measurement
ID:127	of_reactor	R_shock tube
ID:127	has_author	Author 41
ID:127	of_year	Y_2010
ID:127	of_target	T_CH4
ID:127	has_similarity	S_0.5
ID:127	has_uncertainty	U_0.5
ID:128	of_type	TY_outlet concentration measurement
ID:128	of_reactor	R_shock tube
ID:128	has_author	Author 19
ID:128	of_year	Y_1967
ID:128	of_target	T_C6H6
ID:128	has_similarity	S_1.0
ID:128	has_uncertainty	U_1.0
ID:129	of_type	TY_outlet concentration measurement
ID:129	of_reactor	R_flow reactor
ID:129	has_author	Author 8
ID:129	of_year	Y_1964
ID:129	of_target	T_C0
ID:129	has_similarity	S_0.0
ID:129	has_uncertainty	U_0.0
ID:130	of_type	TY_concentration time profile measurement
ID:130	of_reactor	R_flow reactor
ID:130	has_author	Author 53
ID:130	of_year	Y_1980
ID:130	of_target	T_H20
ID:130	has_similarity	S_0.6
ID:130	has_uncertainty	U_0.6
ID:131	of_type	TY_outlet concentration measurement
ID:131	of_reactor	R_shock tube
ID:131	has_author	Author 20
ID:131	of_year	Y_2012
ID:131	of_target	T_H2S
ID:131	has_similarity	S_0.3
ID:131	has_uncertainty	U_0.3
ID:132	of_type	TY_jet stirred reactor measurement
ID:132	of_reactor	R_stirred reactor
ID:132	has_author	Author 83
ID:132	of_year	Y_1962
ID:132	of_target	T_CH4
ID:132	has_similarity	S_0.9
ID:132	has_uncertainty	U_0.9
ID:133	of_type	TY_burner stabilized flame speciation measurement
ID:133	of_reactor	R_flame
ID:133	has_author	Author 17
ID:133	of_year	Y_2001
ID:133	of_target	T_C6H6
ID:133	has_similarity	S_0.3
ID:133	has_uncertainty	U_0.3
ID:134	of_type	TY_jet stirred reactor measurement
ID:134	of_reactor	R_flow reactor
ID:134	has_author	Author 81
ID:134	of_year	Y_2009
ID:134	of_target	T_NH3
ID:134	has_similarity	S_1.0
ID:134	has_uncertainty	U_1.0
ID:135	of_type	TY_laminar burning velocity measurement
ID:135	of_reactor	R_flame
ID:135	has_author	Author 62
ID:135	of_year	Y_2015
ID:135	of_target	T_H20
ID:135	has_similarity	S_0.1
ID:135	has_uncertainty	U_0.1
ID:136	of_type	TY_jet stirred reactor measurement
ID:136	of_reactor	R_shock tube
ID:136	has_author	Author 10
ID:136	of_year	Y_2027
ID:136	of_target	T_H2
ID:136	has_similarity	S_0.3
ID:136	has_uncertainty	U_0.3
ID:137	of_type	TY_jet stirred reactor measurement
ID:137	of_reactor	R_shock tube
ID:137	has_author	Author 9
ID:137	of_year	Y_2007
ID:137	of_target	T_CH4
ID:137	has_similarity	S_0.4
ID:137	has_uncertainty	U_0.4
ID:138	of_type	TY_burner stabilized flame speciation measurement
ID:138	of_reactor	R_flame
ID:138	has_author	Author 19
ID:138	of_year	Y_1967
ID:138	of_target	T_C0
ID:138	has_similarity	S_0.2
ID:138	has_uncertainty	U_0.2
ID:139	of_type	TY_outlet concentration measurement
ID:139	of_reactor	R_flow reactor
ID:139	has_author	Author 31
ID:139	of_year	Y_1983
ID:139	of_target	T_C5H6
ID:139	has_similarity	S_0.8
ID:139	has_uncertainty	U_0.8
ID:140	of_type	TY_outlet concentration measurement
ID:140	of_reactor	R_stirred reactor
ID:140	has_author	Author 82
ID:140	of_year	Y_1998
ID:140	of_target	T_CO2
ID:140	has_similarity	S_0.8
ID:140	has_uncertainty	U_0.8
ID:141	of_type	TY_outlet concentration measurement
ID:141	of_reactor	R_shock tube
ID:141	has_author	Author 4
ID:141	of_year	Y_1975
ID:141	of_target	T_CO2
ID:141	has_similarity	S_0.5
ID:141	has_uncertainty	U_0.5
ID:142	of_type	TY_laminar burning velocity measurement
ID:142	of_reactor	R_flame
ID:142	has_author	Author 81
ID:142	of_year	Y_2005
ID:142	of_target	T_NH3
ID:142	has_similarity	S_0.2
ID:142	has_uncertainty	U_0.2
ID:143	of_type	TY_burner stabilized flame speciation measurement
ID:143	of_reactor	R_flame
ID:143	has_author	Author 0
ID:143	of_year	Y_1952
ID:143	of_target	T_CH3
ID:143	has_similarity	S_0.4
ID:143	has_uncertainty	U_0.4
ID:144	of_type	TY_burner stabilized flame speciation measurement
ID:144	of_reactor	R_flame
ID:144	has_author	Author 28
ID:144	of_year	Y_1951
ID:144	of_target	T_C7H8
ID:144	has_similarity	S_0.9
ID:144	has_uncertainty	U_0.9
ID:145	of_type	TY_laminar burning velocity measurement
ID:145	of_reactor	R_flame
ID:145	has_author	Author 88
ID:145	of_year	Y_1989
ID:145	of_target	T_H2S
ID:145	has_similarity	S_0.7
ID:145	has_uncertainty	U_0.7
ID:146	of_type	TY_outlet concentration measurement
ID:146	of_reactor	R_flow reactor
ID:146	has_author	Author 4
ID:146	of_year	Y_1975
ID:146	of_target	T_NH3
ID:146	has_similarity	S_0.0
ID:146	has_uncertainty	U_0.0
ID:147	of_type	TY_burner stabilized flame speciation measurement
ID:147	of_reactor	R_flame
ID:147	has_author	Author 15
ID:147	of_year	Y_2018
ID:147	of_target	T_CH3
ID:147	has_similarity	S_0.6
ID:147	has_uncertainty	U_0.6
ID:148	of_type	TY_concentration time profile measurement
ID:148	of_reactor	R_flow reactor
ID:148	has_author	Author 58
ID:148	of_year	Y_1976
ID:148	of_target	T_H20
ID:148	has_similarity	S_0.5
ID:148	has_uncertainty	U_0.5
ID:149	of_type	TY_laminar burning velocity measurement
ID:149	of_reactor	R_flame
ID:149	has_author	Author 71
ID:149	of_year	Y_1994
ID:149	of_target	T_CO2
ID:149	has_similarity	S_0.7
ID:149	has_uncertainty	U_0.7
ID:150	of_type	TY_ignition delay measurement
ID:150	of_reactor	R_rapid compression machine
ID:150	has_author	Author 53
ID:150	of_year	Y_1973
ID:150	of_target	T_C6H6
ID:150	has_similarity	S_0.3
ID:150	has_uncertainty	U_0.3
ID:151	of_type	TY_ignition delay measurement
ID:151	of_reactor	R_shock tube
ID:151	has_author	Author 61
ID:151	of_year	Y_2000
ID:151	of_target	T_H20
ID:151	has_similarity	S_0.7
ID:151	has_uncertainty	U_0.7
ID:152	of_type	TY_laminar burning velocity measurement
ID:152	of_reactor	R_flame
ID:152	has_author	Author 58
ID:152	of_year	Y_1978
ID:152	of_target	T_C6H6
ID:152	has_similarity	S_0.0
ID:152	has_uncertainty	U_0.0
ID:153	of_type	TY_outlet concentration measurement
ID:153	of_reactor	R_stirred reactor
ID:153	has_author	Author 82
ID:153	of_year	Y_1990
ID:153	of_target	T_C7H8
ID:153	has_similarity	S_0.7
ID:153	has_uncertainty	U_0.7
ID:154	of_type	TY_jet stirred reactor measurement
ID:154	of_reactor	R_flow reactor
ID:154	has_author	Author 85
ID:154	of_year	Y_2010
ID:154	of_target	T_CH3
ID:154	has_similarity	S_0.8
ID:154	has_uncertainty	U_0.8
ID:155	of_type	TY_outlet concentration measurement
ID:155	of_reactor	R_stirred reactor
ID:155	has_author	Author 4
ID:155	of_year	Y_1975
ID:155	of_target	T_H2S
ID:155	has_similarity	S_0.4
ID:155	has_uncertainty	U_0.4
ID:156	of_type	TY_outlet concentration measurement
ID:156	of_reactor	R_flow reactor
ID:156	has_author	Author 84
ID:156	of_year	Y_2010
ID:156	of_target	T_H2S
ID:156	has_similarity	S_0.1
ID:156	has_uncertainty	U_0.1
ID:157	of_type	TY_concentration time profile measurement
ID:157	of_reactor	R_stirred reactor
ID:157	has_author	Author 58
ID:157	of_year	Y_1977
ID:157	of_target	T_H2S
ID:157	has_similarity	S_0.9
ID:157	has_uncertainty	U_0.9
ID:158	of_type	TY_concentration time profile measurement
ID:158	of_reactor	R_shock tube
ID:158	has_author	Author 13
ID:158	of_year	Y_1962
ID:158	of_target	T_IDT
ID:158	has_similarity	S_0.8
ID:158	has_uncertainty	U_0.8
ID:159	of_type	TY_concentration time profile measurement
ID:159	of_reactor	R_stirred reactor
ID:159	has_author	Author 76
ID:159	of_year	Y_1972
ID:159	of_target	T_H2S
ID:159	has_similarity	S_0.7
ID:159	has_uncertainty	U_0.7
ID:160	of_type	TY_burner stabilized flame speciation measurement
ID:160	of_reactor	R_flame
ID:160	has_author	Author 80
ID:160	of_year	Y_2028
ID:160	of_target	T_CO2
ID:160	has_similarity	S_0.4
ID:160	has_uncertainty	U_0.4
ID:161	of_type	TY_outlet concentration measurement
ID:161	of_reactor	R_stirred reactor
ID:161	has_author	Author 9
ID:161	of_year	Y_2008
ID:161	of_target	T_CH3
ID:161	has_similarity	S_0.2
ID:161	has_uncertainty	U_0.2
ID:162	of_type	TY_outlet concentration measurement
ID:162	of_reactor	R_flow reactor
ID:162	has_author	Author 1
ID:162	of_year	Y_2002
ID:162	of_target	T_H20
ID:162	has_similarity	S_0.1
ID:162	has_uncertainty	U_0.1
ID:163	of_type	TY_outlet concentration measurement
ID:163	of_reactor	R_flow reactor
ID:163	has_author	Author 85
ID:163	of_year	Y_2010
ID:163	of_target	T_H2S
ID:163	has_similarity	S_0.3
ID:163	has_uncertainty	U_0.3
ID:164	of_type	TY_concentration time profile measurement
ID:164	of_reactor	R_flow reactor
ID:164	has_author	Author 23
ID:164	of_year	Y_1971
ID:164	of_target	T_C7H8
ID:164	has_similarity	S_0.7
ID:164	has_uncertainty	U_0.7
ID:165	of_type	TY_jet stirred reactor measurement
ID:165	of_reactor	R_shock tube
ID:165	has_author	Author 9
ID:165	of_year	Y_2010
ID:165	of_target	T_H20
ID:165	has_similarity	S_0.0
ID:165	has_uncertainty	U_0.0
ID:166	of_type	TY_concentration time profile measurement
ID:166	of_reactor	R_flow reactor
ID:166	has_author	Author 1
ID:166	of_year	Y_2005
ID:166	of_target	T_H2
ID:166	has_similarity	S_0.1
ID:166	has_uncertainty	U_0.1
ID:167	of_type	TY_burner stabilized flame speciation measurement
ID:167	of_reactor	R_flame
ID:167	has_author	Author 87
ID:167	of_year	Y_2017
ID:167	of_target	T_H2S
ID:167	has_similarity	S_0.1
ID:167	has_uncertainty	U_0.1
ID:168	of_type	TY_burner stabilized flame speciation measurement
ID:168	of_reactor	R_flame
ID:168	has_author	Author 45
ID:168	of_year	Y_2010
ID:168	of_target	T_CH4
ID:168	has_similarity	S_0.5
ID:168	has_uncertainty	U_0.5
ID:169	of_type	TY_burner stabilized flame speciation measurement
ID:169	of_reactor	R_flame
ID:169	has_author	Author 49
ID:169	of_year	Y_2018
ID:169	of_target	T_CO2
ID:169	has_similarity	S_0.5
ID:169	has_uncertainty	U_0.5
ID:170	of_type	TY_laminar burning velocity measurement
ID:170	of_reactor	R_flame
ID:170	has_author	Author 71
ID:170	of_year	Y_1997
ID:170	of_target	T_C5H6
ID:170	has_similarity	S_0.4
ID:170	has_uncertainty	U_0.4
ID:171	of_type	TY_ignition delay measurement
ID:171	of_reactor	R_shock tube
ID:171	has_author	Author 96
ID:171	of_year	Y_2011
ID:171	of_target	T_C7H8
ID:171	has_similarity	S_0.4
ID:171	has_uncertainty	U_0.4
ID:172	of_type	TY_concentration time profile measurement
ID:172	of_reactor	R_flow reactor
ID:172	has_author	Author 63
ID:172	of_year	Y_1971
ID:172	of_target	T_C0
ID:172	has_similarity	S_0.3
ID:172	has_uncertainty	U_0.3
ID:173	of_type	TY_burner stabilized flame speciation measurement
ID:173	of_reactor	R_flame
ID:173	has_author	Author 39
ID:173	of_year	Y_1956
ID:173	of_target	T_H20
ID:173	has_similarity	S_0.7
ID:173	has_uncertainty	U_0.7
ID:174	of_type	TY_burner stabilized flame speciation measurement
ID:174	of_reactor	R_flame
ID:174	has_author	Author 95
ID:174	of_year	Y_1990
ID:174	of_target	T_CH4
ID:174	has_similarity	S_0.6
ID:174	has_uncertainty	U_0.6
ID:175	of_type	TY_concentration time profile measurement
ID:175	of_reactor	R_stirred reactor
ID:175	has_author	Author 92
ID:175	of_year	Y_1970
ID:175	of_target	T_CO2
ID:175	has_similarity	S_0.9
ID:175	has_uncertainty	U_0.9
ID:176	of_type	TY_ignition delay measurement
ID:176	of_reactor	R_shock tube
ID:176	has_author	Author 14
ID:176	of_year	Y_2026
ID:176	of_target	T_H20
ID:176	has_similarity	S_1.0
ID:176	has_uncertainty	U_1.0
ID:177	of_type	TY_jet stirred reactor measurement
ID:177	of_reactor	R_flow reactor
ID:177	has_author	Author 91
ID:177	of_year	Y_2011
ID:177	of_target	T_IDT
ID:177	has_similarity	S_0.7
ID:177	has_uncertainty	U_0.7
ID:178	of_type	TY_outlet concentration measurement
ID:178	of_reactor	R_shock tube
ID:178	has_author	Author 21
ID:178	of_year	Y_2013
ID:178	of_target	T_H2S
ID:178	has_similarity	S_0.3
ID:178	has_uncertainty	U_0.3
ID:179	of_type	TY_burner stabilized flame speciation measurement
ID:179	of_reactor	R_flame
ID:179	has_author	Author 43
ID:179	of_year	Y_1951
ID:179	of_target	T_C0
ID:179	has_similarity	S_0.8
ID:179	has_uncertainty	U_0.8
ID:180	of_type	TY_burner stabilized flame speciation measurement
ID:180	of_reactor	R_flame
ID:180	has_author	Author 19
ID:180	of_year	Y_1965
ID:180	of_target	T_CH4
ID:180	has_similarity	S_0.6
ID:180	has_uncertainty	U_0.6
ID:181	of_type	TY_laminar burning velocity measurement
ID:181	of_reactor	R_flame
ID:181	has_author	Author 86
ID:181	of_year	Y_1975
ID:181	of_target	T_C6H6
ID:181	has_similarity	S_0.2
ID:181	has_uncertainty	U_0.2
ID:182	of_type	TY_laminar burning velocity measurement
ID:182	of_reactor	R_flame
ID:182	has_author	Author 60
ID:182	of_year	Y_2024
ID:182	of_target	T_H2
ID:182	has_similarity	S_0.3
ID:182	has_uncertainty	U_0.3
ID:183	of_type	TY_concentration time profile measurement
ID:183	of_reactor	R_stirred reactor
ID:183	has_author	Author 81
ID:183	of_year	Y_2009
ID:183	of_target	T_C5H6
ID:183	has_similarity	S_0.5
ID:183	has_uncertainty	U_0.5
ID:184	of_type	TY_burner stabilized flame speciation measurement
ID:184	of_reactor	R_flame
ID:184	has_author	Author 62
ID:184	of_year	Y_2013
ID:184	of_target	T_CH3
ID:184	has_similarity	S_0.5
ID:184	has_uncertainty	U_0.5
ID:185	of_type	TY_burner stabilized flame speciation measurement
ID:185	of_reactor	R_flame
ID:185	has_author	Author 51
ID:185	of_year	Y_1962
ID:185	of_target	T_NH3
ID:185	has_similarity	S_0.6
ID:185	has_uncertainty	U_0.6
ID:186	of_type	TY_burner stabilized flame speciation measurement
ID:186	of_reactor	R_flame
ID:186	has_author	Author 93
ID:186	of_year	Y_1976
ID:186	of_target	T_C5H6
ID:186	has_similarity	S_0.7
ID:186	has_uncertainty	U_0.7
ID:187	of_type	TY_laminar burning velocity measurement
ID:187	of_reactor	R_flame
ID:187	has_author	Author 13
ID:187	of_year	Y_1966
ID:187	of_target	T_CH4
ID:187	has_similarity	S_0.9
ID:187	has_uncertainty	U_0.9
ID:188	of_type	TY_jet stirred reactor measurement
ID:188	of_reactor	R_shock tube
ID:188	has_author	Author 38
ID:188	of_year	Y_2025
ID:188	of_target	T_NH3
ID:188	has_similarity	S_0.8
ID:188	has_uncertainty	U_0.8
ID:189	of_type	TY_jet stirred reactor measurement
ID:189	of_reactor	R_flow reactor
ID:189	has_author	Author 27
ID:189	of_year	Y_2003
ID:189	of_target	T_CH4
ID:189	has_similarity	S_0.2
ID:189	has_uncertainty	U_0.2
ID:190	of_type	TY_jet stirred reactor measurement
ID:190	of_reactor	R_flow reactor
ID:190	has_author	Author 73
ID:190	of_year	Y_1969
ID:190	of_target	T_CO2
ID:190	has_similarity	S_0.6
ID:190	has_uncertainty	U_0.6
ID:191	of_type	TY_jet stirred reactor measurement
ID:191	of_reactor	R_stirred reactor
ID:191	has_author	Author 86
ID:191	of_year	Y_1972
ID:191	of_target	T_IDT
ID:191	has_similarity	S_1.0
ID:191	has_uncertainty	U_1.0
ID:192	of_type	TY_ignition delay measurement
ID:192	of_reactor	R_rapid compression machine
ID:192	has_author	Author 13
ID:192	of_year	Y_1967
ID:192	of_target	T_NH3
ID:192	has_similarity	S_0.0
ID:192	has_uncertainty	U_0.0
ID:193	of_type	TY_concentration time profile measurement
ID:193	of_reactor	R_shock tube
ID:193	has_author	Author 46
ID:193	of_year	Y_1983
ID:193	of_target	T_C5H6
ID:193	has_similarity	S_0.7
ID:193	has_uncertainty	U_0.7
ID:194	of_type	TY_laminar burning velocity measurement
ID:194	of_reactor	R_flame
ID:194	has_author	Author 55
ID:194	of_year	Y_1992
ID:194	of_target	T_C5H6
ID:194	has_similarity	S_0.9
ID:194	has_uncertainty	U_0.9
ID:195	of_type	TY_jet stirred reactor measurement
ID:195	of_reactor	R_flow reactor
ID:195	has_author	Author 26
ID:195	of_year	Y_1984
ID:195	of_target	T_C0
ID:195	has_similarity	S_0.2
ID:195	has_uncertainty	U_0.2
ID:196	of_type	TY_ignition delay measurement
ID:196	of_reactor	R_shock tube
ID:196	has_author	Author 36
ID:196	of_year	Y_1991
ID:196	of_target	T_CH4
ID:196	has_similarity	S_0.9
ID:196	has_uncertainty	U_0.9
ID:197	of_type	TY_burner stabilized flame speciation measurement
ID:197	of_reactor	R_flame
ID:197	has_author	Author 92
ID:197	of_year	Y_1965
ID:197	of_target	T_C5H6
ID:197	has_similarity	S_0.7
ID:197	has_uncertainty	U_0.7
ID:198	of_type	TY_outlet concentration measurement
ID:198	of_reactor	R_stirred reactor
ID:198	has_author	Author 21
ID:198	of_year	Y_2016
ID:198	of_target	T_C0
ID:198	has_similarity	S_0.2
ID:198	has_uncertainty	U_0.2
ID:199	of_type	TY_ignition delay measurement
ID:199	of_reactor	R_rapid compression machine
ID:199	has_author	Author 54
ID:199	of_year	Y_2029
ID:199	of_target	T_H2
ID:199	has_similarity	S_0.9
ID:199	has_uncertainty	U_0.9
ID:200	of_type	TY_laminar burning velocity measurement
ID:200	of_reactor	R_flame
ID:200	has_author	Author 43
ID:200	of_year	Y_1955
ID:200	of_target	T_C5H6
ID:200	has_similarity	S_0.4
ID:200	has_uncertainty	U_0.4
ID:201	of_type	TY_burner stabilized flame speciation measurement
ID:201	of_reactor	R_flame
ID:201	has_author	Author 15
ID:201	of_year	Y_2010
ID:201	of_target	T_NH3
ID:201	has_similarity	S_0.9
ID:201	has_uncertainty	U_0.9
ID:202	of_type	TY_jet stirred reactor measurement
ID:202	of_reactor	R_stirred reactor
ID:202	has_author	Author 4
ID:202	of_year	Y_1978
ID:202	of_target	T_C0
ID:202	has_similarity	S_0.1
ID:202	has_uncertainty	U_0.1
ID:203	of_type	TY_burner stabilized flame speciation measurement
ID:203	of_reactor	R_flame
ID:203	has_author	Author 79
ID:203	of_year	Y_1980
ID:203	of_target	T_CH4
ID:203	has_similarity	S_0.7
ID:203	has_uncertainty	U_0.7
ID:204	of_type	TY_jet stirred reactor measurement
ID:204	of_reactor	R_flow reactor
ID:204	has_author	Author 12
ID:204	of_year	Y_2028
ID:204	of_target	T_IDT
ID:204	has_similarity	S_0.1
ID:204	has_uncertainty	U_0.1
ID:205	of_type	TY_laminar burning velocity measurement
ID:205	of_reactor	R_flame
ID:205	has_author	Author 78
ID:205	of_year	Y_1996
ID:205	of_target	T_C7H8
ID:205	has_similarity	S_0.9
ID:205	has_uncertainty	U_0.9
ID:206	of_type	TY_jet stirred reactor measurement
ID:206	of_reactor	R_shock tube
ID:206	has_author	Author 69
ID:206	of_year	Y_1953
ID:206	of_target	T_CO2
ID:206	has_similarity	S_0.9
ID:206	has_uncertainty	U_0.9
ID:207	of_type	TY_concentration time profile measurement
ID:207	of_reactor	R_stirred reactor
ID:207	has_author	Author 69
ID:207	of_year	Y_1953
ID:207	of_target	T_CH3
ID:207	has_similarity	S_0.1
ID:207	has_uncertainty	U_0.1
ID:208	of_type	TY_outlet concentration measurement
ID:208	of_reactor	R_shock tube
ID:208	has_author	Author 75
ID:208	of_year	Y_1977
ID:208	of_target	T_C6H6
ID:208	has_similarity	S_0.3
ID:208	has_uncertainty	U_0.3
ID:209	of_type	TY_laminar burning velocity measurement
ID:209	of_reactor	R_flame
ID:209	has_author	Author 29
ID:209	of_year	Y_2015
ID:209	of_target	T_C6H6
ID:209	has_similarity	S_0.7
ID:209	has_uncertainty	U_0.7
ID:210	of_type	TY_concentration time profile measurement
ID:210	of_reactor	R_stirred reactor
ID:210	has_author	Author 12
ID:210	of_year	Y_2027
ID:210	of_target	T_NH3
ID:210	has_similarity	S_0.7
ID:210	has_uncertainty	U_0.7
ID:211	of_type	TY_ignition delay measurement
ID:211	of_reactor	R_shock tube
ID:211	has_author	Author 63
ID:211	of_year	Y_1980
ID:211	of_target	T_CO2
ID:211	has_similarity	S_0.8
ID:211	has_uncertainty	U_0.8
ID:212	of_type	TY_laminar burning velocity measurement
ID:212	of_reactor	R_flame
ID:212	has_author	Author 70
ID:212	of_year	Y_2022
ID:212	of_target	T_CO2
ID:212	has_similarity	S_0.4
ID:212	has_uncertainty	U_0.4
ID:213	of_type	TY_burner stabilized flame speciation measurement
ID:213	of_reactor	R_flame
ID:213	has_author	Author 97
ID:213	of_year	Y_2004
ID:213	of_target	T_C5H6
ID:213	has_similarity	S_0.2
ID:213	has_uncertainty	U_0.2
ID:214	of_type	TY_outlet concentration measurement
ID:214	of_reactor	R_shock tube
ID:214	has_author	Author 90
ID:214	of_year	Y_2006
ID:214	of_target	T_IDT
ID:214	has_similarity	S_0.9
ID:214	has_uncertainty	U_0.9
ID:215	of_type	TY_outlet concentration measurement
ID:215	of_reactor	R_flow reactor
ID:215	has_author	Author 51
ID:215	of_year	Y_1969
ID:215	of_target	T_NH3
ID:215	has_similarity	S_0.2
ID:215	has_uncertainty	U_0.2
ID:216	of_type	TY_jet stirred reactor measurement
ID:216	of_reactor	R_shock tube
ID:216	has_author	Author 15
ID:216	of_year	Y_2014
ID:216	of_target	T_C5H6
ID:216	has_similarity	S_0.2
ID:216	has_uncertainty	U_0.2
ID:217	of_type	TY_burner stabilized flame speciation measurement
ID:217	of_reactor	R_flame
ID:217	has_author	Author 12
ID:217	of_year	Y_2020
ID:217	of_target	T_CH3
ID:217	has_similarity	S_0.4
ID:217	has_uncertainty	U_0.4
ID:218	of_type	TY_concentration time profile measurement
ID:218	of_reactor	R_stirred reactor
ID:218	has_author	Author 34
ID:218	of_year	Y_2012
ID:218	of_target	T_C5H6
ID:218	has_similarity	S_0.9
ID:218	has_uncertainty	U_0.9
ID:219	of_type	TY_ignition delay measurement
ID:219	of_reactor	R_rapid compression machine
ID:219	has_author	Author 87
ID:219	of_year	Y_2012
ID:219	of_target	T_H2S
ID:219	has_similarity	S_0.4
ID:219	has_uncertainty	U_0.4
ID:220	of_type	TY_ignition delay measurement
ID:220	of_reactor	R_rapid compression machine
ID:220	has_author	Author 46
ID:220	of_year	Y_1983
ID:220	of_target	T_C7H8
ID:220	has_similarity	S_0.2
ID:220	has_uncertainty	U_0.2
ID:221	of_type	TY_laminar burning velocity measurement
ID:221	of_reactor	R_flame
ID:221	has_author	Author 45
ID:221	of_year	Y_2004
ID:221	of_target	T_C0
ID:221	has_similarity	S_0.8
ID:221	has_uncertainty	U_0.8
ID:222	of_type	TY_concentration time profile measurement
ID:222	of_reactor	R_stirred reactor
ID:222	has_author	Author 14
ID:222	of_year	Y_2022
ID:222	of_target	T_NH3
ID:222	has_similarity	S_0.0
ID:222	has_uncertainty	U_0.0
ID:223	of_type	TY_ignition delay measurement
ID:223	of_reactor	R_rapid compression machine
ID:223	has_author	Author 27
ID:223	of_year	Y_2000
ID:223	of_target	T_NH3
ID:223	has_similarity	S_0.1
ID:223	has_uncertainty	U_0.1
ID:224	of_type	TY_burner stabilized flame speciation measurement
ID:224	of_reactor	R_flame
ID:224	has_author	Author 27
ID:224	of_year	Y_2003
ID:224	of_target	T_CO2
ID:224	has_similarity	S_0.8
ID:224	has_uncertainty	U_0.8
ID:225	of_type	TY_jet stirred reactor measurement
ID:225	of_reactor	R_flow reactor
ID:225	has_author	Author 95
ID:225	of_year	Y_1994
ID:225	of_target	T_CH4
ID:225	has_similarity	S_0.3
ID:225	has_uncertainty	U_0.3
ID:226	of_type	TY_jet stirred reactor measurement
ID:226	of_reactor	R_flow reactor
ID:226	has_author	Author 21
ID:226	of_year	Y_2012
ID:226	of_target	T_IDT
ID:226	has_similarity	S_0.9
ID:226	has_uncertainty	U_0.9
ID:227	of_type	TY_burner stabilized flame speciation measurement
ID:227	of_reactor	R_flame
ID:227	has_author	Author 83
ID:227	of_year	Y_1968
ID:227	of_target	T_CH3
ID:227	has_similarity	S_0.4
ID:227	has_uncertainty	U_0.4
ID:228	of_type	TY_outlet concentration measurement
ID:228	of_reactor	R_shock tube
ID:228	has_author	Author 88
ID:228	of_year	Y_1984
ID:228	of_target	T_C5H6
ID:228	has_similarity	S_0.1
ID:228	has_uncertainty	U_0.1
ID:229	of_type	TY_outlet concentration measurement
ID:229	of_reactor	R_flow reactor
ID:229	has_author	Author 50
ID:229	of_year	Y_1991
ID:229	of_target	T_C0
ID:229	has_similarity	S_0.3
ID:229	has_uncertainty	U_0.3
ID:230	of_type	TY_outlet concentration measurement
ID:230	of_reactor	R_shock tube
ID:230	has_author	Author 25
ID:230	of_year	Y_1958
ID:230	of_target	T_H2S
ID:230	has_similarity	S_0.7
ID:230	has_uncertainty	U_0.7
ID:231	of_type	TY_jet stirred reactor measurement
ID:231	of_reactor	R_flow reactor
ID:231	has_author	Author 63
ID:231	of_year	Y_1976
ID:231	of_target	T_IDT
ID:231	has_similarity	S_1.0
ID:231	has_uncertainty	U_1.0
ID:232	of_type	TY_outlet concentration measurement
ID:232	of_reactor	R_flow reactor
ID:232	has_author	Author 2
ID:232	of_year	Y_2002
ID:232	of_target	T_C6H6
ID:232	has_similarity	S_1.0
ID:232	has_uncertainty	U_1.0
ID:233	of_type	TY_laminar burning velocity measurement
ID:233	of_reactor	R_flame
ID:233	has_author	Author 38
ID:233	of_year	Y_2028
ID:233	of_target	T_C0
ID:233	has_similarity	S_1.0
ID:233	has_uncertainty	U_1.0
ID:234	of_type	TY_burner stabilized flame speciation measurement
ID:234	of_reactor	R_flame
ID:234	has_author	Author 75
ID:234	of_year	Y_1971
ID:234	of_target	T_H2
ID:234	has_similarity	S_0.9
ID:234	has_uncertainty	U_0.9
ID:235	of_type	TY_laminar burning velocity measurement
ID:235	of_reactor	R_flame
ID:235	has_author	Author 65
ID:235	of_year	Y_1994
ID:235	of_target	T_C0
ID:235	has_similarity	S_0.5
ID:235	has_uncertainty	U_0.5
ID:236	of_type	TY_burner stabilized flame speciation measurement
ID:236	of_reactor	R_flame
ID:236	has_author	Author 87
ID:236	of_year	Y_2015
ID:236	of_target	T_CH3
ID:236	has_similarity	S_0.4
ID:236	has_uncertainty	U_0.4
ID:237	of_type	TY_concentration time profile measurement
ID:237	of_reactor	R_shock tube
ID:237	has_author	Author 19
ID:237	of_year	Y_1964
ID:237	of_target	T_C7H8
ID:237	has_similarity	S_0.7
ID:237	has_uncertainty	U_0.7
ID:238	of_type	TY_outlet concentration measurement
ID:238	of_reactor	R_stirred reactor
ID:238	has_author	Author 41
ID:238	of_year	Y_2007
ID:238	of_target	T_C0
ID:238	has_similarity	S_0.3
ID:238	has_uncertainty	U_0.3
ID:239	of_type	TY_outlet concentration measurement
ID:239	of_reactor	R_shock tube
ID:239	has_author	Author 36
ID:239	of_year	Y_1997
ID:239	of_target	T_CH4
ID:239	has_similarity	S_0.5
ID:239	has_uncertainty	U_0.5
ID:240	of_type	TY_laminar burning velocity measurement
ID:240	of_reactor	R_flame
ID:240	has_author	Author 50
ID:240	of_year	Y_1991
ID:240	of_target	T_NH3
ID:240	has_similarity	S_0.6
ID:240	has_uncertainty	U_0.6
ID:241	of_type	TY_concentration time profile measurement
ID:241	of_reactor	R_shock tube
ID:241	has_author	Author 53
ID:241	of_year	Y_1974
ID:241	of_target	T_H2
ID:241	has_similarity	S_0.7
ID:241	has_uncertainty	U_0.7
ID:242	of_type	TY_outlet concentration measurement
ID:242	of_reactor	R_flow reactor
ID:242	has_author	Author 70
ID:242	of_year	Y_2028
ID:242	of_target	T_H2
ID:242	has_similarity	S_0.2
ID:242	has_uncertainty	U_0.2
ID:243	of_type	TY_concentration time profile measurement
ID:243	of_reactor	R_stirred reactor
ID:243	has_author	Author 76
ID:243	of_year	Y_1977
ID:243	of_target	T_H2S
ID:243	has_similarity	S_0.9
ID:243	has_uncertainty	U_0.9
ID:244	of_type	TY_laminar burning velocity measurement
ID:244	of_reactor	R_flame
ID:244	has_author	Author 12
ID:244	of_year	Y_2024
ID:244	of_target	T_CH4
ID:244	has_similarity	S_0.9
ID:244	has_uncertainty	U_0.9
ID:245	of_type	TY_ignition delay measurement
ID:245	of_reactor	R_shock tube
ID:245	has_author	Author 82
ID:245	of_year	Y_1992
ID:245	of_target	T_CH3
ID:245	has_similarity	S_0.0
ID:245	has_uncertainty	U_0.0
ID:246	of_type	TY_ignition delay measurement
ID:246	of_reactor	R_rapid compression machine
ID:246	has_author	Author 27
ID:246	of_year	Y_2010
ID:246	of_target	T_CH4
ID:246	has_similarity	S_0.1
ID:246	has_uncertainty	U_0.1
ID:247	of_type	TY_jet stirred reactor measurement
ID:247	of_reactor	R_shock tube
ID:247	has_author	Author 71
ID:247	of_year	Y_1999
ID:247	of_target	T_C0
ID:247	has_similarity	S_0.7
ID:247	has_uncertainty	U_0.7
ID:248	of_type	TY_outlet concentration measurement
ID:248	of_reactor	R_shock tube
ID:248	has_author	Author 51
ID:248	of_year	Y_1960
ID:248	of_target	T_C7H8
ID:248	has_similarity	S_0.4
ID:248	has_uncertainty	U_0.4
ID:249	of_type	TY_jet stirred reactor measurement
ID:249	of_reactor	R_flow reactor
ID:249	has_author	Author 11
ID:249	of_year	Y_1958
ID:249	of_target	T_H2S
ID:249	has_similarity	S_0.0
ID:249	has_uncertainty	U_0.0
ID:250	of_type	TY_jet stirred reactor measurement
ID:250	of_reactor	R_shock tube
ID:250	has_author	Author 59
ID:250	of_year	Y_2000
ID:250	of_target	T_NH3
ID:250	has_similarity	S_0.4
ID:250	has_uncertainty	U_0.4
ID:251	of_type	TY_burner stabilized flame speciation measurement
ID:251	of_reactor	R_flame
ID:251	has_author	Author 86
ID:251	of_year	Y_1976
ID:251	of_target	T_H20
ID:251	has_similarity	S_0.8
ID:251	has_uncertainty	U_0.8
ID:252	of_type	TY_outlet concentration measurement
ID:252	of_reactor	R_stirred reactor
ID:252	has_author	Author 15
ID:252	of_year	Y_2019
ID:252	of_target	T_C6H6
ID:252	has_similarity	S_0.8
ID:252	has_uncertainty	U_0.8
ID:253	of_type	TY_laminar burning velocity measurement
ID:253	of_reactor	R_flame
ID:253	has_author	Author 9
ID:253	of_year	Y_2006
ID:253	of_target	T_CH3
ID:253	has_similarity	S_0.3
ID:253	has_uncertainty	U_0.3
ID:254	of_type	TY_jet stirred reactor measurement
ID:254	of_reactor	R_shock tube
ID:254	has_author	Author 21
ID:254	of_year	Y_2018
ID:254	of_target	T_CO2
ID:254	has_similarity	S_0.9
ID:254	has_uncertainty	U_0.9
ID:255	of_type	TY_ignition delay measurement
ID:255	of_reactor	R_shock tube
ID:255	has_author	Author 28
ID:255	of_year	Y_1955
ID:255	of_target	T_CH4
ID:255	has_similarity	S_0.7
ID:255	has_uncertainty	U_0.7
ID:256	of_type	TY_concentration time profile measurement
ID:256	of_reactor	R_shock tube
ID:256	has_author	Author 72
ID:256	of_year	Y_2013
ID:256	of_target	T_CO2
ID:256	has_similarity	S_0.5
ID:256	has_uncertainty	U_0.5
ID:257	of_type	TY_jet stirred reactor measurement
ID:257	of_reactor	R_shock tube
ID:257	has_author	Author 21
ID:257	of_year	Y_2012
ID:257	of_target	T_CH3
ID:257	has_similarity	S_0.4
ID:257	has_uncertainty	U_0.4
ID:258	of_type	TY_burner stabilized flame speciation measurement
ID:258	of_reactor	R_flame
ID:258	has_author	Author 85
ID:258	of_year	Y_2019
ID:258	of_target	T_CH4
ID:258	has_similarity	S_0.1
ID:258	has_uncertainty	U_0.1
ID:259	of_type	TY_laminar burning velocity measurement
ID:259	of_reactor	R_flame
ID:259	has_author	Author 71
ID:259	of_year	Y_1998
ID:259	of_target	T_IDT
ID:259	has_similarity	S_0.8
ID:259	has_uncertainty	U_0.8
ID:260	of_type	TY_laminar burning velocity measurement
ID:260	of_reactor	R_flame
ID:260	has_author	Author 19
ID:260	of_year	Y_1967
ID:260	of_target	T_NH3
ID:260	has_similarity	S_0.4
ID:260	has_uncertainty	U_0.4
ID:261	of_type	TY_ignition delay measurement
ID:261	of_reactor	R_rapid compression machine
ID:261	has_author	Author 48
ID:261	of_year	Y_2000
ID:261	of_target	T_H20
ID:261	has_similarity	S_0.5
ID:261	has_uncertainty	U_0.5
ID:262	of_type	TY_laminar burning velocity measurement
ID:262	of_reactor	R_flame
ID:262	has_author	Author 72
ID:262	of_year	Y_2018
ID:262	of_target	T_CH4
ID:262	has_similarity	S_0.8
ID:262	has_uncertainty	U_0.8
ID:263	of_type	TY_jet stirred reactor measurement
ID:263	of_reactor	R_stirred reactor
ID:263	has_author	Author 35
ID:263	of_year	Y_1991
ID:263	of_target	T_IDT
ID:263	has_similarity	S_0.0
ID:263	has_uncertainty	U_0.0
ID:264	of_type	TY_outlet concentration measurement
ID:264	of_reactor	R_stirred reactor
ID:264	has_author	Author 73
ID:264	of_year	Y_1965
ID:264	of_target	T_IDT
ID:264	has_similarity	S_0.7
ID:264	has_uncertainty	U_0.7
ID:265	of_type	TY_burner stabilized flame speciation measurement
ID:265	of_reactor	R_flame
ID:265	has_author	Author 60
ID:265	of_year	Y_2028
ID:265	of_target	T_H20
ID:265	has_similarity	S_0.8
ID:265	has_uncertainty	U_0.8
ID:266	of_type	TY_jet stirred reactor measurement
ID:266	of_reactor	R_stirred reactor
ID:266	has_author	Author 0
ID:266	of_year	Y_1953
ID:266	of_target	T_CH4
ID:266	has_similarity	S_0.9
ID:266	has_uncertainty	U_0.9
ID:267	of_type	TY_outlet concentration measurement
ID:267	of_reactor	R_shock tube
ID:267	has_author	Author 35
ID:267	of_year	Y_1997
ID:267	of_target	T_IDT
ID:267	has_similarity	S_0.1
ID:267	has_uncertainty	U_0.1
ID:268	of_type	TY_ignition delay measurement
ID:268	of_reactor	R_shock tube
ID:268	has_author	Author 22
ID:268	of_year	Y_1986
ID:268	of_target	T_CH3
ID:268	has_similarity	S_0.7
ID:268	has_uncertainty	U_0.7
ID:269	of_type	TY_concentration time profile measurement
ID:269	of_reactor	R_flow reactor
ID:269	has_author	Author 67
ID:269	of_year	Y_2010
ID:269	of_target	T_H2
ID:269	has_similarity	S_0.3
ID:269	has_uncertainty	U_0.3
ID:270	of_type	TY_jet stirred reactor measurement
ID:270	of_reactor	R_stirred reactor
ID:270	has_author	Author 39
ID:270	of_year	Y_1952
ID:270	of_target	T_CH3
ID:270	has_similarity	S_0.3
ID:270	has_uncertainty	U_0.3
ID:271	of_type	TY_outlet concentration measurement
ID:271	of_reactor	R_shock tube
ID:271	has_author	Author 69
ID:271	of_year	Y_1958
ID:271	of_target	T_C6H6
ID:271	has_similarity	S_0.5
ID:271	has_uncertainty	U_0.5
ID:272	of_type	TY_concentration time profile measurement
ID:272	of_reactor	R_shock tube
ID:272	has_author	Author 87
ID:272	of_year	Y_2013
ID:272	of_target	T_C6H6
ID:272	has_similarity	S_0.7
ID:272	has_uncertainty	U_0.7
ID:273	of_type	TY_concentration time profile measurement
ID:273	of_reactor	R_flow reactor
ID:273	has_author	Author 62
ID:273	of_year	Y_2013
ID:273	of_target	T_NH3
ID:273	has_similarity	S_0.9
ID:273	has_uncertainty	U_0.9
ID:274	of_type	TY_jet stirred reactor measurement
ID:274	of_reactor	R_stirred reactor
ID:274	has_author	Author 64
ID:274	of_year	Y_1966
ID:274	of_target	T_H20
ID:274	has_similarity	S_0.4
ID:274	has_uncertainty	U_0.4
ID:275	of_type	TY_laminar burning velocity measurement
ID:275	of_reactor	R_flame
ID:275	has_author	Author 6
ID:275	of_year	Y_1976
ID:275	of_target	T_H20
ID:275	has_similarity	S_0.3
ID:275	has_uncertainty	U_0.3
ID:276	of_type	TY_laminar burning velocity measurement
ID:276	of_reactor	R_flame
ID:276	has_author	Author 25
ID:276	of_year	Y_1957
ID:276	of_target	T_CH3
ID:276	has_similarity	S_0.3
ID:276	has_uncertainty	U_0.3
ID:277	of_type	TY_outlet concentration measurement
ID:277	of_reactor	R_stirred reactor
ID:277	has_author	Author 44
ID:277	of_year	Y_1972
ID:277	of_target	T_H20
ID:277	has_similarity	S_0.0
ID:277	has_uncertainty	U_0.0
ID:278	of_type	TY_outlet concentration measurement
ID:278	of_reactor	R_stirred reactor
ID:278	has_author	Author 59
ID:278	of_year	Y_2002
ID:278	of_target	T_C5H6
ID:278	has_similarity	S_0.6
ID:278	has_uncertainty	U_0.6
ID:279	of_type	TY_jet stirred reactor measurement
ID:279	of_reactor	R_flow reactor
ID:279	has_author	Author 57
ID:279	of_year	Y_1990
ID:279	of_target	T_CH4
ID:279	has_similarity	S_0.5
ID:279	has_uncertainty	U_0.5
ID:280	of_type	TY_outlet concentration measurement
ID:280	of_reactor	R_shock tube
ID:280	has_author	Author 21
ID:280	of_year	Y_2018
ID:280	of_target	T_H2
ID:280	has_similarity	S_0.8
ID:280	has_uncertainty	U_0.8
ID:281	of_type	TY_laminar burning velocity measurement
ID:281	of_reactor	R_flame
ID:281	has_author	Author 78
ID:281	of_year	Y_1996
ID:281	of_target	T_C5H6
ID:281	has_similarity	S_0.1
ID:281	has_uncertainty	U_0.1
ID:282	of_type	TY_jet stirred reactor measurement
ID:282	of_reactor	R_stirred reactor
ID:282	has_author	Author 73
ID:282	of_year	Y_1965
ID:282	of_target	T_C0
ID:282	has_similarity	S_1.0
ID:282	has_uncertainty	U_1.0
ID:283	of_type	TY_ignition delay measurement
ID:283	of_reactor	R_shock tube
ID:283	has_author	Author 46
ID:283	of_year	Y_1988
ID:283	of_target	T_CO2
ID:283	has_similarity	S_0.1
ID:283	has_uncertainty	U_0.1
ID:284	of_type	TY_jet stirred reactor measurement
ID:284	of_reactor	R_flow reactor
ID:284	has_author	Author 45
ID:284	of_year	Y_2005
ID:284	of_target	T_H2S
ID:284	has_similarity	S_0.8
ID:284	has_uncertainty	U_0.8
ID:285	of_type	TY_outlet concentration measurement
ID:285	of_reactor	R_flow reactor
ID:285	has_author	Author 14
ID:285	of_year	Y_2025
ID:285	of_target	T_H2S
ID:285	has_similarity	S_0.1
ID:285	has_uncertainty	U_0.1
ID:286	of_type	TY_jet stirred reactor measurement
ID:286	of_reactor	R_shock tube
ID:286	has_author	Author 28
ID:286	of_year	Y_1957
ID:286	of_target	T_H2S
ID:286	has_similarity	S_0.4
ID:286	has_uncertainty	U_0.4
ID:287	of_type	TY_concentration time profile measurement
ID:287	of_reactor	R_stirred reactor
ID:287	has_author	Author 10
ID:287	of_year	Y_2025
ID:287	of_target	T_CO2
ID:287	has_similarity	S_0.8
ID:287	has_uncertainty	U_0.8
ID:288	of_type	TY_outlet concentration measurement
ID:288	of_reactor	R_stirred reactor
ID:288	has_author	Author 56
ID:288	of_year	Y_1995
ID:288	of_target	T_C7H8
ID:288	has_similarity	S_0.5
ID:288	has_uncertainty	U_0.5
ID:289	of_type	TY_ignition delay measurement
ID:289	of_reactor	R_shock tube
ID:289	has_author	Author 70
ID:289	of_year	Y_2021
ID:289	of_target	T_CO2
ID:289	has_similarity	S_0.2
ID:289	has_uncertainty	U_0.2
ID:290	of_type	TY_outlet concentration measurement
ID:290	of_reactor	R_flow reactor
ID:290	has_author	Author 40
ID:290	of_year	Y_1973
ID:290	of_target	T_CH4
ID:290	has_similarity	S_0.5
ID:290	has_uncertainty	U_0.5
ID:291	of_type	TY_concentration time profile measurement
ID:291	of_reactor	R_stirred reactor
ID:291	has_author	Author 9
ID:291	of_year	Y_2006
ID:291	of_target	T_CO2
ID:291	has_similarity	S_0.3
ID:291	has_uncertainty	U_0.3
ID:292	of_type	TY_ignition delay measurement
ID:292	of_reactor	R_rapid compression machine
ID:292	has_author	Author 3
ID:292	of_year	Y_2024
ID:292	of_target	T_CH4
ID:292	has_similarity	S_0.8
ID:292	has_uncertainty	U_0.8
ID:293	of_type	TY_outlet concentration measurement
ID:293	of_reactor	R_shock tube
ID:293	has_author	Author 38
ID:293	of_year	Y_2028
ID:293	of_target	T_C6H6
ID:293	has_similarity	S_0.5
ID:293	has_uncertainty	U_0.5
ID:294	of_type	TY_laminar burning velocity measurement
ID:294	of_reactor	R_flame
ID:294	has_author	Author 45
ID:294	of_year	Y_2006
ID:294	of_target	T_NH3
ID:294	has_similarity	S_0.6
ID:294	has_uncertainty	U_0.6
ID:295	of_type	TY_ignition delay measurement
ID:295	of_reactor	R_rapid compression machine
ID:295	has_author	Author 62
ID:295	of_year	Y_2010
ID:295	of_target	T_C6H6
ID:295	has_similarity	S_0.9
ID:295	has_uncertainty	U_0.9
ID:296	of_type	TY_burner stabilized flame speciation measurement
ID:296	of_reactor	R_flame
ID:296	has_author	Author 18
ID:296	of_year	Y_2008
ID:296	of_target	T_C7H8
ID:296	has_similarity	S_0.3
ID:296	has_uncertainty	U_0.3
ID:297	of_type	TY_jet stirred reactor measurement
ID:297	of_reactor	R_stirred reactor
ID:297	has_author	Author 61
ID:297	of_year	Y_2010
ID:297	of_target	T_CO2
ID:297	has_similarity	S_0.1
ID:297	has_uncertainty	U_0.1
ID:298	of_type	TY_laminar burning velocity measurement
ID:298	of_reactor	R_flame
ID:298	has_author	Author 86
ID:298	of_year	Y_1970
ID:298	of_target	T_H20
ID:298	has_similarity	S_0.6
ID:298	has_uncertainty	U_0.6
ID:299	of_type	TY_outlet concentration measurement
ID:299	of_reactor	R_stirred reactor
ID:299	has_author	Author 57
ID:299	of_year	Y_1990
ID:299	of_target	T_C7H8
ID:299	has_similarity	S_1.0
ID:299	has_uncertainty	U_1.0
ID:300	of_type	TY_concentration time profile measurement
ID:300	of_reactor	R_flow reactor
ID:300	has_author	Author 34
ID:300	of_year	Y_2020
ID:300	of_target	T_C7H8
ID:300	has_similarity	S_0.9
ID:300	has_uncertainty	U_0.9
ID:301	of_type	TY_concentration time profile measurement
ID:301	of_reactor	R_flow reactor
ID:301	has_author	Author 45
ID:301	of_year	Y_2009
ID:301	of_target	T_H2S
ID:301	has_similarity	S_0.8
ID:301	has_uncertainty	U_0.8
ID:302	of_type	TY_burner stabilized flame speciation measurement
ID:302	of_reactor	R_flame
ID:302	has_author	Author 91
ID:302	of_year	Y_2011
ID:302	of_target	T_CH4
ID:302	has_similarity	S_0.9
ID:302	has_uncertainty	U_0.9
ID:303	of_type	TY_laminar burning velocity measurement
ID:303	of_reactor	R_flame
ID:303	has_author	Author 70
ID:303	of_year	Y_2023
ID:303	of_target	T_C5H6
ID:303	has_similarity	S_0.6
ID:303	has_uncertainty	U_0.6
ID:304	of_type	TY_burner stabilized flame speciation measurement
ID:304	of_reactor	R_flame
ID:304	has_author	Author 52
ID:304	of_year	Y_1970
ID:304	of_target	T_C6H6
ID:304	has_similarity	S_0.3
ID:304	has_uncertainty	U_0.3
ID:305	of_type	TY_burner stabilized flame speciation measurement
ID:305	of_reactor	R_flame
ID:305	has_author	Author 15
ID:305	of_year	Y_2011
ID:305	of_target	T_CO2
ID:305	has_similarity	S_0.1
ID:305	has_uncertainty	U_0.1
ID:306	of_type	TY_laminar burning velocity measurement
ID:306	of_reactor	R_flame
ID:306	has_author	Author 99
ID:306	of_year	Y_1952
ID:306	of_target	T_H2
ID:306	has_similarity	S_0.0
ID:306	has_uncertainty	U_0.0
ID:307	of_type	TY_laminar burning velocity measurement
ID:307	of_reactor	R_flame
ID:307	has_author	Author 82
ID:307	of_year	Y_1991
ID:307	of_target	T_C7H8
ID:307	has_similarity	S_0.6
ID:307	has_uncertainty	U_0.6
ID:308	of_type	TY_ignition delay measurement
ID:308	of_reactor	R_rapid compression machine
ID:308	has_author	Author 5
ID:308	of_year	Y_1967
ID:308	of_target	T_H20
ID:308	has_similarity	S_0.6
ID:308	has_uncertainty	U_0.6
ID:309	of_type	TY_laminar burning velocity measurement
ID:309	of_reactor	R_flame
ID:309	has_author	Author 44
ID:309	of_year	Y_1978
ID:309	of_target	T_H2
ID:309	has_similarity	S_0.9
ID:309	has_uncertainty	U_0.9
ID:310	of_type	TY_outlet concentration measurement
ID:310	of_reactor	R_stirred reactor
ID:310	has_author	Author 27
ID:310	of_year	Y_2003
ID:310	of_target	T_H20
ID:310	has_similarity	S_1.0
ID:310	has_uncertainty	U_1.0
ID:311	of_type	TY_jet stirred reactor measurement
ID:311	of_reactor	R_stirred reactor
ID:311	has_author	Author 63
ID:311	of_year	Y_1977
ID:311	of_target	T_CH4
ID:311	has_similarity	S_0.7
ID:311	has_uncertainty	U_0.7
ID:312	of_type	TY_outlet concentration measurement
ID:312	of_reactor	R_shock tube
ID:312	has_author	Author 71
ID:312	of_year	Y_1990
ID:312	of_target	T_C5H6
ID:312	has_similarity	S_0.7
ID:312	has_uncertainty	U_0.7
ID:313	of_type	TY_ignition delay measurement
ID:313	of_reactor	R_rapid compression machine
ID:313	has_author	Author 27
ID:313	of_year	Y_2007
ID:313	of_target	T_C6H6
ID:313	has_similarity	S_0.9
ID:313	has_uncertainty	U_0.9
ID:314	of_type	TY_laminar burning velocity measurement
ID:314	of_reactor	R_flame
ID:314	has_author	Author 99
ID:314	of_year	Y_1958
ID:314	of_target	T_C6H6
ID:314	has_similarity	S_0.4
ID:314	has_uncertainty	U_0.4
ID:315	of_type	TY_outlet concentration measurement
ID:315	of_reactor	R_stirred reactor
ID:315	has_author	Author 97
ID:315	of_year	Y_2009
ID:315	of_target	T_CH4
ID:315	has_similarity	S_0.6
ID:315	has_uncertainty	U_0.6
ID:316	of_type	TY_burner stabilized flame speciation measurement
ID:316	of_reactor	R_flame
ID:316	has_author	Author 9
ID:316	of_year	Y_2009
ID:316	of_target	T_C5H6
ID:316	has_similarity	S_0.9
ID:316	has_uncertainty	U_0.9
ID:317	of_type	TY_ignition delay measurement
ID:317	of_reactor	R_rapid compression machine
ID:317	has_author	Author 41
ID:317	of_year	Y_2002
ID:317	of_target	T_C6H6
ID:317	has_similarity	S_0.6
ID:317	has_uncertainty	U_0.6
ID:318	of_type	TY_burner stabilized flame speciation measurement
ID:318	of_reactor	R_flame
ID:318	has_author	Author 52
ID:318	of_year	Y_1964
ID:318	of_target	T_C0
ID:318	has_similarity	S_0.9
ID:318	has_uncertainty	U_0.9
ID:319	of_type	TY_jet stirred reactor measurement
ID:319	of_reactor	R_flow reactor
ID:319	has_author	Author 97
ID:319	of_year	Y_2000
ID:319	of_target	T_H2
ID:319	has_similarity	S_0.8
ID:319	has_uncertainty	U_0.8
ID:320	of_type	TY_concentration time profile measurement
ID:320	of_reactor	R_flow reactor
ID:320	has_author	Author 70
ID:320	of_year	Y_2021
ID:320	of_target	T_C6H6
ID:320	has_similarity	S_1.0
ID:320	has_uncertainty	U_1.0
ID:321	of_type	TY_outlet concentration measurement
ID:321	of_reactor	R_stirred reactor
ID:321	has_author	Author 93
ID:321	of_year	Y_1977
ID:321	of_target	T_C6H6
ID:321	has_similarity	S_0.4
ID:321	has_uncertainty	U_0.4
ID:322	of_type	TY_jet stirred reactor measurement
ID:322	of_reactor	R_flow reactor
ID:322	has_author	Author 42
ID:322	of_year	Y_1962
ID:322	of_target	T_CH4
ID:322	has_similarity	S_0.8
ID:322	has_uncertainty	U_0.8
ID:323	of_type	TY_laminar burning velocity measurement
ID:323	of_reactor	R_flame
ID:323	has_author	Author 5
ID:323	of_year	Y_1967
ID:323	of_target	T_H2
ID:323	has_similarity	S_0.3
ID:323	has_uncertainty	U_0.3
ID:324	of_type	TY_concentration time profile measurement
ID:324	of_reactor	R_stirred reactor
ID:324	has_author	Author 11
ID:324	of_year	Y_1957
ID:324	of_target	T_CH3
ID:324	has_similarity	S_0.8
ID:324	has_uncertainty	U_0.8
ID:325	of_type	TY_jet stirred reactor measurement
ID:325	of_reactor	R_flow reactor
ID:325	has_author	Author 29
ID:325	of_year	Y_2012
ID:325	of_target	T_C7H8
ID:325	has_similarity	S_0.2
ID:325	has_uncertainty	U_0.2
ID:326	of_type	TY_concentration time profile measurement
ID:326	of_reactor	R_flow reactor
ID:326	has_author	Author 87
ID:326	of_year	Y_2018
ID:326	of_target	T_CH4
ID:326	has_similarity	S_0.7
ID:326	has_uncertainty	U_0.7
ID:327	of_type	TY_laminar burning velocity measurement
ID:327	of_reactor	R_flame
ID:327	has_author	Author 5
ID:327	of_year	Y_1970
ID:327	of_target	T_IDT
ID:327	has_similarity	S_0.0
ID:327	has_uncertainty	U_0.0
ID:328	of_type	TY_laminar burning velocity measurement
ID:328	of_reactor	R_flame
ID:328	has_author	Author 82
ID:328	of_year	Y_1995
ID:328	of_target	T_CO2
ID:328	has_similarity	S_0.9
ID:328	has_uncertainty	U_0.9
ID:329	of_type	TY_outlet concentration measurement
ID:329	of_reactor	R_stirred reactor
ID:329	has_author	Author 41
ID:329	of_year	Y_2000
ID:329	of_target	T_IDT
ID:329	has_similarity	S_0.2
ID:329	has_uncertainty	U_0.2
ID:330	of_type	TY_jet stirred reactor measurement
ID:330	of_reactor	R_stirred reactor
ID:330	has_author	Author 48
ID:330	of_year	Y_1990
ID:330	of_target	T_NH3
ID:330	has_similarity	S_0.4
ID:330	has_uncertainty	U_0.4
ID:331	of_type	TY_jet stirred reactor measurement
ID:331	of_reactor	R_shock tube
ID:331	has_author	Author 18
ID:331	of_year	Y_2000
ID:331	of_target	T_CH4
ID:331	has_similarity	S_0.3
ID:331	has_uncertainty	U_0.3
ID:332	of_type	TY_burner stabilized flame speciation measurement
ID:332	of_reactor	R_flame
ID:332	has_author	Author 34
ID:332	of_year	Y_2012
ID:332	of_target	T_H20
ID:332	has_similarity	S_0.9
ID:332	has_uncertainty	U_0.9
ID:333	of_type	TY_ignition delay measurement
ID:333	of_reactor	R_shock tube
ID:333	has_author	Author 78
ID:333	of_year	Y_1992
ID:333	of_target	T_CH4
ID:333	has_similarity	S_1.0
ID:333	has_uncertainty	U_1.0
ID:334	of_type	TY_burner stabilized flame speciation measurement
ID:334	of_reactor	R_flame
ID:334	has_author	Author 91
ID:334	of_year	Y_2012
ID:334	of_target	T_C6H6
ID:334	has_similarity	S_0.6
ID:334	has_uncertainty	U_0.6
ID:335	of_type	TY_laminar burning velocity measurement
ID:335	of_reactor	R_flame
ID:335	has_author	Author 12
ID:335	of_year	Y_2020
ID:335	of_target	T_NH3
ID:335	has_similarity	S_0.1
ID:335	has_uncertainty	U_0.1
ID:336	of_type	TY_outlet concentration measurement
ID:336	of_reactor	R_stirred reactor
ID:336	has_author	Author 32
ID:336	of_year	Y_1991
ID:336	of_target	T_H2S
ID:336	has_similarity	S_0.8
ID:336	has_uncertainty	U_0.8
ID:337	of_type	TY_jet stirred reactor measurement
ID:337	of_reactor	R_flow reactor
ID:337	has_author	Author 16
ID:337	of_year	Y_1993
ID:337	of_target	T_H20
ID:337	has_similarity	S_0.4
ID:337	has_uncertainty	U_0.4
ID:338	of_type	TY_ignition delay measurement
ID:338	of_reactor	R_rapid compression machine
ID:338	has_author	Author 11
ID:338	of_year	Y_1955
ID:338	of_target	T_H20
ID:338	has_similarity	S_0.9
ID:338	has_uncertainty	U_0.9
ID:339	of_type	TY_ignition delay measurement
ID:339	of_reactor	R_rapid compression machine
ID:339	has_author	Author 72
ID:339	of_year	Y_2019
ID:339	of_target	T_H20
ID:339	has_similarity	S_0.0
ID:339	has_uncertainty	U_0.0
ID:340	of_type	TY_concentration time profile measurement
ID:340	of_reactor	R_flow reactor
ID:340	has_author	Author 0
ID:340	of_year	Y_1950
ID:340	of_target	T_NH3
ID:340	has_similarity	S_0.1
ID:340	has_uncertainty	U_0.1
ID:341	of_type	TY_burner stabilized flame speciation measurement
ID:341	of_reactor	R_flame
ID:341	has_author	Author 91
ID:341	of_year	Y_2014
ID:341	of_target	T_H2
ID:341	has_similarity	S_0.4
ID:341	has_uncertainty	U_0.4
ID:342	of_type	TY_outlet concentration measurement
ID:342	of_reactor	R_stirred reactor
ID:342	has_author	Author 42
ID:342	of_year	Y_1961
ID:342	of_target	T_H2S
ID:342	has_similarity	S_0.2
ID:342	has_uncertainty	U_0.2
ID:343	of_type	TY_concentration time profile measurement
ID:343	of_reactor	R_stirred reactor
ID:343	has_author	Author 48
ID:343	of_year	Y_2000
ID:343	of_target	T_C7H8
ID:343	has_similarity	S_0.2
ID:343	has_uncertainty	U_0.2
ID:344	of_type	TY_laminar burning velocity measurement
ID:344	of_reactor	R_flame
ID:344	has_author	Author 12
ID:344	of_year	Y_2020
ID:344	of_target	T_H2S
ID:344	has_similarity	S_0.5
ID:344	has_uncertainty	U_0.5
ID:345	of_type	TY_burner stabilized flame speciation measurement
ID:345	of_reactor	R_flame
ID:345	has_author	Author 32
ID:345	of_year	Y_1999
ID:345	of_target	T_C7H8
ID:345	has_similarity	S_0.9
ID:345	has_uncertainty	U_0.9
ID:346	of_type	TY_jet stirred reactor measurement
ID:346	of_reactor	R_shock tube
ID:346	has_author	Author 75
ID:346	of_year	Y_1976
ID:346	of_target	T_IDT
ID:346	has_similarity	S_0.6
ID:346	has_uncertainty	U_0.6
ID:347	of_type	TY_burner stabilized flame speciation measurement
ID:347	of_reactor	R_flame
ID:347	has_author	Author 24
ID:347	of_year	Y_1981
ID:347	of_target	T_IDT
ID:347	has_similarity	S_0.8
ID:347	has_uncertainty	U_0.8
ID:348	of_type	TY_ignition delay measurement
ID:348	of_reactor	R_rapid compression machine
ID:348	has_author	Author 64
ID:348	of_year	Y_1963
ID:348	of_target	T_IDT
ID:348	has_similarity	S_0.2
ID:348	has_uncertainty	U_0.2
ID:349	of_type	TY_jet stirred reactor measurement
ID:349	of_reactor	R_shock tube
ID:349	has_author	Author 52
ID:349	of_year	Y_1960
ID:349	of_target	T_C0
ID:349	has_similarity	S_0.7
ID:349	has_uncertainty	U_0.7
ID:350	of_type	TY_burner stabilized flame speciation measurement
ID:350	of_reactor	R_flame
ID:350	has_author	Author 5
ID:350	of_year	Y_1960
ID:350	of_target	T_IDT
ID:350	has_similarity	S_0.3
ID:350	has_uncertainty	U_0.3
ID:351	of_type	TY_concentration time profile measurement
ID:351	of_reactor	R_shock tube
ID:351	has_author	Author 78
ID:351	of_year	Y_1995
ID:351	of_target	T_C6H6
ID:351	has_similarity	S_0.2
ID:351	has_uncertainty	U_0.2
ID:352	of_type	TY_jet stirred reactor measurement
ID:352	of_reactor	R_stirred reactor
ID:352	has_author	Author 93
ID:352	of_year	Y_1979
ID:352	of_target	T_C6H6
ID:352	has_similarity	S_0.7
ID:352	has_uncertainty	U_0.7
ID:353	of_type	TY_jet stirred reactor measurement
ID:353	of_reactor	R_stirred reactor
ID:353	has_author	Author 39
ID:353	of_year	Y_1953
ID:353	of_target	T_C0
ID:353	has_similarity	S_0.9
ID:353	has_uncertainty	U_0.9
ID:354	of_type	TY_burner stabilized flame speciation measurement
ID:354	of_reactor	R_flame
ID:354	has_author	Author 70
ID:354	of_year	Y_2028
ID:354	of_target	T_IDT
ID:354	has_similarity	S_0.4
ID:354	has_uncertainty	U_0.4
ID:355	of_type	TY_ignition delay measurement
ID:355	of_reactor	R_shock tube
ID:355	has_author	Author 41
ID:355	of_year	Y_2001
ID:355	of_target	T_H20
ID:355	has_similarity	S_0.6
ID:355	has_uncertainty	U_0.6
ID:356	of_type	TY_burner stabilized flame speciation measurement
ID:356	of_reactor	R_flame
ID:356	has_author	Author 14
ID:356	of_year	Y_2023
ID:356	of_target	T_CH3
ID:356	has_similarity	S_0.7
ID:356	has_uncertainty	U_0.7
ID:357	of_type	TY_concentration time profile measurement
ID:357	of_reactor	R_stirred reactor
ID:357	has_author	Author 46
ID:357	of_year	Y_1980
ID:357	of_target	T_C6H6
ID:357	has_similarity	S_1.0
ID:357	has_uncertainty	U_1.0
ID:358	of_type	TY_outlet concentration measurement
ID:358	of_reactor	R_flow reactor
ID:358	has_author	Author 97
ID:358	of_year	Y_2006
ID:358	of_target	T_H20
ID:358	has_similarity	S_0.2
ID:358	has_uncertainty	U_0.2
ID:359	of_type	TY_burner stabilized flame speciation measurement
ID:359	of_reactor	R_flame
ID:359	has_author	Author 58
ID:359	of_year	Y_1972
ID:359	of_target	T_H2S
ID:359	has_similarity	S_0.1
ID:359	has_uncertainty	U_0.1
ID:360	of_type	TY_outlet concentration measurement
ID:360	of_reactor	R_flow reactor
ID:360	has_author	Author 13
ID:360	of_year	Y_1968
ID:360	of_target	T_CH3
ID:360	has_similarity	S_0.2
ID:360	has_uncertainty	U_0.2
ID:361	of_type	TY_ignition delay measurement
ID:361	of_reactor	R_rapid compression machine
ID:361	has_author	Author 29
ID:361	of_year	Y_2012
ID:361	of_target	T_H2S
ID:361	has_similarity	S_1.0
ID:361	has_uncertainty	U_1.0
ID:362	of_type	TY_outlet concentration measurement
ID:362	of_reactor	R_flow reactor
ID:362	has_author	Author 98
ID:362	of_year	Y_1991
ID:362	of_target	T_H20
ID:362	has_similarity	S_0.3
ID:362	has_uncertainty	U_0.3
ID:363	of_type	TY_ignition delay measurement
ID:363	of_reactor	R_shock tube
ID:363	has_author	Author 32
ID:363	of_year	Y_1993
ID:363	of_target	T_IDT
ID:363	has_similarity	S_0.1
ID:363	has_uncertainty	U_0.1
ID:364	of_type	TY_jet stirred reactor measurement
ID:364	of_reactor	R_stirred reactor
ID:364	has_author	Author 60
ID:364	of_year	Y_2028
ID:364	of_target	T_IDT
ID:364	has_similarity	S_0.4
ID:364	has_uncertainty	U_0.4
ID:365	of_type	TY_burner stabilized flame speciation measurement
ID:365	of_reactor	R_flame
ID:365	has_author	Author 33
ID:365	of_year	Y_2004
ID:365	of_target	T_NH3
ID:365	has_similarity	S_0.5
ID:365	has_uncertainty	U_0.5
ID:366	of_type	TY_outlet concentration measurement
ID:366	of_reactor	R_flow reactor
ID:366	has_author	Author 33
ID:366	of_year	Y_2007
ID:366	of_target	T_C7H8
ID:366	has_similarity	S_0.2
ID:366	has_uncertainty	U_0.2
ID:367	of_type	TY_burner stabilized flame speciation measurement
ID:367	of_reactor	R_flame
ID:367	has_author	Author 57
ID:367	of_year	Y_1999
ID:367	of_target	T_IDT
ID:367	has_similarity	S_0.2
ID:367	has_uncertainty	U_0.2
ID:368	of_type	TY_concentration time profile measurement
ID:368	of_reactor	R_shock tube
ID:368	has_author	Author 54
ID:368	of_year	Y_2021
ID:368	of_target	T_CH4
ID:368	has_similarity	S_1.0
ID:368	has_uncertainty	U_1.0
ID:369	of_type	TY_burner stabilized flame speciation measurement
ID:369	of_reactor	R_flame
ID:369	has_author	Author 0
ID:369	of_year	Y_1950
ID:369	of_target	T_NH3
ID:369	has_similarity	S_0.2
ID:369	has_uncertainty	U_0.2
ID:370	of_type	TY_ignition delay measurement
ID:370	of_reactor	R_rapid compression machine
ID:370	has_author	Author 49
ID:370	of_year	Y_2018
ID:370	of_target	T_C7H8
ID:370	has_similarity	S_0.2
ID:370	has_uncertainty	U_0.2
ID:371	of_type	TY_ignition delay measurement
ID:371	of_reactor	R_shock tube
ID:371	has_author	Author 3
ID:371	of_year	Y_2025
ID:371	of_target	T_CH3
ID:371	has_similarity	S_0.2
ID:371	has_uncertainty	U_0.2
ID:372	of_type	TY_burner stabilized flame speciation measurement
ID:372	of_reactor	R_flame
ID:372	has_author	Author 24
ID:372	of_year	Y_1980
ID:372	of_target	T_NH3
ID:372	has_similarity	S_0.7
ID:372	has_uncertainty	U_0.7
ID:373	of_type	TY_ignition delay measurement
ID:373	of_reactor	R_rapid compression machine
ID:373	has_author	Author 26
ID:373	of_year	Y_1985
ID:373	of_target	T_IDT
ID:373	has_similarity	S_1.0
ID:373	has_uncertainty	U_1.0
ID:374	of_type	TY_burner stabilized flame speciation measurement
ID:374	of_reactor	R_flame
ID:374	has_author	Author 66
ID:374	of_year	Y_2017
ID:374	of_target	T_IDT
ID:374	has_similarity	S_0.1
ID:374	has_uncertainty	U_0.1
ID:375	of_type	TY_laminar burning velocity measurement
ID:375	of_reactor	R_flame
ID:375	has_author	Author 16
ID:375	of_year	Y_1991
ID:375	of_target	T_C0
ID:375	has_similarity	S_0.1
ID:375	has_uncertainty	U_0.1
ID:376	of_type	TY_laminar burning velocity measurement
ID:376	of_reactor	R_flame
ID:376	has_author	Author 4
ID:376	of_year	Y_1975
ID:376	of_target	T_C7H8
ID:376	has_similarity	S_0.7
ID:376	has_uncertainty	U_0.7
ID:377	of_type	TY_burner stabilized flame speciation measurement
ID:377	of_reactor	R_flame
ID:377	has_author	Author 81
ID:377	of_year	Y_2005
ID:377	of_target	T_H20
ID:377	has_similarity	S_0.7
ID:377	has_uncertainty	U_0.7
ID:378	of_type	TY_jet stirred reactor measurement
ID:378	of_reactor	R_flow reactor
ID:378	has_author	Author 49
ID:378	of_year	Y_2019
ID:378	of_target	T_CO2
ID:378	has_similarity	S_0.0
ID:378	has_uncertainty	U_0.0
ID:379	of_type	TY_concentration time profile measurement
ID:379	of_reactor	R_shock tube
ID:379	has_author	Author 1
ID:379	of_year	Y_2000
ID:379	of_target	T_NH3
ID:379	has_similarity	S_0.8
ID:379	has_uncertainty	U_0.8
ID:380	of_type	TY_jet stirred reactor measurement
ID:380	of_reactor	R_shock tube
ID:380	has_author	Author 60
ID:380	of_year	Y_2029
ID:380	of_target	T_C5H6
ID:380	has_similarity	S_0.3
ID:380	has_uncertainty	U_0.3
ID:381	of_type	TY_concentration time profile measurement
ID:381	of_reactor	R_flow reactor
ID:381	has_author	Author 40
ID:381	of_year	Y_1980
ID:381	of_target	T_H2S
ID:381	has_similarity	S_0.4
ID:381	has_uncertainty	U_0.4
ID:382	of_type	TY_outlet concentration measurement
ID:382	of_reactor	R_stirred reactor
ID:382	has_author	Author 66
ID:382	of_year	Y_2011
ID:382	of_target	T_C7H8
ID:382	has_similarity	S_0.3
ID:382	has_uncertainty	U_0.3
ID:383	of_type	TY_jet stirred reactor measurement
ID:383	of_reactor	R_stirred reactor
ID:383	has_author	Author 6
ID:383	of_year	Y_1977
ID:383	of_target	T_H2S
ID:383	has_similarity	S_0.6
ID:383	has_uncertainty	U_0.6
ID:384	of_type	TY_ignition delay measurement
ID:384	of_reactor	R_shock tube
ID:384	has_author	Author 66
ID:384	of_year	Y_2013
ID:384	of_target	T_H20
ID:384	has_similarity	S_0.1
ID:384	has_uncertainty	U_0.1
ID:385	of_type	TY_jet stirred reactor measurement
ID:385	of_reactor	R_shock tube
ID:385	has_author	Author 5
ID:385	of_year	Y_1964
ID:385	of_target	T_H20
ID:385	has_similarity	S_0.5
ID:385	has_uncertainty	U_0.5
ID:386	of_type	TY_ignition delay measurement
ID:386	of_reactor	R_shock tube
ID:386	has_author	Author 14
ID:386	of_year	Y_2020
ID:386	of_target	T_C5H6
ID:386	has_similarity	S_0.3
ID:386	has_uncertainty	U_0.3
ID:387	of_type	TY_burner stabilized flame speciation measurement
ID:387	of_reactor	R_flame
ID:387	has_author	Author 57
ID:387	of_year	Y_1999
ID:387	of_target	T_H2
ID:387	has_similarity	S_0.1
ID:387	has_uncertainty	U_0.1
ID:388	of_type	TY_burner stabilized flame speciation measurement
ID:388	of_reactor	R_flame
ID:388	has_author	Author 56
ID:388	of_year	Y_1995
ID:388	of_target	T_C7H8
ID:388	has_similarity	S_0.2
ID:388	has_uncertainty	U_0.2
ID:389	of_type	TY_concentration time profile measurement
ID:389	of_reactor	R_flow reactor
ID:389	has_author	Author 43
ID:389	of_year	Y_1957
ID:389	of_target	T_IDT
ID:389	has_similarity	S_0.9
ID:389	has_uncertainty	U_0.9
ID:390	of_type	TY_ignition delay measurement
ID:390	of_reactor	R_rapid compression machine
ID:390	has_author	Author 99
ID:390	of_year	Y_1956
ID:390	of_target	T_C0
ID:390	has_similarity	S_0.9
ID:390	has_uncertainty	U_0.9
ID:391	of_type	TY_ignition delay measurement
ID:391	of_reactor	R_rapid compression machine
ID:391	has_author	Author 47
ID:391	of_year	Y_2009
ID:391	of_target	T_CO2
ID:391	has_similarity	S_0.3
ID:391	has_uncertainty	U_0.3
ID:392	of_type	TY_concentration time profile measurement
ID:392	of_reactor	R_shock tube
ID:392	has_author	Author 13
ID:392	of_year	Y_1960
ID:392	of_target	T_CH4
ID:392	has_similarity	S_0.3
ID:392	has_uncertainty	U_0.3
ID:393	of_type	TY_jet stirred reactor measurement
ID:393	of_reactor	R_stirred reactor
ID:393	has_author	Author 56
ID:393	of_year	Y_1997
ID:393	of_target	T_CH3
ID:393	has_similarity	S_0.3
ID:393	has_uncertainty	U_0.3
ID:394	of_type	TY_jet stirred reactor measurement
ID:394	of_reactor	R_shock tube
ID:394	has_author	Author 73
ID:394	of_year	Y_1969
ID:394	of_target	T_NH3
ID:394	has_similarity	S_0.1
ID:394	has_uncertainty	U_0.1
ID:395	of_type	TY_jet stirred reactor measurement
ID:395	of_reactor	R_shock tube
ID:395	has_author	Author 57
ID:395	of_year	Y_1995
ID:395	of_target	T_C5H6
ID:395	has_similarity	S_0.0
ID:395	has_uncertainty	U_0.0
ID:396	of_type	TY_ignition delay measurement
ID:396	of_reactor	R_shock tube
ID:396	has_author	Author 66
ID:396	of_year	Y_2017
ID:396	of_target	T_H2
ID:396	has_similarity	S_0.5
ID:396	has_uncertainty	U_0.5
ID:397	of_type	TY_laminar burning velocity measurement
ID:397	of_reactor	R_flame
ID:397	has_author	Author 78
ID:397	of_year	Y_1995
ID:397	of_target	T_CH4
ID:397	has_similarity	S_0.4
ID:397	has_uncertainty	U_0.4
ID:398	of_type	TY_jet stirred reactor measurement
ID:398	of_reactor	R_shock tube
ID:398	has_author	Author 26
ID:398	of_year	Y_1989
ID:398	of_target	T_H2
ID:398	has_similarity	S_0.4
ID:398	has_uncertainty	U_0.4
ID:399	of_type	TY_outlet concentration measurement
ID:399	of_reactor	R_flow reactor
ID:399	has_author	Author 67
ID:399	of_year	Y_2016
ID:399	of_target	T_C5H6
ID:399	has_similarity	S_0.5
ID:399	has_uncertainty	U_0.5
ID:400	of_type	TY_jet stirred reactor measurement
ID:400	of_reactor	R_stirred reactor
ID:400	has_author	Author 26
ID:400	of_year	Y_1983
ID:400	of_target	T_H2
ID:400	has_similarity	S_0.8
ID:400	has_uncertainty	U_0.8
ID:401	of_type	TY_ignition delay measurement
ID:401	of_reactor	R_shock tube
ID:401	has_author	Author 39
ID:401	of_year	Y_1954
ID:401	of_target	T_H2
ID:401	has_similarity	S_0.0
ID:401	has_uncertainty	U_0.0
ID:402	of_type	TY_laminar burning velocity measurement
ID:402	of_reactor	R_flame
ID:402	has_author	Author 6
ID:402	of_year	Y_1977
ID:402	of_target	T_C0
ID:402	has_similarity	S_0.6
ID:402	has_uncertainty	U_0.6
ID:403	of_type	TY_laminar burning velocity measurement
ID:403	of_reactor	R_flame
ID:403	has_author	Author 43
ID:403	of_year	Y_1954
ID:403	of_target	T_CH4
ID:403	has_similarity	S_0.0
ID:403	has_uncertainty	U_0.0
ID:404	of_type	TY_concentration time profile measurement
ID:404	of_reactor	R_stirred reactor
ID:404	has_author	Author 80
ID:404	of_year	Y_2027
ID:404	of_target	T_CO2
ID:404	has_similarity	S_0.5
ID:404	has_uncertainty	U_0.5
ID:405	of_type	TY_concentration time profile measurement
ID:405	of_reactor	R_flow reactor
ID:405	has_author	Author 10
ID:405	of_year	Y_2022
ID:405	of_target	T_CO2
ID:405	has_similarity	S_0.4
ID:405	has_uncertainty	U_0.4
ID:406	of_type	TY_concentration time profile measurement
ID:406	of_reactor	R_stirred reactor
ID:406	has_author	Author 55
ID:406	of_year	Y_1994
ID:406	of_target	T_CH3
ID:406	has_similarity	S_0.9
ID:406	has_uncertainty	U_0.9
ID:407	of_type	TY_concentration time profile measurement
ID:407	of_reactor	R_shock tube
ID:407	has_author	Author 8
ID:407	of_year	Y_1965
ID:407	of_target	T_CO2
ID:407	has_similarity	S_0.7
ID:407	has_uncertainty	U_0.7
ID:408	of_type	TY_concentration time profile measurement
ID:408	of_reactor	R_flow reactor
ID:408	has_author	Author 8
ID:408	of_year	Y_1964
ID:408	of_target	T_CH4
ID:408	has_similarity	S_0.3
ID:408	has_uncertainty	U_0.3
ID:409	of_type	TY_ignition delay measurement
ID:409	of_reactor	R_rapid compression machine
ID:409	has_author	Author 25
ID:409	of_year	Y_1957
ID:409	of_target	T_IDT
ID:409	has_similarity	S_0.4
ID:409	has_uncertainty	U_0.4
ID:410	of_type	TY_laminar burning velocity measurement
ID:410	of_reactor	R_flame
ID:410	has_author	Author 38
ID:410	of_year	Y_2020
ID:410	of_target	T_C6H6
ID:410	has_similarity	S_0.7
ID:410	has_uncertainty	U_0.7
ID:411	of_type	TY_jet stirred reactor measurement
ID:411	of_reactor	R_shock tube
ID:411	has_author	Author 92
ID:411	of_year	Y_1962
ID:411	of_target	T_C7H8
ID:411	has_similarity	S_0.6
ID:411	has_uncertainty	U_0.6
ID:412	of_type	TY_concentration time profile measurement
ID:412	of_reactor	R_shock tube
ID:412	has_author	Author 62
ID:412	of_year	Y_2020
ID:412	of_target	T_CH4
ID:412	has_similarity	S_0.7
ID:412	has_uncertainty	U_0.7
ID:413	of_type	TY_ignition delay measurement
ID:413	of_reactor	R_rapid compression machine
ID:413	has_author	Author 42
ID:413	of_year	Y_1970
ID:413	of_target	T_CH3
ID:413	has_similarity	S_0.7
ID:413	has_uncertainty	U_0.7
ID:414	of_type	TY_outlet concentration measurement
ID:414	of_reactor	R_flow reactor
ID:414	has_author	Author 27
ID:414	of_year	Y_2006
ID:414	of_target	T_CO2
ID:414	has_similarity	S_0.3
ID:414	has_uncertainty	U_0.3
ID:415	of_type	TY_outlet concentration measurement
ID:415	of_reactor	R_flow reactor
ID:415	has_author	Author 23
ID:415	of_year	Y_1971
ID:415	of_target	T_NH3
ID:415	has_similarity	S_0.5
ID:415	has_uncertainty	U_0.5
ID:416	of_type	TY_outlet concentration measurement
ID:416	of_reactor	R_stirred reactor
ID:416	has_author	Author 83
ID:416	of_year	Y_1962
ID:416	of_target	T_NH3
ID:416	has_similarity	S_0.3
ID:416	has_uncertainty	U_0.3
ID:417	of_type	TY_burner stabilized flame speciation measurement
ID:417	of_reactor	R_flame
ID:417	has_author	Author 2
ID:417	of_year	Y_2005
ID:417	of_target	T_NH3
ID:417	has_similarity	S_0.8
ID:417	has_uncertainty	U_0.8
ID:418	of_type	TY_concentration time profile measurement
ID:418	of_reactor	R_flow reactor
ID:418	has_author	Author 75
ID:418	of_year	Y_1972
ID:418	of_target	T_C5H6
ID:418	has_similarity	S_0.7
ID:418	has_uncertainty	U_0.7
ID:419	of_type	TY_laminar burning velocity measurement
ID:419	of_reactor	R_flame
ID:419	has_author	Author 26
ID:419	of_year	Y_1986
ID:419	of_target	T_H2S
ID:419	has_similarity	S_0.7
ID:419	has_uncertainty	U_0.7
ID:420	of_type	TY_jet stirred reactor measurement
ID:420	of_reactor	R_shock tube
ID:420	has_author	Author 33
ID:420	of_year	Y_2001
ID:420	of_target	T_C5H6
ID:420	has_similarity	S_0.2
ID:420	has_uncertainty	U_0.2
ID:421	of_type	TY_burner stabilized flame speciation measurement
ID:421	of_reactor	R_flame
ID:421	has_author	Author 30
ID:421	of_year	Y_1954
ID:421	of_target	T_NH3
ID:421	has_similarity	S_0.9
ID:421	has_uncertainty	U_0.9
ID:422	of_type	TY_jet stirred reactor measurement
ID:422	of_reactor	R_shock tube
ID:422	has_author	Author 16
ID:422	of_year	Y_1995
ID:422	of_target	T_C7H8
ID:422	has_similarity	S_0.7
ID:422	has_uncertainty	U_0.7
ID:423	of_type	TY_burner stabilized flame speciation measurement
ID:423	of_reactor	R_flame
ID:423	has_author	Author 78
ID:423	of_year	Y_1993
ID:423	of_target	T_H2S
ID:423	has_similarity	S_0.0
ID:423	has_uncertainty	U_0.0
ID:424	of_type	TY_burner stabilized flame speciation measurement
ID:424	of_reactor	R_flame
ID:424	has_author	Author 85
ID:424	of_year	Y_2010
ID:424	of_target	T_C7H8
ID:424	has_similarity	S_0.3
ID:424	has_uncertainty	U_0.3
ID:425	of_type	TY_outlet concentration measurement
ID:425	of_reactor	R_shock tube
ID:425	has_author	Author 33
ID:425	of_year	Y_2001
ID:425	of_target	T_CH3
ID:425	has_similarity	S_0.3
ID:425	has_uncertainty	U_0.3
ID:426	of_type	TY_outlet concentration measurement
ID:426	of_reactor	R_flow reactor
ID:426	has_author	Author 65
ID:426	of_year	Y_1991
ID:426	of_target	T_H2
ID:426	has_similarity	S_0.1
ID:426	has_uncertainty	U_0.1
ID:427	of_type	TY_laminar burning velocity measurement
ID:427	of_reactor	R_flame
ID:427	has_author	Author 67
ID:427	of_year	Y_2020
ID:427	of_target	T_H2
ID:427	has_similarity	S_0.1
ID:427	has_uncertainty	U_0.1
ID:428	of_type	TY_jet stirred reactor measurement
ID:428	of_reactor	R_stirred reactor
ID:428	has_author	Author 92
ID:428	of_year	Y_1966
ID:428	of_target	T_C0
ID:428	has_similarity	S_0.3
ID:428	has_uncertainty	U_0.3
ID:429	of_type	TY_burner stabilized flame speciation measurement
ID:429	of_reactor	R_flame
ID:429	has_author	Author 61
ID:429	of_year	Y_2008
ID:429	of_target	T_CH4
ID:429	has_similarity	S_0.5
ID:429	has_uncertainty	U_0.5
ID:430	of_type	TY_ignition delay measurement
ID:430	of_reactor	R_shock tube
ID:430	has_author	Author 36
ID:430	of_year	Y_1990
ID:430	of_target	T_NH3
ID:430	has_similarity	S_0.2
ID:430	has_uncertainty	U_0.2
ID:431	of_type	TY_concentration time profile measurement
ID:431	of_reactor	R_flow reactor
ID:431	has_author	Author 87
ID:431	of_year	Y_2018
ID:431	of_target	T_NH3
ID:431	has_similarity	S_0.3
ID:431	has_uncertainty	U_0.3
ID:432	of_type	TY_concentration time profile measurement
ID:432	of_reactor	R_shock tube
ID:432	has_author	Author 90
ID:432	of_year	Y_2000
ID:432	of_target	T_NH3
ID:432	has_similarity	S_0.2
ID:432	has_uncertainty	U_0.2
ID:433	of_type	TY_jet stirred reactor measurement
ID:433	of_reactor	R_stirred reactor
ID:433	has_author	Author 19
ID:433	of_year	Y_1961
ID:433	of_target	T_C6H6
ID:433	has_similarity	S_0.8
ID:433	has_uncertainty	U_0.8
ID:434	of_type	TY_jet stirred reactor measurement
ID:434	of_reactor	R_stirred reactor
ID:434	has_author	Author 62
ID:434	of_year	Y_2013
ID:434	of_target	T_CH4
ID:434	has_similarity	S_0.3
ID:434	has_uncertainty	U_0.3
ID:435	of_type	TY_outlet concentration measurement
ID:435	of_reactor	R_flow reactor
ID:435	has_author	Author 56
ID:435	of_year	Y_1993
ID:435	of_target	T_C6H6
ID:435	has_similarity	S_0.9
ID:435	has_uncertainty	U_0.9
ID:436	of_type	TY_outlet concentration measurement
ID:436	of_reactor	R_shock tube
ID:436	has_author	Author 83
ID:436	of_year	Y_1968
ID:436	of_target	T_CH4
ID:436	has_similarity	S_0.1
ID:436	has_uncertainty	U_0.1
ID:437	of_type	TY_laminar burning velocity measurement
ID:437	of_reactor	R_flame
ID:437	has_author	Author 90
ID:437	of_year	Y_2001
ID:437	of_target	T_CH4
ID:437	has_similarity	S_0.4
ID:437	has_uncertainty	U_0.4
ID:438	of_type	TY_outlet concentration measurement
ID:438	of_reactor	R_flow reactor
ID:438	has_author	Author 5
ID:438	of_year	Y_1960
ID:438	of_target	T_H2
ID:438	has_similarity	S_0.9
ID:438	has_uncertainty	U_0.9
ID:439	of_type	TY_laminar burning velocity measurement
ID:439	of_reactor	R_flame
ID:439	has_author	Author 67
ID:439	of_year	Y_2014
ID:439	of_target	T_CO2
ID:439	has_similarity	S_0.4
ID:439	has_uncertainty	U_0.4
ID:440	of_type	TY_concentration time profile measurement
ID:440	of_reactor	R_shock tube
ID:440	has_author	Author 10
ID:440	of_year	Y_2024
ID:440	of_target	T_H2S
ID:440	has_similarity	S_1.0
ID:440	has_uncertainty	U_1.0
ID:441	of_type	TY_laminar burning velocity measurement
ID:441	of_reactor	R_flame
ID:441	has_author	Author 58
ID:441	of_year	Y_1975
ID:441	of_target	T_CH4
ID:441	has_similarity	S_0.6
ID:441	has_uncertainty	U_0.6
ID:442	of_type	TY_outlet concentration measurement
ID:442	of_reactor	R_stirred reactor
ID:442	has_author	Author 83
ID:442	of_year	Y_1970
ID:442	of_target	T_CO2
ID:442	has_similarity	S_0.5
ID:442	has_uncertainty	U_0.5
ID:443	of_type	TY_jet stirred reactor measurement
ID:443	of_reactor	R_flow reactor
ID:443	has_author	Author 46
ID:443	of_year	Y_1984
ID:443	of_target	T_C7H8
ID:443	has_similarity	S_0.1
ID:443	has_uncertainty	U_0.1
ID:444	of_type	TY_ignition delay measurement
ID:444	of_reactor	R_shock tube
ID:444	has_author	Author 4
ID:444	of_year	Y_1972
ID:444	of_target	T_C7H8
ID:444	has_similarity	S_0.7
ID:444	has_uncertainty	U_0.7
ID:445	of_type	TY_concentration time profile measurement
ID:445	of_reactor	R_flow reactor
ID:445	has_author	Author 98
ID:445	of_year	Y_1994
ID:445	of_target	T_H20
ID:445	has_similarity	S_0.3
ID:445	has_uncertainty	U_0.3
ID:446	of_type	TY_laminar burning velocity measurement
ID:446	of_reactor	R_flame
ID:446	has_author	Author 80
ID:446	of_year	Y_2023
ID:446	of_target	T_CO2
ID:446	has_similarity	S_0.8
ID:446	has_uncertainty	U_0.8
ID:447	of_type	TY_outlet concentration measurement
ID:447	of_reactor	R_flow reactor
ID:447	has_author	Author 84
ID:447	of_year	Y_2013
ID:447	of_target	T_H20
ID:447	has_similarity	S_0.6
ID:447	has_uncertainty	U_0.6
ID:448	of_type	TY_jet stirred reactor measurement
ID:448	of_reactor	R_flow reactor
ID:448	has_author	Author 40
ID:448	of_year	Y_1974
ID:448	of_target	T_C5H6
ID:448	has_similarity	S_0.5
ID:448	has_uncertainty	U_0.5
ID:449	of_type	TY_jet stirred reactor measurement
ID:449	of_reactor	R_stirred reactor
ID:449	has_author	Author 28
ID:449	of_year	Y_1950
ID:449	of_target	T_H20
ID:449	has_similarity	S_1.0
ID:449	has_uncertainty	U_1.0
ID:450	of_type	TY_ignition delay measurement
ID:450	of_reactor	R_shock tube
ID:450	has_author	Author 70
ID:450	of_year	Y_2025
ID:450	of_target	T_H2
ID:450	has_similarity	S_0.5
ID:450	has_uncertainty	U_0.5
ID:451	of_type	TY_burner stabilized flame speciation measurement
ID:451	of_reactor	R_flame
ID:451	has_author	Author 5
ID:451	of_year	Y_1966
ID:451	of_target	T_C6H6
ID:451	has_similarity	S_0.1
ID:451	has_uncertainty	U_0.1
ID:452	of_type	TY_laminar burning velocity measurement
ID:452	of_reactor	R_flame
ID:452	has_author	Author 93
ID:452	of_year	Y_1971
ID:452	of_target	T_NH3
ID:452	has_similarity	S_0.7
ID:452	has_uncertainty	U_0.7
ID:453	of_type	TY_outlet concentration measurement
ID:453	of_reactor	R_flow reactor
ID:453	has_author	Author 45
ID:453	of_year	Y_2002
ID:453	of_target	T_C7H8
ID:453	has_similarity	S_0.5
ID:453	has_uncertainty	U_0.5
ID:454	of_type	TY_laminar burning velocity measurement
ID:454	of_reactor	R_flame
ID:454	has_author	Author 84
ID:454	of_year	Y_2018
ID:454	of_target	T_C7H8
ID:454	has_similarity	S_0.8
ID:454	has_uncertainty	U_0.8
ID:455	of_type	TY_jet stirred reactor measurement
ID:455	of_reactor	R_flow reactor
ID:455	has_author	Author 96
ID:455	of_year	Y_2017
ID:455	of_target	T_C5H6
ID:455	has_similarity	S_0.6
ID:455	has_uncertainty	U_0.6
ID:456	of_type	TY_jet stirred reactor measurement
ID:456	of_reactor	R_stirred reactor
ID:456	has_author	Author 80
ID:456	of_year	Y_2021
ID:456	of_target	T_C0
ID:456	has_similarity	S_0.6
ID:456	has_uncertainty	U_0.6
ID:457	of_type	TY_laminar burning velocity measurement
ID:457	of_reactor	R_flame
ID:457	has_author	Author 60
ID:457	of_year	Y_2021
ID:457	of_target	T_C0
ID:457	has_similarity	S_0.6
ID:457	has_uncertainty	U_0.6
ID:458	of_type	TY_concentration time profile measurement
ID:458	of_reactor	R_flow reactor
ID:458	has_author	Author 80
ID:458	of_year	Y_2020
ID:458	of_target	T_C0
ID:458	has_similarity	S_0.3
ID:458	has_uncertainty	U_0.3
ID:459	of_type	TY_burner stabilized flame speciation measurement
ID:459	of_reactor	R_flame
ID:459	has_author	Author 65
ID:459	of_year	Y_1990
ID:459	of_target	T_CH3
ID:459	has_similarity	S_0.9
ID:459	has_uncertainty	U_0.9
ID:460	of_type	TY_ignition delay measurement
ID:460	of_reactor	R_shock tube
ID:460	has_author	Author 56
ID:460	of_year	Y_1995
ID:460	of_target	T_IDT
ID:460	has_similarity	S_0.7
ID:460	has_uncertainty	U_0.7
ID:461	of_type	TY_laminar burning velocity measurement
ID:461	of_reactor	R_flame
ID:461	has_author	Author 37
ID:461	of_year	Y_2011
ID:461	of_target	T_CO2
ID:461	has_similarity	S_0.8
ID:461	has_uncertainty	U_0.8
ID:462	of_type	TY_jet stirred reactor measurement
ID:462	of_reactor	R_flow reactor
ID:462	has_author	Author 97
ID:462	of_year	Y_2007
ID:462	of_target	T_NH3
ID:462	has_similarity	S_0.2
ID:462	has_uncertainty	U_0.2
ID:463	of_type	TY_ignition delay measurement
ID:463	of_reactor	R_shock tube
ID:463	has_author	Author 50
ID:463	of_year	Y_1993
ID:463	of_target	T_C5H6
ID:463	has_similarity	S_0.1
ID:463	has_uncertainty	U_0.1
ID:464	of_type	TY_burner stabilized flame speciation measurement
ID:464	of_reactor	R_flame
ID:464	has_author	Author 40
ID:464	of_year	Y_1971
ID:464	of_target	T_H2S
ID:464	has_similarity	S_0.3
ID:464	has_uncertainty	U_0.3
ID:465	of_type	TY_outlet concentration measurement
ID:465	of_reactor	R_stirred reactor
ID:465	has_author	Author 66
ID:465	of_year	Y_2015
ID:465	of_target	T_H2S
ID:465	has_similarity	S_0.0
ID:465	has_uncertainty	U_0.0
ID:466	of_type	TY_outlet concentration measurement
ID:466	of_reactor	R_flow reactor
ID:466	has_author	Author 11
ID:466	of_year	Y_1959
ID:466	of_target	T_C0
ID:466	has_similarity	S_0.6
ID:466	has_uncertainty	U_0.6
ID:467	of_type	TY_burner stabilized flame speciation measurement
ID:467	of_reactor	R_flame
ID:467	has_author	Author 70
ID:467	of_year	Y_2027
ID:467	of_target	T_C0
ID:467	has_similarity	S_0.5
ID:467	has_uncertainty	U_0.5
ID:468	of_type	TY_laminar burning velocity measurement
ID:468	of_reactor	R_flame
ID:468	has_author	Author 31
ID:468	of_year	Y_1989
ID:468	of_target	T_C5H6
ID:468	has_similarity	S_0.4
ID:468	has_uncertainty	U_0.4
ID:469	of_type	TY_ignition delay measurement
ID:469	of_reactor	R_shock tube
ID:469	has_author	Author 61
ID:469	of_year	Y_2010
ID:469	of_target	T_C6H6
ID:469	has_similarity	S_0.8
ID:469	has_uncertainty	U_0.8
ID:470	of_type	TY_outlet concentration measurement
ID:470	of_reactor	R_shock tube
ID:470	has_author	Author 18
ID:470	of_year	Y_2009
ID:470	of_target	T_C7H8
ID:470	has_similarity	S_0.5
ID:470	has_uncertainty	U_0.5
ID:471	of_type	TY_laminar burning velocity measurement
ID:471	of_reactor	R_flame
ID:471	has_author	Author 31
ID:471	of_year	Y_1984
ID:471	of_target	T_CH4
ID:471	has_similarity	S_0.3
ID:471	has_uncertainty	U_0.3
ID:472	of_type	TY_burner stabilized flame speciation measurement
ID:472	of_reactor	R_flame
ID:472	has_author	Author 96
ID:472	of_year	Y_2017
ID:472	of_target	T_C5H6
ID:472	has_similarity	S_1.0
ID:472	has_uncertainty	U_1.0
ID:473	of_type	TY_jet stirred reactor measurement
ID:473	of_reactor	R_stirred reactor
ID:473	has_author	Author 53
ID:473	of_year	Y_1976
ID:473	of_target	T_C6H6
ID:473	has_similarity	S_0.4
ID:473	has_uncertainty	U_0.4
ID:474	of_type	TY_jet stirred reactor measurement
ID:474	of_reactor	R_flow reactor
ID:474	has_author	Author 78
ID:474	of_year	Y_2000
ID:474	of_target	T_CH4
ID:474	has_similarity	S_0.3
ID:474	has_uncertainty	U_0.3
ID:475	of_type	TY_ignition delay measurement
ID:475	of_reactor	R_shock tube
ID:475	has_author	Author 45
ID:475	of_year	Y_2000
ID:475	of_target	T_C7H8
ID:475	has_similarity	S_0.1
ID:475	has_uncertainty	U_0.1
ID:476	of_type	TY_concentration time profile measurement
ID:476	of_reactor	R_shock tube
ID:476	has_author	Author 30
ID:476	of_year	Y_1955
ID:476	of_target	T_CH4
ID:476	has_similarity	S_0.2
ID:476	has_uncertainty	U_0.2
ID:477	of_type	TY_outlet concentration measurement
ID:477	of_reactor	R_stirred reactor
ID:477	has_author	Author 9
ID:477	of_year	Y_2000
ID:477	of_target	T_C6H6
ID:477	has_similarity	S_0.6
ID:477	has_uncertainty	U_0.6
ID:478	of_type	TY_laminar burning velocity measurement
ID:478	of_reactor	R_flame
ID:478	has_author	Author 21
ID:478	of_year	Y_2011
ID:478	of_target	T_C0
ID:478	has_similarity	S_0.4
ID:478	has_uncertainty	U_0.4
ID:479	of_type	TY_ignition delay measurement
ID:479	of_reactor	R_rapid compression machine
ID:479	has_author	Author 32
ID:479	of_year	Y_1997
ID:479	of_target	T_CH4
ID:479	has_similarity	S_0.1
ID:479	has_uncertainty	U_0.1
ID:480	of_type	TY_ignition delay measurement
ID:480	of_reactor	R_shock tube
ID:480	has_author	Author 96
ID:480	of_year	Y_2019
ID:480	of_target	T_IDT
ID:480	has_similarity	S_0.1
ID:480	has_uncertainty	U_0.1
ID:481	of_type	TY_outlet concentration measurement
ID:481	of_reactor	R_shock tube
ID:481	has_author	Author 44
ID:481	of_year	Y_1972
ID:481	of_target	T_C6H6
ID:481	has_similarity	S_0.1
ID:481	has_uncertainty	U_0.1
ID:482	of_type	TY_ignition delay measurement
ID:482	of_reactor	R_shock tube
ID:482	has_author	Author 75
ID:482	of_year	Y_1979
ID:482	of_target	T_CH4
ID:482	has_similarity	S_0.9
ID:482	has_uncertainty	U_0.9
ID:483	of_type	TY_concentration time profile measurement
ID:483	of_reactor	R_shock tube
ID:483	has_author	Author 5
ID:483	of_year	Y_1966
ID:483	of_target	T_C5H6
ID:483	has_similarity	S_0.3
ID:483	has_uncertainty	U_0.3
ID:484	of_type	TY_laminar burning velocity measurement
ID:484	of_reactor	R_flame
ID:484	has_author	Author 47
ID:484	of_year	Y_2003
ID:484	of_target	T_CH4
ID:484	has_similarity	S_0.1
ID:484	has_uncertainty	U_0.1
ID:485	of_type	TY_outlet concentration measurement
ID:485	of_reactor	R_shock tube
ID:485	has_author	Author 43
ID:485	of_year	Y_1954
ID:485	of_target	T_NH3
ID:485	has_similarity	S_0.4
ID:485	has_uncertainty	U_0.4
ID:486	of_type	TY_concentration time profile measurement
ID:486	of_reactor	R_flow reactor
ID:486	has_author	Author 52
ID:486	of_year	Y_1966
ID:486	of_target	T_CO2
ID:486	has_similarity	S_0.5
ID:486	has_uncertainty	U_0.5
ID:487	of_type	TY_ignition delay measurement
ID:487	of_reactor	R_rapid compression machine
ID:487	has_author	Author 1
ID:487	of_year	Y_2005
ID:487	of_target	T_NH3
ID:487	has_similarity	S_0.6
ID:487	has_uncertainty	U_0.6
ID:488	of_type	TY_laminar burning velocity measurement
ID:488	of_reactor	R_flame
ID:488	has_author	Author 99
ID:488	of_year	Y_1956
ID:488	of_target	T_H20
ID:488	has_similarity	S_0.5
ID:488	has_uncertainty	U_0.5
ID:489	of_type	TY_outlet concentration measurement
ID:489	of_reactor	R_flow reactor
ID:489	has_author	Author 79
ID:489	of_year	Y_1988
ID:489	of_target	T_H2
ID:489	has_similarity	S_0.1
ID:489	has_uncertainty	U_0.1
ID:490	of_type	TY_jet stirred reactor measurement
ID:490	of_reactor	R_shock tube
ID:490	has_author	Author 96
ID:490	of_year	Y_2018
ID:490	of_target	T_C7H8
ID:490	has_similarity	S_0.9
ID:490	has_uncertainty	U_0.9
ID:491	of_type	TY_outlet concentration measurement
ID:491	of_reactor	R_flow reactor
ID:491	has_author	Author 46
ID:491	of_year	Y_1990
ID:491	of_target	T_CH4
ID:491	has_similarity	S_0.7
ID:491	has_uncertainty	U_0.7
ID:492	of_type	TY_outlet concentration measurement
ID:492	of_reactor	R_stirred reactor
ID:492	has_author	Author 24
ID:492	of_year	Y_1984
ID:492	of_target	T_C0
ID:492	has_similarity	S_0.0
ID:492	has_uncertainty	U_0.0
ID:493	of_type	TY_outlet concentration measurement
ID:493	of_reactor	R_flow reactor
ID:493	has_author	Author 57
ID:493	of_year	Y_1998
ID:493	of_target	T_H2
ID:493	has_similarity	S_0.7
ID:493	has_uncertainty	U_0.7
ID:494	of_type	TY_outlet concentration measurement
ID:494	of_reactor	R_shock tube
ID:494	has_author	Author 59
ID:494	of_year	Y_2008
ID:494	of_target	T_CH3
ID:494	has_similarity	S_0.6
ID:494	has_uncertainty	U_0.6
ID:495	of_type	TY_ignition delay measurement
ID:495	of_reactor	R_rapid compression machine
ID:495	has_author	Author 53
ID:495	of_year	Y_1974
ID:495	of_target	T_C0
ID:495	has_similarity	S_0.9
ID:495	has_uncertainty	U_0.9
ID:496	of_type	TY_jet stirred reactor measurement
ID:496	of_reactor	R_flow reactor
ID:496	has_author	Author 91
ID:496	of_year	Y_2016
ID:496	of_target	T_C0
ID:496	has_similarity	S_0.0
ID:496	has_uncertainty	U_0.0
ID:497	of_type	TY_laminar burning velocity measurement
ID:497	of_reactor	R_flame
ID:497	has_author	Author 49
ID:497	of_year	Y_2017
ID:497	of_target	T_C6H6
ID:497	has_similarity	S_0.8
ID:497	has_uncertainty	U_0.8
ID:498	of_type	TY_ignition delay measurement
ID:498	of_reactor	R_shock tube
ID:498	has_author	Author 18
ID:498	of_year	Y_2002
ID:498	of_target	T_CH3
ID:498	has_similarity	S_0.3
ID:498	has_uncertainty	U_0.3
ID:499	of_type	TY_ignition delay measurement
ID:499	of_reactor	R_shock tube
ID:499	has_author	Author 41
ID:499	of_year	Y_2000
ID:499	of_target	T_C0
ID:499	has_similarity	S_0.6
ID:499	has_uncertainty	U_0.6
ID:500	of_type	TY_concentration time profile measurement
ID:500	of_reactor	R_flow reactor
ID:500	has_author	Author 61
ID:500	of_year	Y_2008
ID:500	of_target	T_H20
ID:500	has_similarity	S_1.0
ID:500	has_uncertainty	U_1.0
ID:501	of_type	TY_jet stirred reactor measurement
ID:501	of_reactor	R_stirred reactor
ID:501	has_author	Author 97
ID:501	of_year	Y_2005
ID:501	of_target	T_H20
ID:501	has_similarity	S_0.4
ID:501	has_uncertainty	U_0.4
ID:502	of_type	TY_outlet concentration measurement
ID:502	of_reactor	R_stirred reactor
ID:502	has_author	Author 61
ID:502	of_year	Y_2006
ID:502	of_target	T_CH4
ID:502	has_similarity	S_0.3
ID:502	has_uncertainty	U_0.3
ID:503	of_type	TY_ignition delay measurement
ID:503	of_reactor	R_rapid compression machine
ID:503	has_author	Author 57
ID:503	of_year	Y_1999
ID:503	of_target	T_H20
ID:503	has_similarity	S_0.3
ID:503	has_uncertainty	U_0.3
ID:504	of_type	TY_burner stabilized flame speciation measurement
ID:504	of_reactor	R_flame
ID:504	has_author	Author 48
ID:504	of_year	Y_1992
ID:504	of_target	T_H2S
ID:504	has_similarity	S_0.7
ID:504	has_uncertainty	U_0.7
ID:505	of_type	TY_concentration time profile measurement
ID:505	of_reactor	R_shock tube
ID:505	has_author	Author 76
ID:505	of_year	Y_1977
ID:505	of_target	T_CH4
ID:505	has_similarity	S_1.0
ID:505	has_uncertainty	U_1.0
ID:506	of_type	TY_laminar burning velocity measurement
ID:506	of_reactor	R_flame
ID:506	has_author	Author 82
ID:506	of_year	Y_1999
ID:506	of_target	T_H2S
ID:506	has_similarity	S_0.9
ID:506	has_uncertainty	U_0.9
ID:507	of_type	TY_laminar burning velocity measurement
ID:507	of_reactor	R_flame
ID:507	has_author	Author 39
ID:507	of_year	Y_1950
ID:507	of_target	T_C7H8
ID:507	has_similarity	S_0.6
ID:507	has_uncertainty	U_0.6
ID:508	of_type	TY_ignition delay measurement
ID:508	of_reactor	R_shock tube
ID:508	has_author	Author 57
ID:508	of_year	Y_1993
ID:508	of_target	T_C7H8
ID:508	has_similarity	S_0.4
ID:508	has_uncertainty	U_0.4
ID:509	of_type	TY_outlet concentration measurement
ID:509	of_reactor	R_flow reactor
ID:509	has_author	Author 60
ID:509	of_year	Y_2023
ID:509	of_target	T_H2
ID:509	has_similarity	S_0.6
ID:509	has_uncertainty	U_0.6
ID:510	of_type	TY_outlet concentration measurement
ID:510	of_reactor	R_stirred reactor
ID:510	has_author	Author 65
ID:510	of_year	Y_1991
ID:510	of_target	T_C6H6
ID:510	has_similarity	S_0.2
ID:510	has_uncertainty	U_0.2
ID:511	of_type	TY_ignition delay measurement
ID:511	of_reactor	R_rapid compression machine
ID:511	has_author	Author 37
ID:511	of_year	Y_2020
ID:511	of_target	T_H20
ID:511	has_similarity	S_0.7
ID:511	has_uncertainty	U_0.7
ID:512	of_type	TY_ignition delay measurement
ID:512	of_reactor	R_shock tube
ID:512	has_author	Author 54
ID:512	of_year	Y_2028
ID:512	of_target	T_C5H6
ID:512	has_similarity	S_0.8
ID:512	has_uncertainty	U_0.8
ID:513	of_type	TY_outlet concentration measurement
ID:513	of_reactor	R_stirred reactor
ID:513	has_author	Author 2
ID:513	of_year	Y_2005
ID:513	of_target	T_NH3
ID:513	has_similarity	S_0.5
ID:513	has_uncertainty	U_0.5
ID:514	of_type	TY_concentration time profile measurement
ID:514	of_reactor	R_stirred reactor
ID:514	has_author	Author 88
ID:514	of_year	Y_1980
ID:514	of_target	T_H2S
ID:514	has_similarity	S_0.2
ID:514	has_uncertainty	U_0.2
ID:515	of_type	TY_outlet concentration measurement
ID:515	of_reactor	R_shock tube
ID:515	has_author	Author 24
ID:515	of_year	Y_1981
ID:515	of_target	T_H2S
ID:515	has_similarity	S_0.4
ID:515	has_uncertainty	U_0.4
ID:516	of_type	TY_laminar burning velocity measurement
ID:516	of_reactor	R_flame
ID:516	has_author	Author 56
ID:516	of_year	Y_1991
ID:516	of_target	T_IDT
ID:516	has_similarity	S_0.2
ID:516	has_uncertainty	U_0.2
ID:517	of_type	TY_jet stirred reactor measurement
ID:517	of_reactor	R_stirred reactor
ID:517	has_author	Author 84
ID:517	of_year	Y_2015
ID:517	of_target	T_CO2
ID:517	has_similarity	S_0.9
ID:517	has_uncertainty	U_0.9
ID:518	of_type	TY_outlet concentration measurement
ID:518	of_reactor	R_stirred reactor
ID:518	has_author	Author 70
ID:518	of_year	Y_2020
ID:518	of_target	T_H2
ID:518	has_similarity	S_0.8
ID:518	has_uncertainty	U_0.8
ID:519	of_type	TY_outlet concentration measurement
ID:519	of_reactor	R_shock tube
ID:519	has_author	Author 82
ID:519	of_year	Y_1993
ID:519	of_target	T_CH4
ID:519	has_similarity	S_0.3
ID:519	has_uncertainty	U_0.3
ID:520	of_type	TY_laminar burning velocity measurement
ID:520	of_reactor	R_flame
ID:520	has_author	Author 63
ID:520	of_year	Y_1973
ID:520	of_target	T_NH3
ID:520	has_similarity	S_0.1
ID:520	has_uncertainty	U_0.1
ID:521	of_type	TY_outlet concentration measurement
ID:521	of_reactor	R_flow reactor
ID:521	has_author	Author 52
ID:521	of_year	Y_1963
ID:521	of_target	T_CH3
ID:521	has_similarity	S_0.6
ID:521	has_uncertainty	U_0.6
ID:522	of_type	TY_concentration time profile measurement
ID:522	of_reactor	R_flow reactor
ID:522	has_author	Author 70
ID:522	of_year	Y_2027
ID:522	of_target	T_H2S
ID:522	has_similarity	S_0.1
ID:522	has_uncertainty	U_0.1
ID:523	of_type	TY_burner stabilized flame speciation measurement
ID:523	of_reactor	R_flame
ID:523	has_author	Author 99
ID:523	of_year	Y_1954
ID:523	of_target	T_CO2
ID:523	has_similarity	S_0.8
ID:523	has_uncertainty	U_0.8
ID:524	of_type	TY_outlet concentration measurement
ID:524	of_reactor	R_stirred reactor
ID:524	has_author	Author 68
ID:524	of_year	Y_2020
ID:524	of_target	T_H2S
ID:524	has_similarity	S_0.7
ID:524	has_uncertainty	U_0.7
ID:525	of_type	TY_jet stirred reactor measurement
ID:525	of_reactor	R_flow reactor
ID:525	has_author	Author 57
ID:525	of_year	Y_1997
ID:525	of_target	T_H20
ID:525	has_similarity	S_0.8
ID:525	has_uncertainty	U_0.8
ID:526	of_type	TY_ignition delay measurement
ID:526	of_reactor	R_rapid compression machine
ID:526	has_author	Author 69
ID:526	of_year	Y_1959
ID:526	of_target	T_H2S
ID:526	has_similarity	S_0.4
ID:526	has_uncertainty	U_0.4
ID:527	of_type	TY_burner stabilized flame speciation measurement
ID:527	of_reactor	R_flame
ID:527	has_author	Author 91
ID:527	of_year	Y_2013
ID:527	of_target	T_CH4
ID:527	has_similarity	S_1.0
ID:527	has_uncertainty	U_1.0
ID:528	of_type	TY_jet stirred reactor measurement
ID:528	of_reactor	R_stirred reactor
ID:528	has_author	Author 47
ID:528	of_year	Y_2010
ID:528	of_target	T_C7H8
ID:528	has_similarity	S_0.2
ID:528	has_uncertainty	U_0.2
ID:529	of_type	TY_jet stirred reactor measurement
ID:529	of_reactor	R_flow reactor
ID:529	has_author	Author 24
ID:529	of_year	Y_1984
ID:529	of_target	T_C6H6
ID:529	has_similarity	S_0.2
ID:529	has_uncertainty	U_0.2
ID:530	of_type	TY_burner stabilized flame speciation measurement
ID:530	of_reactor	R_flame
ID:530	has_author	Author 68
ID:530	of_year	Y_2028
ID:530	of_target	T_C5H6
ID:530	has_similarity	S_1.0
ID:530	has_uncertainty	U_1.0
ID:531	of_type	TY_laminar burning velocity measurement
ID:531	of_reactor	R_flame
ID:531	has_author	Author 40
ID:531	of_year	Y_1971
ID:531	of_target	T_NH3
ID:531	has_similarity	S_0.9
ID:531	has_uncertainty	U_0.9
ID:532	of_type	TY_laminar burning velocity measurement
ID:532	of_reactor	R_flame
ID:532	has_author	Author 40
ID:532	of_year	Y_1972
ID:532	of_target	T_C6H6
ID:532	has_similarity	S_0.3
ID:532	has_uncertainty	U_0.3
ID:533	of_type	TY_ignition delay measurement
ID:533	of_reactor	R_rapid compression machine
ID:533	has_author	Author 24
ID:533	of_year	Y_1989
ID:533	of_target	T_CH3
ID:533	has_similarity	S_0.7
ID:533	has_uncertainty	U_0.7
ID:534	of_type	TY_ignition delay measurement
ID:534	of_reactor	R_rapid compression machine
ID:534	has_author	Author 45
ID:534	of_year	Y_2007
ID:534	of_target	T_CH4
ID:534	has_similarity	S_0.0
ID:534	has_uncertainty	U_0.0
ID:535	of_type	TY_concentration time profile measurement
ID:535	of_reactor	R_stirred reactor
ID:535	has_author	Author 67
ID:535	of_year	Y_2015
ID:535	of_target	T_CH3
ID:535	has_similarity	S_0.5
ID:535	has_uncertainty	U_0.5
ID:536	of_type	TY_concentration time profile measurement
ID:536	of_reactor	R_shock tube
ID:536	has_author	Author 9
ID:536	of_year	Y_2001
ID:536	of_target	T_CH3
ID:536	has_similarity	S_0.7
ID:536	has_uncertainty	U_0.7
ID:537	of_type	TY_outlet concentration measurement
ID:537	of_reactor	R_stirred reactor
ID:537	has_author	Author 31
ID:537	of_year	Y_1988
ID:537	of_target	T_C0
ID:537	has_similarity	S_0.4
ID:537	has_uncertainty	U_0.4
ID:538	of_type	TY_outlet concentration measurement
ID:538	of_reactor	R_stirred reactor
ID:538	has_author	Author 54
ID:538	of_year	Y_2024
ID:538	of_target	T_H20
ID:538	has_similarity	S_0.3
ID:538	has_uncertainty	U_0.3
ID:539	of_type	TY_burner stabilized flame speciation measurement
ID:539	of_reactor	R_flame
ID:539	has_author	Author 10
ID:539	of_year	Y_2023
ID:539	of_target	T_C6H6
ID:539	has_similarity	S_0.1
ID:539	has_uncertainty	U_0.1
ID:540	of_type	TY_laminar burning velocity measurement
ID:540	of_reactor	R_flame
ID:540	has_author	Author 48
ID:540	of_year	Y_1991
ID:540	of_target	T_IDT
ID:540	has_similarity	S_0.9
ID:540	has_uncertainty	U_0.9
ID:541	of_type	TY_concentration time profile measurement
ID:541	of_reactor	R_stirred reactor
ID:541	has_author	Author 73
ID:541	of_year	Y_1965
ID:541	of_target	T_H2
ID:541	has_similarity	S_0.0
ID:541	has_uncertainty	U_0.0
ID:542	of_type	TY_ignition delay measurement
ID:542	of_reactor	R_rapid compression machine
ID:542	has_author	Author 77
ID:542	of_year	Y_1987
ID:542	of_target	T_CO2
ID:542	has_similarity	S_0.9
ID:542	has_uncertainty	U_0.9
ID:543	of_type	TY_laminar burning velocity measurement
ID:543	of_reactor	R_flame
ID:543	has_author	Author 88
ID:543	of_year	Y_1989
ID:543	of_target	T_CH4
ID:543	has_similarity	S_0.6
ID:543	has_uncertainty	U_0.6
ID:544	of_type	TY_jet stirred reactor measurement
ID:544	of_reactor	R_stirred reactor
ID:544	has_author	Author 73
ID:544	of_year	Y_1966
ID:544	of_target	T_H2S
ID:544	has_similarity	S_0.3
ID:544	has_uncertainty	U_0.3
ID:545	of_type	TY_outlet concentration measurement
ID:545	of_reactor	R_stirred reactor
ID:545	has_author	Author 50
ID:545	of_year	Y_1999
ID:545	of_target	T_NH3
ID:545	has_similarity	S_0.9
ID:545	has_uncertainty	U_0.9
ID:546	of_type	TY_ignition delay measurement
ID:546	of_reactor	R_shock tube
ID:546	has_author	Author 25
ID:546	of_year	Y_1951
ID:546	of_target	T_C5H6
ID:546	has_similarity	S_0.4
ID:546	has_uncertainty	U_0.4
ID:547	of_type	TY_jet stirred reactor measurement
ID:547	of_reactor	R_stirred reactor
ID:547	has_author	Author 22
ID:547	of_year	Y_1990
ID:547	of_target	T_CH4
ID:547	has_similarity	S_0.2
ID:547	has_uncertainty	U_0.2
ID:548	of_type	TY_outlet concentration measurement
ID:548	of_reactor	R_flow reactor
ID:548	has_author	Author 72
ID:548	of_year	Y_2012
ID:548	of_target	T_CH4
ID:548	has_similarity	S_0.8
ID:548	has_uncertainty	U_0.8
ID:549	of_type	TY_outlet concentration measurement
ID:549	of_reactor	R_stirred reactor
ID:549	has_author	Author 2
ID:549	of_year	Y_2003
ID:549	of_target	T_C7H8
ID:549	has_similarity	S_0.6
ID:549	has_uncertainty	U_0.6
ID:550	of_type	TY_jet stirred reactor measurement
ID:550	of_reactor	R_stirred reactor
ID:550	has_author	Author 6
ID:550	of_year	Y_1975
ID:550	of_target	T_H2S
ID:550	has_similarity	S_0.8
ID:550	has_uncertainty	U_0.8
ID:551	of_type	TY_burner stabilized flame speciation measurement
ID:551	of_reactor	R_flame
ID:551	has_author	Author 64
ID:551	of_year	Y_1966
ID:551	of_target	T_NH3
ID:551	has_similarity	S_0.4
ID:551	has_uncertainty	U_0.4
ID:552	of_type	TY_jet stirred reactor measurement
ID:552	of_reactor	R_stirred reactor
ID:552	has_author	Author 75
ID:552	of_year	Y_1975
ID:552	of_target	T_NH3
ID:552	has_similarity	S_0.3
ID:552	has_uncertainty	U_0.3
ID:553	of_type	TY_ignition delay measurement
ID:553	of_reactor	R_shock tube
ID:553	has_author	Author 46
ID:553	of_year	Y_1990
ID:553	of_target	T_C6H6
ID:553	has_similarity	S_0.5
ID:553	has_uncertainty	U_0.5
ID:554	of_type	TY_ignition delay measurement
ID:554	of_reactor	R_shock tube
ID:554	has_author	Author 28
ID:554	of_year	Y_1951
ID:554	of_target	T_H20
ID:554	has_similarity	S_0.3
ID:554	has_uncertainty	U_0.3
ID:555	of_type	TY_jet stirred reactor measurement
ID:555	of_reactor	R_shock tube
ID:555	has_author	Author 44
ID:555	of_year	Y_1972
ID:555	of_target	T_C0
ID:555	has_similarity	S_0.8
ID:555	has_uncertainty	U_0.8
ID:556	of_type	TY_concentration time profile measurement
ID:556	of_reactor	R_shock tube
ID:556	has_author	Author 3
ID:556	of_year	Y_2024
ID:556	of_target	T_H2
ID:556	has_similarity	S_0.2
ID:556	has_uncertainty	U_0.2
ID:557	of_type	TY_jet stirred reactor measurement
ID:557	of_reactor	R_flow reactor
ID:557	has_author	Author 57
ID:557	of_year	Y_2000
ID:557	of_target	T_H20
ID:557	has_similarity	S_0.8
ID:557	has_uncertainty	U_0.8
ID:558	of_type	TY_burner stabilized flame speciation measurement
ID:558	of_reactor	R_flame
ID:558	has_author	Author 37
ID:558	of_year	Y_2020
ID:558	of_target	T_CO2
ID:558	has_similarity	S_0.8
ID:558	has_uncertainty	U_0.8
ID:559	of_type	TY_ignition delay measurement
ID:559	of_reactor	R_rapid compression machine
ID:559	has_author	Author 3
ID:559	of_year	Y_2028
ID:559	of_target	T_H2S
ID:559	has_similarity	S_0.3
ID:559	has_uncertainty	U_0.3
ID:560	of_type	TY_jet stirred reactor measurement
ID:560	of_reactor	R_shock tube
ID:560	has_author	Author 71
ID:560	of_year	Y_1998
ID:560	of_target	T_CH4
ID:560	has_similarity	S_0.3
ID:560	has_uncertainty	U_0.3
ID:561	of_type	TY_jet stirred reactor measurement
ID:561	of_reactor	R_stirred reactor
ID:561	has_author	Author 86
ID:561	of_year	Y_1978
ID:561	of_target	T_C5H6
ID:561	has_similarity	S_0.7
ID:561	has_uncertainty	U_0.7
ID:562	of_type	TY_jet stirred reactor measurement
ID:562	of_reactor	R_shock tube
ID:562	has_author	Author 79
ID:562	of_year	Y_1983
ID:562	of_target	T_H2S
ID:562	has_similarity	S_0.6
ID:562	has_uncertainty	U_0.6
ID:563	of_type	TY_ignition delay measurement
ID:563	of_reactor	R_rapid compression machine
ID:563	has_author	Author 16
ID:563	of_year	Y_1993
ID:563	of_target	T_C0
ID:563	has_similarity	S_0.4
ID:563	has_uncertainty	U_0.4
ID:564	of_type	TY_jet stirred reactor measurement
ID:564	of_reactor	R_stirred reactor
ID:564	has_author	Author 75
ID:564	of_year	Y_1980
ID:564	of_target	T_CO2
ID:564	has_similarity	S_0.8
ID:564	has_uncertainty	U_0.8
ID:565	of_type	TY_outlet concentration measurement
ID:565	of_reactor	R_stirred reactor
ID:565	has_author	Author 86
ID:565	of_year	Y_1972
ID:565	of_target	T_H2S
ID:565	has_similarity	S_0.7
ID:565	has_uncertainty	U_0.7
ID:566	of_type	TY_outlet concentration measurement
ID:566	of_reactor	R_flow reactor
ID:566	has_author	Author 11
ID:566	of_year	Y_1953
ID:566	of_target	T_CH4
ID:566	has_similarity	S_0.8
ID:566	has_uncertainty	U_0.8
ID:567	of_type	TY_concentration time profile measurement
ID:567	of_reactor	R_flow reactor
ID:567	has_author	Author 74
ID:567	of_year	Y_1954
ID:567	of_target	T_H20
ID:567	has_similarity	S_0.7
ID:567	has_uncertainty	U_0.7
ID:568	of_type	TY_jet stirred reactor measurement
ID:568	of_reactor	R_stirred reactor
ID:568	has_author	Author 87
ID:568	of_year	Y_2015
ID:568	of_target	T_H2S
ID:568	has_similarity	S_0.3
ID:568	has_uncertainty	U_0.3
ID:569	of_type	TY_laminar burning velocity measurement
ID:569	of_reactor	R_flame
ID:569	has_author	Author 54
ID:569	of_year	Y_2026
ID:569	of_target	T_CH4
ID:569	has_similarity	S_0.3
ID:569	has_uncertainty	U_0.3
ID:570	of_type	TY_laminar burning velocity measurement
ID:570	of_reactor	R_flame
ID:570	has_author	Author 71
ID:570	of_year	Y_1994
ID:570	of_target	T_IDT
ID:570	has_similarity	S_0.4
ID:570	has_uncertainty	U_0.4
ID:571	of_type	TY_concentration time profile measurement
ID:571	of_reactor	R_shock tube
ID:571	has_author	Author 94
ID:571	of_year	Y_1976
ID:571	of_target	T_IDT
ID:571	has_similarity	S_0.5
ID:571	has_uncertainty	U_0.5
ID:572	of_type	TY_ignition delay measurement
ID:572	of_reactor	R_shock tube
ID:572	has_author	Author 41
ID:572	of_year	Y_2005
ID:572	of_target	T_H2
ID:572	has_similarity	S_0.2
ID:572	has_uncertainty	U_0.2
ID:573	of_type	TY_concentration time profile measurement
ID:573	of_reactor	R_flow reactor
ID:573	has_author	Author 48
ID:573	of_year	Y_1991
ID:573	of_target	T_C0
ID:573	has_similarity	S_0.5
ID:573	has_uncertainty	U_0.5
ID:574	of_type	TY_jet stirred reactor measurement
ID:574	of_reactor	R_shock tube
ID:574	has_author	Author 34
ID:574	of_year	Y_2011
ID:574	of_target	T_CO2
ID:574	has_similarity	S_0.8
ID:574	has_uncertainty	U_0.8
ID:575	of_type	TY_laminar burning velocity measurement
ID:575	of_reactor	R_flame
ID:575	has_author	Author 85
ID:575	of_year	Y_2015
ID:575	of_target	T_H2S
ID:575	has_similarity	S_0.5
ID:575	has_uncertainty	U_0.5
ID:576	of_type	TY_laminar burning velocity measurement
ID:576	of_reactor	R_flame
ID:576	has_author	Author 6
ID:576	of_year	Y_1971
ID:576	of_target	T_C5H6
ID:576	has_similarity	S_0.7
ID:576	has_uncertainty	U_0.7
ID:577	of_type	TY_burner stabilized flame speciation measurement
ID:577	of_reactor	R_flame
ID:577	has_author	Author 42
ID:577	of_year	Y_1960
ID:577	of_target	T_H2S
ID:577	has_similarity	S_0.8
ID:577	has_uncertainty	U_0.8
ID:578	of_type	TY_outlet concentration measurement
ID:578	of_reactor	R_stirred reactor
ID:578	has_author	Author 13
ID:578	of_year	Y_1964
ID:578	of_target	T_H2
ID:578	has_similarity	S_0.1
ID:578	has_uncertainty	U_0.1
ID:579	of_type	TY_outlet concentration measurement
ID:579	of_reactor	R_flow reactor
ID:579	has_author	Author 80
ID:579	of_year	Y_2025
ID:579	of_target	T_H20
ID:579	has_similarity	S_0.1
ID:579	has_uncertainty	U_0.1
ID:580	of_type	TY_burner stabilized flame speciation measurement
ID:580	of_reactor	R_flame
ID:580	has_author	Author 14
ID:580	of_year	Y_2027
ID:580	of_target	T_H2
ID:580	has_similarity	S_0.8
ID:580	has_uncertainty	U_0.8
ID:581	of_type	TY_outlet concentration measurement
ID:581	of_reactor	R_flow reactor
ID:581	has_author	Author 53
ID:581	of_year	Y_1971
ID:581	of_target	T_C0
ID:581	has_similarity	S_0.1
ID:581	has_uncertainty	U_0.1
ID:582	of_type	TY_outlet concentration measurement
ID:582	of_reactor	R_shock tube
ID:582	has_author	Author 43
ID:582	of_year	Y_1950
ID:582	of_target	T_NH3
ID:582	has_similarity	S_0.8
ID:582	has_uncertainty	U_0.8
ID:583	of_type	TY_concentration time profile measurement
ID:583	of_reactor	R_flow reactor
ID:583	has_author	Author 50
ID:583	of_year	Y_1990
ID:583	of_target	T_C5H6
ID:583	has_similarity	S_0.7
ID:583	has_uncertainty	U_0.7
ID:584	of_type	TY_outlet concentration measurement
ID:584	of_reactor	R_stirred reactor
ID:584	has_author	Author 7
ID:584	of_year	Y_2024
ID:584	of_target	T_IDT
ID:584	has_similarity	S_0.2
ID:584	has_uncertainty	U_0.2
ID:585	of_type	TY_laminar burning velocity measurement
ID:585	of_reactor	R_flame
ID:585	has_author	Author 2
ID:585	of_year	Y_2004
ID:585	of_target	T_H2S
ID:585	has_similarity	S_0.9
ID:585	has_uncertainty	U_0.9
ID:586	of_type	TY_burner stabilized flame speciation measurement
ID:586	of_reactor	R_flame
ID:586	has_author	Author 46
ID:586	of_year	Y_1987
ID:586	of_target	T_CH3
ID:586	has_similarity	S_0.5
ID:586	has_uncertainty	U_0.5
ID:587	of_type	TY_jet stirred reactor measurement
ID:587	of_reactor	R_flow reactor
ID:587	has_author	Author 17
ID:587	of_year	Y_2003
ID:587	of_target	T_H2
ID:587	has_similarity	S_0.6
ID:587	has_uncertainty	U_0.6
ID:588	of_type	TY_ignition delay measurement
ID:588	of_reactor	R_shock tube
ID:588	has_author	Author 66
ID:588	of_year	Y_2019
ID:588	of_target	T_H20
ID:588	has_similarity	S_0.2
ID:588	has_uncertainty	U_0.2
ID:589	of_type	TY_jet stirred reactor measurement
ID:589	of_reactor	R_flow reactor
ID:589	has_author	Author 46
ID:589	of_year	Y_1980
ID:589	of_target	T_H2S
ID:589	has_similarity	S_0.3
ID:589	has_uncertainty	U_0.3
ID:590	of_type	TY_laminar burning velocity measurement
ID:590	of_reactor	R_flame
ID:590	has_author	Author 23
ID:590	of_year	Y_1970
ID:590	of_target	T_H20
ID:590	has_similarity	S_0.7
ID:590	has_uncertainty	U_0.7
ID:591	of_type	TY_burner stabilized flame speciation measurement
ID:591	of_reactor	R_flame
ID:591	has_author	Author 97
ID:591	of_year	Y_2006
ID:591	of_target	T_C7H8
ID:591	has_similarity	S_0.9
ID:591	has_uncertainty	U_0.9
ID:592	of_type	TY_burner stabilized flame speciation measurement
ID:592	of_reactor	R_flame
ID:592	has_author	Author 38
ID:592	of_year	Y_2022
ID:592	of_target	T_C7H8
ID:592	has_similarity	S_0.5
ID:592	has_uncertainty	U_0.5
ID:593	of_type	TY_jet stirred reactor measurement
ID:593	of_reactor	R_flow reactor
ID:593	has_author	Author 83
ID:593	of_year	Y_1966
ID:593	of_target	T_CO2
ID:593	has_similarity	S_0.6
ID:593	has_uncertainty	U_0.6
ID:594	of_type	TY_ignition delay measurement
ID:594	of_reactor	R_rapid compression machine
ID:594	has_author	Author 27
ID:594	of_year	Y_2001
ID:594	of_target	T_IDT
ID:594	has_similarity	S_0.0
ID:594	has_uncertainty	U_0.0
ID:595	of_type	TY_outlet concentration measurement
ID:595	of_reactor	R_flow reactor
ID:595	has_author	Author 55
ID:595	of_year	Y_1997
ID:595	of_target	T_CH4
ID:595	has_similarity	S_0.9
ID:595	has_uncertainty	U_0.9
ID:596	of_type	TY_burner stabilized flame speciation measurement
ID:596	of_reactor	R_flame
ID:596	has_author	Author 8
ID:596	of_year	Y_1965
ID:596	of_target	T_CO2
ID:596	has_similarity	S_0.3
ID:596	has_uncertainty	U_0.3
ID:597	of_type	TY_concentration time profile measurement
ID:597	of_reactor	R_flow reactor
ID:597	has_author	Author 8
ID:597	of_year	Y_1967
ID:597	of_target	T_C7H8
ID:597	has_similarity	S_0.4
ID:597	has_uncertainty	U_0.4
ID:598	of_type	TY_outlet concentration measurement
ID:598	of_reactor	R_stirred reactor
ID:598	has_author	Author 29
ID:598	of_year	Y_2011
ID:598	of_target	T_C5H6
ID:598	has_similarity	S_0.7
ID:598	has_uncertainty	U_0.7
ID:599	of_type	TY_jet stirred reactor measurement
ID:599	of_reactor	R_shock tube
ID:599	has_author	Author 29
ID:599	of_year	Y_2014
ID:599	of_target	T_H2S
ID:599	has_similarity	S_0.4
ID:599	has_uncertainty	U_0.4
ID:600	of_type	TY_ignition delay measurement
ID:600	of_reactor	R_shock tube
ID:600	has_author	Author 53
ID:600	of_year	Y_1978
ID:600	of_target	T_C6H6
ID:600	has_similarity	S_0.8
ID:600	has_uncertainty	U_0.8
ID:601	of_type	TY_concentration time profile measurement
ID:601	of_reactor	R_shock tube
ID:601	has_author	Author 70
ID:601	of_year	Y_2020
ID:601	of_target	T_CH3
ID:601	has_similarity	S_0.1
ID:601	has_uncertainty	U_0.1
ID:602	of_type	TY_burner stabilized flame speciation measurement
ID:602	of_reactor	R_flame
ID:602	has_author	Author 48
ID:602	of_year	Y_1999
ID:602	of_target	T_C5H6
ID:602	has_similarity	S_0.6
ID:602	has_uncertainty	U_0.6
ID:603	of_type	TY_outlet concentration measurement
ID:603	of_reactor	R_stirred reactor
ID:603	has_author	Author 41
ID:603	of_year	Y_2006
ID:603	of_target	T_H2S
ID:603	has_similarity	S_0.1
ID:603	has_uncertainty	U_0.1
ID:604	of_type	TY_burner stabilized flame speciation measurement
ID:604	of_reactor	R_flame
ID:604	has_author	Author 27
ID:604	of_year	Y_2004
ID:604	of_target	T_IDT
ID:604	has_similarity	S_0.6
ID:604	has_uncertainty	U_0.6
ID:605	of_type	TY_concentration time profile measurement
ID:605	of_reactor	R_flow reactor
ID:605	has_author	Author 35
ID:605	of_year	Y_1990
ID:605	of_target	T_C6H6
ID:605	has_similarity	S_0.0
ID:605	has_uncertainty	U_0.0
ID:606	of_type	TY_ignition delay measurement
ID:606	of_reactor	R_shock tube
ID:606	has_author	Author 31
ID:606	of_year	Y_1980
ID:606	of_target	T_H2S
ID:606	has_similarity	S_0.7
ID:606	has_uncertainty	U_0.7
ID:607	of_type	TY_jet stirred reactor measurement
ID:607	of_reactor	R_flow reactor
ID:607	has_author	Author 28
ID:607	of_year	Y_1956
ID:607	of_target	T_C7H8
ID:607	has_similarity	S_0.1
ID:607	has_uncertainty	U_0.1
ID:608	of_type	TY_laminar burning velocity measurement
ID:608	of_reactor	R_flame
ID:608	has_author	Author 14
ID:608	of_year	Y_2028
ID:608	of_target	T_CH4
ID:608	has_similarity	S_0.2
ID:608	has_uncertainty	U_0.2
ID:609	of_type	TY_outlet concentration measurement
ID:609	of_reactor	R_stirred reactor
ID:609	has_author	Author 40
ID:609	of_year	Y_1973
ID:609	of_target	T_CH4
ID:609	has_similarity	S_0.4
ID:609	has_uncertainty	U_0.4
ID:610	of_type	TY_ignition delay measurement
ID:610	of_reactor	R_rapid compression machine
ID:610	has_author	Author 84
ID:610	of_year	Y_2013
ID:610	of_target	T_C7H8
ID:610	has_similarity	S_0.8
ID:610	has_uncertainty	U_0.8
ID:611	of_type	TY_jet stirred reactor measurement
ID:611	of_reactor	R_stirred reactor
ID:611	has_author	Author 19
ID:611	of_year	Y_1965
ID:611	of_target	T_C6H6
ID:611	has_similarity	S_0.4
ID:611	has_uncertainty	U_0.4
ID:612	of_type	TY_ignition delay measurement
ID:612	of_reactor	R_shock tube
ID:612	has_author	Author 77
ID:612	of_year	Y_1985
ID:612	of_target	T_CO2
ID:612	has_similarity	S_0.9
ID:612	has_uncertainty	U_0.9
ID:613	of_type	TY_ignition delay measurement
ID:613	of_reactor	R_rapid compression machine
ID:613	has_author	Author 93
ID:613	of_year	Y_1971
ID:613	of_target	T_CH4
ID:613	has_similarity	S_0.0
ID:613	has_uncertainty	U_0.0
ID:614	of_type	TY_jet stirred reactor measurement
ID:614	of_reactor	R_stirred reactor
ID:614	has_author	Author 60
ID:614	of_year	Y_2025
ID:614	of_target	T_H2
ID:614	has_similarity	S_0.2
ID:614	has_uncertainty	U_0.2
ID:615	of_type	TY_ignition delay measurement
ID:615	of_reactor	R_rapid compression machine
ID:615	has_author	Author 95
ID:615	of_year	Y_1997
ID:615	of_target	T_H2S
ID:615	has_similarity	S_0.3
ID:615	has_uncertainty	U_0.3
ID:616	of_type	TY_laminar burning velocity measurement
ID:616	of_reactor	R_flame
ID:616	has_author	Author 11
ID:616	of_year	Y_1955
ID:616	of_target	T_H20
ID:616	has_similarity	S_0.8
ID:616	has_uncertainty	U_0.8
ID:617	of_type	TY_jet stirred reactor measurement
ID:617	of_reactor	R_flow reactor
ID:617	has_author	Author 94
ID:617	of_year	Y_1980
ID:617	of_target	T_H20
ID:617	has_similarity	S_0.1
ID:617	has_uncertainty	U_0.1
ID:618	of_type	TY_burner stabilized flame speciation measurement
ID:618	of_reactor	R_flame
ID:618	has_author	Author 37
ID:618	of_year	Y_2018
ID:618	of_target	T_NH3
ID:618	has_similarity	S_0.7
ID:618	has_uncertainty	U_0.7
ID:619	of_type	TY_burner stabilized flame speciation measurement
ID:619	of_reactor	R_flame
ID:619	has_author	Author 15
ID:619	of_year	Y_2015
ID:619	of_target	T_C7H8
ID:619	has_similarity	S_0.1
ID:619	has_uncertainty	U_0.1
ID:620	of_type	TY_burner stabilized flame speciation measurement
ID:620	of_reactor	R_flame
ID:620	has_author	Author 28
ID:620	of_year	Y_1951
ID:620	of_target	T_C7H8
ID:620	has_similarity	S_0.8
ID:620	has_uncertainty	U_0.8
ID:621	of_type	TY_jet stirred reactor measurement
ID:621	of_reactor	R_flow reactor
ID:621	has_author	Author 70
ID:621	of_year	Y_2024
ID:621	of_target	T_C7H8
ID:621	has_similarity	S_0.5
ID:621	has_uncertainty	U_0.5
ID:622	of_type	TY_ignition delay measurement
ID:622	of_reactor	R_shock tube
ID:622	has_author	Author 8
ID:622	of_year	Y_1964
ID:622	of_target	T_H20
ID:622	has_similarity	S_0.5
ID:622	has_uncertainty	U_0.5
ID:623	of_type	TY_burner stabilized flame speciation measurement
ID:623	of_reactor	R_flame
ID:623	has_author	Author 3
ID:623	of_year	Y_2027
ID:623	of_target	T_H2
ID:623	has_similarity	S_0.6
ID:623	has_uncertainty	U_0.6
ID:624	of_type	TY_concentration time profile measurement
ID:624	of_reactor	R_flow reactor
ID:624	has_author	Author 29
ID:624	of_year	Y_2012
ID:624	of_target	T_NH3
ID:624	has_similarity	S_0.6
ID:624	has_uncertainty	U_0.6
ID:625	of_type	TY_laminar burning velocity measurement
ID:625	of_reactor	R_flame
ID:625	has_author	Author 39
ID:625	of_year	Y_1960
ID:625	of_target	T_IDT
ID:625	has_similarity	S_0.9
ID:625	has_uncertainty	U_0.9
ID:626	of_type	TY_burner stabilized flame speciation measurement
ID:626	of_reactor	R_flame
ID:626	has_author	Author 36
ID:626	of_year	Y_1992
ID:626	of_target	T_CH4
ID:626	has_similarity	S_0.8
ID:626	has_uncertainty	U_0.8
ID:627	of_type	TY_laminar burning velocity measurement
ID:627	of_reactor	R_flame
ID:627	has_author	Author 30
ID:627	of_year	Y_1954
ID:627	of_target	T_CH3
ID:627	has_similarity	S_0.0
ID:627	has_uncertainty	U_0.0
ID:628	of_type	TY_concentration time profile measurement
ID:628	of_reactor	R_shock tube
ID:628	has_author	Author 94
ID:628	of_year	Y_1971
ID:628	of_target	T_C7H8
ID:628	has_similarity	S_0.7
ID:628	has_uncertainty	U_0.7
ID:629	of_type	TY_laminar burning velocity measurement
ID:629	of_reactor	R_flame
ID:629	has_author	Author 90
ID:629	of_year	Y_2004
ID:629	of_target	T_CO2
ID:629	has_similarity	S_0.9
ID:629	has_uncertainty	U_0.9
ID:630	of_type	TY_burner stabilized flame speciation measurement
ID:630	of_reactor	R_flame
ID:630	has_author	Author 75
ID:630	of_year	Y_1970
ID:630	of_target	T_H2S
ID:630	has_similarity	S_0.6
ID:630	has_uncertainty	U_0.6
ID:631	of_type	TY_burner stabilized flame speciation measurement
ID:631	of_reactor	R_flame
ID:631	has_author	Author 32
ID:631	of_year	Y_1999
ID:631	of_target	T_C0
ID:631	has_similarity	S_0.1
ID:631	has_uncertainty	U_0.1
ID:632	of_type	TY_concentration time profile measurement
ID:632	of_reactor	R_flow reactor
ID:632	has_author	Author 12
ID:632	of_year	Y_2028
ID:632	of_target	T_H20
ID:632	has_similarity	S_0.0
ID:632	has_uncertainty	U_0.0
ID:633	of_type	TY_outlet concentration measurement
ID:633	of_reactor	R_flow reactor
ID:633	has_author	Author 10
ID:633	of_year	Y_2024
ID:633	of_target	T_H2S
ID:633	has_similarity	S_0.9
ID:633	has_uncertainty	U_0.9
ID:634	of_type	TY_burner stabilized flame speciation measurement
ID:634	of_reactor	R_flame
ID:634	has_author	Author 3
ID:634	of_year	Y_2022
ID:634	of_target	T_CH3
ID:634	has_similarity	S_0.4
ID:634	has_uncertainty	U_0.4
ID:635	of_type	TY_ignition delay measurement
ID:635	of_reactor	R_rapid compression machine
ID:635	has_author	Author 68
ID:635	of_year	Y_2029
ID:635	of_target	T_H2
ID:635	has_similarity	S_0.2
ID:635	has_uncertainty	U_0.2
ID:636	of_type	TY_outlet concentration measurement
ID:636	of_reactor	R_shock tube
ID:636	has_author	Author 16
ID:636	of_year	Y_1990
ID:636	of_target	T_NH3
ID:636	has_similarity	S_0.4
ID:636	has_uncertainty	U_0.4
ID:637	of_type	TY_laminar burning velocity measurement
ID:637	of_reactor	R_flame
ID:637	has_author	Author 38
ID:637	of_year	Y_2027
ID:637	of_target	T_CO2
ID:637	has_similarity	S_0.3
ID:637	has_uncertainty	U_0.3
ID:638	of_type	TY_outlet concentration measurement
ID:638	of_reactor	R_stirred reactor
ID:638	has_author	Author 45
ID:638	of_year	Y_2003
ID:638	of_target	T_NH3
ID:638	has_similarity	S_0.2
ID:638	has_uncertainty	U_0.2
ID:639	of_type	TY_ignition delay measurement
ID:639	of_reactor	R_rapid compression machine
ID:639	has_author	Author 81
ID:639	of_year	Y_2001
ID:639	of_target	T_H2
ID:639	has_similarity	S_0.5
ID:639	has_uncertainty	U_0.5
ID:640	of_type	TY_burner stabilized flame speciation measurement
ID:640	of_reactor	R_flame
ID:640	has_author	Author 31
ID:640	of_year	Y_1986
ID:640	of_target	T_CH3
ID:640	has_similarity	S_0.9
ID:640	has_uncertainty	U_0.9
ID:641	of_type	TY_concentration time profile measurement
ID:641	of_reactor	R_stirred reactor
ID:641	has_author	Author 8
ID:641	of_year	Y_1962
ID:641	of_target	T_CH4
ID:641	has_similarity	S_0.7
ID:641	has_uncertainty	U_0.7
ID:642	of_type	TY_jet stirred reactor measurement
ID:642	of_reactor	R_stirred reactor
ID:642	has_author	Author 99
ID:642	of_year	Y_1956
ID:642	of_target	T_CH3
ID:642	has_similarity	S_0.8
ID:642	has_uncertainty	U_0.8
ID:643	of_type	TY_jet stirred reactor measurement
ID:643	of_reactor	R_shock tube
ID:643	has_author	Author 71
ID:643	of_year	Y_1990
ID:643	of_target	T_C7H8
ID:643	has_similarity	S_0.9
ID:643	has_uncertainty	U_0.9
ID:644	of_type	TY_outlet concentration measurement
ID:644	of_reactor	R_flow reactor
ID:644	has_author	Author 80
ID:644	of_year	Y_2029
ID:644	of_target	T_H20
ID:644	has_similarity	S_1.0
ID:644	has_uncertainty	U_1.0
ID:645	of_type	TY_burner stabilized flame speciation measurement
ID:645	of_reactor	R_flame
ID:645	has_author	Author 31
ID:645	of_year	Y_1988
ID:645	of_target	T_C0
ID:645	has_similarity	S_0.2
ID:645	has_uncertainty	U_0.2
ID:646	of_type	TY_concentration time profile measurement
ID:646	of_reactor	R_flow reactor
ID:646	has_author	Author 36
ID:646	of_year	Y_1998
ID:646	of_target	T_C5H6
ID:646	has_similarity	S_0.5
ID:646	has_uncertainty	U_0.5
ID:647	of_type	TY_ignition delay measurement
ID:647	of_reactor	R_rapid compression machine
ID:647	has_author	Author 88
ID:647	of_year	Y_1990
ID:647	of_target	T_NH3
ID:647	has_similarity	S_0.9
ID:647	has_uncertainty	U_0.9
ID:648	of_type	TY_outlet concentration measurement
ID:648	of_reactor	R_shock tube
ID:648	has_author	Author 2
ID:648	of_year	Y_2009
ID:648	of_target	T_NH3
ID:648	has_similarity	S_0.4
ID:648	has_uncertainty	U_0.4
ID:649	of_type	TY_laminar burning velocity measurement
ID:649	of_reactor	R_flame
ID:649	has_author	Author 85
ID:649	of_year	Y_2016
ID:649	of_target	T_C0
ID:649	has_similarity	S_0.7
ID:649	has_uncertainty	U_0.7
ID:650	of_type	TY_burner stabilized flame speciation measurement
ID:650	of_reactor	R_flame
ID:650	has_author	Author 33
ID:650	of_year	Y_2006
ID:650	of_target	T_CH3
ID:650	has_similarity	S_0.8
ID:650	has_uncertainty	U_0.8
ID:651	of_type	TY_ignition delay measurement
ID:651	of_reactor	R_rapid compression machine
ID:651	has_author	Author 86
ID:651	of_year	Y_1975
ID:651	of_target	T_C5H6
ID:651	has_similarity	S_0.2
ID:651	has_uncertainty	U_0.2
ID:652	of_type	TY_ignition delay measurement
ID:652	of_reactor	R_rapid compression machine
ID:652	has_author	Author 14
ID:652	of_year	Y_2030
ID:652	of_target	T_C6H6
ID:652	has_similarity	S_0.9
ID:652	has_uncertainty	U_0.9
ID:653	of_type	TY_jet stirred reactor measurement
ID:653	of_reactor	R_flow reactor
ID:653	has_author	Author 16
ID:653	of_year	Y_1995
ID:653	of_target	T_IDT
ID:653	has_similarity	S_0.7
ID:653	has_uncertainty	U_0.7
ID:654	of_type	TY_ignition delay measurement
ID:654	of_reactor	R_rapid compression machine
ID:654	has_author	Author 63
ID:654	of_year	Y_1973
ID:654	of_target	T_C7H8
ID:654	has_similarity	S_0.5
ID:654	has_uncertainty	U_0.5
ID:655	of_type	TY_burner stabilized flame speciation measurement
ID:655	of_reactor	R_flame
ID:655	has_author	Author 2
ID:655	of_year	Y_2008
ID:655	of_target	T_H2S
ID:655	has_similarity	S_1.0
ID:655	has_uncertainty	U_1.0
ID:656	of_type	TY_jet stirred reactor measurement
ID:656	of_reactor	R_stirred reactor
ID:656	has_author	Author 48
ID:656	of_year	Y_1992
ID:656	of_target	T_CO2
ID:656	has_similarity	S_0.8
ID:656	has_uncertainty	U_0.8
ID:657	of_type	TY_outlet concentration measurement
ID:657	of_reactor	R_flow reactor
ID:657	has_author	Author 71
ID:657	of_year	Y_1998
ID:657	of_target	T_CH3
ID:657	has_similarity	S_0.7
ID:657	has_uncertainty	U_0.7
ID:658	of_type	TY_jet stirred reactor measurement
ID:658	of_reactor	R_flow reactor
ID:658	has_author	Author 12
ID:658	of_year	Y_2020
ID:658	of_target	T_NH3
ID:658	has_similarity	S_0.3
ID:658	has_uncertainty	U_0.3
ID:659	of_type	TY_jet stirred reactor measurement
ID:659	of_reactor	R_shock tube
ID:659	has_author	Author 83
ID:659	of_year	Y_1960
ID:659	of_target	T_H2S
ID:659	has_similarity	S_0.8
ID:659	has_uncertainty	U_0.8
ID:660	of_type	TY_concentration time profile measurement
ID:660	of_reactor	R_flow reactor
ID:660	has_author	Author 73
ID:660	of_year	Y_1960
ID:660	of_target	T_NH3
ID:660	has_similarity	S_0.4
ID:660	has_uncertainty	U_0.4
ID:661	of_type	TY_jet stirred reactor measurement
ID:661	of_reactor	R_shock tube
ID:661	has_author	Author 65
ID:661	of_year	Y_1998
ID:661	of_target	T_CH4
ID:661	has_similarity	S_0.1
ID:661	has_uncertainty	U_0.1
ID:662	of_type	TY_laminar burning velocity measurement
ID:662	of_reactor	R_flame
ID:662	has_author	Author 47
ID:662	of_year	Y_2002
ID:662	of_target	T_CH3
ID:662	has_similarity	S_0.4
ID:662	has_uncertainty	U_0.4
ID:663	of_type	TY_ignition delay measurement
ID:663	of_reactor	R_rapid compression machine
ID:663	has_author	Author 83
ID:663	of_year	Y_1965
ID:663	of_target	T_CH4
ID:663	has_similarity	S_0.3
ID:663	has_uncertainty	U_0.3
ID:664	of_type	TY_jet stirred reactor measurement
ID:664	of_reactor	R_flow reactor
ID:664	has_author	Author 11
ID:664	of_year	Y_1959
ID:664	of_target	T_IDT
ID:664	has_similarity	S_0.1
ID:664	has_uncertainty	U_0.1
ID:665	of_type	TY_concentration time profile measurement
ID:665	of_reactor	R_flow reactor
ID:665	has_author	Author 27
ID:665	of_year	Y_2004
ID:665	of_target	T_H2S
ID:665	has_similarity	S_0.5
ID:665	has_uncertainty	U_0.5
ID:666	of_type	TY_ignition delay measurement
ID:666	of_reactor	R_rapid compression machine
ID:666	has_author	Author 29
ID:666	of_year	Y_2019
ID:666	of_target	T_CO2
ID:666	has_similarity	S_0.9
ID:666	has_uncertainty	U_0.9
ID:667	of_type	TY_ignition delay measurement
ID:667	of_reactor	R_shock tube
ID:667	has_author	Author 46
ID:667	of_year	Y_1981
ID:667	of_target	T_IDT
ID:667	has_similarity	S_1.0
ID:667	has_uncertainty	U_1.0
ID:668	of_type	TY_jet stirred reactor measurement
ID:668	of_reactor	R_flow reactor
ID:668	has_author	Author 57
ID:668	of_year	Y_2000
ID:668	of_target	T_H2S
ID:668	has_similarity	S_0.9
ID:668	has_uncertainty	U_0.9
ID:669	of_type	TY_burner stabilized flame speciation measurement
ID:669	of_reactor	R_flame
ID:669	has_author	Author 36
ID:669	of_year	Y_1995
ID:669	of_target	T_C0
ID:669	has_similarity	S_0.2
ID:669	has_uncertainty	U_0.2
ID:670	of_type	TY_laminar burning velocity measurement
ID:670	of_reactor	R_flame
ID:670	has_author	Author 10
ID:670	of_year	Y_2028
ID:670	of_target	T_C0
ID:670	has_similarity	S_0.6
ID:670	has_uncertainty	U_0.6
ID:671	of_type	TY_ignition delay measurement
ID:671	of_reactor	R_rapid compression machine
ID:671	has_author	Author 50
ID:671	of_year	Y_2000
ID:671	of_target	T_NH3
ID:671	has_similarity	S_0.9
ID:671	has_uncertainty	U_0.9
ID:672	of_type	TY_burner stabilized flame speciation measurement
ID:672	of_reactor	R_flame
ID:672	has_author	Author 71
ID:672	of_year	Y_1995
ID:672	of_target	T_CO2
ID:672	has_similarity	S_0.2
ID:672	has_uncertainty	U_0.2
ID:673	of_type	TY_laminar burning velocity measurement
ID:673	of_reactor	R_flame
ID:673	has_author	Author 50
ID:673	of_year	Y_1990
ID:673	of_target	T_H2S
ID:673	has_similarity	S_0.9
ID:673	has_uncertainty	U_0.9
ID:674	of_type	TY_outlet concentration measurement
ID:674	of_reactor	R_flow reactor
ID:674	has_author	Author 63
ID:674	of_year	Y_1970
ID:674	of_target	T_C0
ID:674	has_similarity	S_0.2
ID:674	has_uncertainty	U_0.2
ID:675	of_type	TY_concentration time profile measurement
ID:675	of_reactor	R_stirred reactor
ID:675	has_author	Author 67
ID:675	of_year	Y_2020
ID:675	of_target	T_C6H6
ID:675	has_similarity	S_0.1
ID:675	has_uncertainty	U_0.1
ID:676	of_type	TY_concentration time profile measurement
ID:676	of_reactor	R_flow reactor
ID:676	has_author	Author 79
ID:676	of_year	Y_1986
ID:676	of_target	T_C0
ID:676	has_similarity	S_0.7
ID:676	has_uncertainty	U_0.7
ID:677	of_type	TY_concentration time profile measurement
ID:677	of_reactor	R_flow reactor
ID:677	has_author	Author 52
ID:677	of_year	Y_1963
ID:677	of_target	T_NH3
ID:677	has_similarity	S_0.3
ID:677	has_uncertainty	U_0.3
ID:678	of_type	TY_concentration time profile measurement
ID:678	of_reactor	R_flow reactor
ID:678	has_author	Author 75
ID:678	of_year	Y_1972
ID:678	of_target	T_CH3
ID:678	has_similarity	S_0.4
ID:678	has_uncertainty	U_0.4
ID:679	of_type	TY_outlet concentration measurement
ID:679	of_reactor	R_stirred reactor
ID:679	has_author	Author 31
ID:679	of_year	Y_1982
ID:679	of_target	T_CO2
ID:679	has_similarity	S_0.2
ID:679	has_uncertainty	U_0.2
ID:680	of_type	TY_laminar burning velocity measurement
ID:680	of_reactor	R_flame
ID:680	has_author	Author 1
ID:680	of_year	Y_2005
ID:680	of_target	T_CH3
ID:680	has_similarity	S_0.1
ID:680	has_uncertainty	U_0.1
ID:681	of_type	TY_outlet concentration measurement
ID:681	of_reactor	R_stirred reactor
ID:681	has_author	Author 88
ID:681	of_year	Y_1982
ID:681	of_target	T_C7H8
ID:681	has_similarity	S_0.3
ID:681	has_uncertainty	U_0.3
ID:682	of_type	TY_outlet concentration measurement
ID:682	of_reactor	R_shock tube
ID:682	has_author	Author 49
ID:682	of_year	Y_2013
ID:682	of_target	T_C5H6
ID:682	has_similarity	S_0.2
ID:682	has_uncertainty	U_0.2
ID:683	of_type	TY_outlet concentration measurement
ID:683	of_reactor	R_flow reactor
ID:683	has_author	Author 38
ID:683	of_year	Y_2026
ID:683	of_target	T_C0
ID:683	has_similarity	S_0.5
ID:683	has_uncertainty	U_0.5
ID:684	of_type	TY_ignition delay measurement
ID:684	of_reactor	R_shock tube
ID:684	has_author	Author 32
ID:684	of_year	Y_2000
ID:684	of_target	T_C7H8
ID:684	has_similarity	S_0.3
ID:684	has_uncertainty	U_0.3
ID:685	of_type	TY_concentration time profile measurement
ID:685	of_reactor	R_shock tube
ID:685	has_author	Author 83
ID:685	of_year	Y_1960
ID:685	of_target	T_CH3
ID:685	has_similarity	S_0.2
ID:685	has_uncertainty	U_0.2
ID:686	of_type	TY_outlet concentration measurement
ID:686	of_reactor	R_stirred reactor
ID:686	has_author	Author 73
ID:686	of_year	Y_1966
ID:686	of_target	T_C0
ID:686	has_similarity	S_0.7
ID:686	has_uncertainty	U_0.7
ID:687	of_type	TY_concentration time profile measurement
ID:687	of_reactor	R_flow reactor
ID:687	has_author	Author 44
ID:687	of_year	Y_1973
ID:687	of_target	T_NH3
ID:687	has_similarity	S_1.0
ID:687	has_uncertainty	U_1.0
ID:688	of_type	TY_concentration time profile measurement
ID:688	of_reactor	R_shock tube
ID:688	has_author	Author 23
ID:688	of_year	Y_1975
ID:688	of_target	T_CH3
ID:688	has_similarity	S_0.8
ID:688	has_uncertainty	U_0.8
ID:689	of_type	TY_burner stabilized flame speciation measurement
ID:689	of_reactor	R_flame
ID:689	has_author	Author 0
ID:689	of_year	Y_1954
ID:689	of_target	T_C5H6
ID:689	has_similarity	S_0.5
ID:689	has_uncertainty	U_0.5
ID:690	of_type	TY_concentration time profile measurement
ID:690	of_reactor	R_shock tube
ID:690	has_author	Author 3
ID:690	of_year	Y_2029
ID:690	of_target	T_C0
ID:690	has_similarity	S_0.8
ID:690	has_uncertainty	U_0.8
ID:691	of_type	TY_outlet concentration measurement
ID:691	of_reactor	R_shock tube
ID:691	has_author	Author 53
ID:691	of_year	Y_1976
ID:691	of_target	T_C7H8
ID:691	has_similarity	S_0.7
ID:691	has_uncertainty	U_0.7
ID:692	of_type	TY_concentration time profile measurement
ID:692	of_reactor	R_shock tube
ID:692	has_author	Author 3
ID:692	of_year	Y_2027
ID:692	of_target	T_H2
ID:692	has_similarity	S_0.7
ID:692	has_uncertainty	U_0.7
ID:693	of_type	TY_burner stabilized flame speciation measurement
ID:693	of_reactor	R_flame
ID:693	has_author	Author 78
ID:693	of_year	Y_1996
ID:693	of_target	T_H2S
ID:693	has_similarity	S_0.0
ID:693	has_uncertainty	U_0.0
ID:694	of_type	TY_burner stabilized flame speciation measurement
ID:694	of_reactor	R_flame
ID:694	has_author	Author 49
ID:694	of_year	Y_2014
ID:694	of_target	T_C6H6
ID:694	has_similarity	S_0.5
ID:694	has_uncertainty	U_0.5
ID:695	of_type	TY_concentration time profile measurement
ID:695	of_reactor	R_shock tube
ID:695	has_author	Author 73
ID:695	of_year	Y_1962
ID:695	of_target	T_C6H6
ID:695	has_similarity	S_0.4
ID:695	has_uncertainty	U_0.4
ID:696	of_type	TY_ignition delay measurement
ID:696	of_reactor	R_rapid compression machine
ID:696	has_author	Author 30
ID:696	of_year	Y_1955
ID:696	of_target	T_CH4
ID:696	has_similarity	S_0.7
ID:696	has_uncertainty	U_0.7
ID:697	of_type	TY_ignition delay measurement
ID:697	of_reactor	R_shock tube
ID:697	has_author	Author 67
ID:697	of_year	Y_2017
ID:697	of_target	T_H20
ID:697	has_similarity	S_0.8
ID:697	has_uncertainty	U_0.8
ID:698	of_type	TY_ignition delay measurement
ID:698	of_reactor	R_rapid compression machine
ID:698	has_author	Author 10
ID:698	of_year	Y_2022
ID:698	of_target	T_H2
ID:698	has_similarity	S_0.9
ID:698	has_uncertainty	U_0.9
ID:699	of_type	TY_burner stabilized flame speciation measurement
ID:699	of_reactor	R_flame
ID:699	has_author	Author 83
ID:699	of_year	Y_1961
ID:699	of_target	T_H20
ID:699	has_similarity	S_0.7
ID:699	has_uncertainty	U_0.7
ID:700	of_type	TY_burner stabilized flame speciation measurement
ID:700	of_reactor	R_flame
ID:700	has_author	Author 24
ID:700	of_year	Y_1984
ID:700	of_target	T_CO2
ID:700	has_similarity	S_0.7
ID:700	has_uncertainty	U_0.7
ID:701	of_type	TY_jet stirred reactor measurement
ID:701	of_reactor	R_shock tube
ID:701	has_author	Author 88
ID:701	of_year	Y_1981
ID:701	of_target	T_C0
ID:701	has_similarity	S_0.5
ID:701	has_uncertainty	U_0.5
ID:702	of_type	TY_jet stirred reactor measurement
ID:702	of_reactor	R_shock tube
ID:702	has_author	Author 45
ID:702	of_year	Y_2005
ID:702	of_target	T_H2S
ID:702	has_similarity	S_0.6
ID:702	has_uncertainty	U_0.6
ID:703	of_type	TY_laminar burning velocity measurement
ID:703	of_reactor	R_flame
ID:703	has_author	Author 5
ID:703	of_year	Y_1963
ID:703	of_target	T_H20
ID:703	has_similarity	S_1.0
ID:703	has_uncertainty	U_1.0
ID:704	of_type	TY_laminar burning velocity measurement
ID:704	of_reactor	R_flame
ID:704	has_author	Author 7
ID:704	of_year	Y_2028
ID:704	of_target	T_NH3
ID:704	has_similarity	S_0.3
ID:704	has_uncertainty	U_0.3
ID:705	of_type	TY_laminar burning velocity measurement
ID:705	of_reactor	R_flame
ID:705	has_author	Author 46
ID:705	of_year	Y_1980
ID:705	of_target	T_CH4
ID:705	has_similarity	S_0.2
ID:705	has_uncertainty	U_0.2
ID:706	of_type	TY_burner stabilized flame speciation measurement
ID:706	of_reactor	R_flame
ID:706	has_author	Author 40
ID:706	of_year	Y_1978
ID:706	of_target	T_H20
ID:706	has_similarity	S_0.4
ID:706	has_uncertainty	U_0.4
ID:707	of_type	TY_jet stirred reactor measurement
ID:707	of_reactor	R_flow reactor
ID:707	has_author	Author 38
ID:707	of_year	Y_2023
ID:707	of_target	T_H2S
ID:707	has_similarity	S_0.3
ID:707	has_uncertainty	U_0.3
ID:708	of_type	TY_ignition delay measurement
ID:708	of_reactor	R_rapid compression machine
ID:708	has_author	Author 26
ID:708	of_year	Y_1983
ID:708	of_target	T_C6H6
ID:708	has_similarity	S_0.4
ID:708	has_uncertainty	U_0.4
ID:709	of_type	TY_ignition delay measurement
ID:709	of_reactor	R_shock tube
ID:709	has_author	Author 92
ID:709	of_year	Y_1966
ID:709	of_target	T_CO2
ID:709	has_similarity	S_0.1
ID:709	has_uncertainty	U_0.1
ID:710	of_type	TY_jet stirred reactor measurement
ID:710	of_reactor	R_flow reactor
ID:710	has_author	Author 81
ID:710	of_year	Y_2003
ID:710	of_target	T_C5H6
ID:710	has_similarity	S_0.9
ID:710	has_uncertainty	U_0.9
ID:711	of_type	TY_ignition delay measurement
ID:711	of_reactor	R_rapid compression machine
ID:711	has_author	Author 16
ID:711	of_year	Y_1992
ID:711	of_target	T_CO2
ID:711	has_similarity	S_0.8
ID:711	has_uncertainty	U_0.8
ID:712	of_type	TY_outlet concentration measurement
ID:712	of_reactor	R_flow reactor
ID:712	has_author	Author 96
ID:712	of_year	Y_2014
ID:712	of_target	T_NH3
ID:712	has_similarity	S_0.1
ID:712	has_uncertainty	U_0.1
ID:713	of_type	TY_laminar burning velocity measurement
ID:713	of_reactor	R_flame
ID:713	has_author	Author 51
ID:713	of_year	Y_1961
ID:713	of_target	T_H2S
ID:713	has_similarity	S_0.5
ID:713	has_uncertainty	U_0.5
ID:714	of_type	TY_ignition delay measurement
ID:714	of_reactor	R_rapid compression machine
ID:714	has_author	Author 33
ID:714	of_year	Y_2007
ID:714	of_target	T_H2S
ID:714	has_similarity	S_0.1
ID:714	has_uncertainty	U_0.1
ID:715	of_type	TY_laminar burning velocity measurement
ID:715	of_reactor	R_flame
ID:715	has_author	Author 89
ID:715	of_year	Y_2023
ID:715	of_target	T_CH3
ID:715	has_similarity	S_0.6
ID:715	has_uncertainty	U_0.6
ID:716	of_type	TY_concentration time profile measurement
ID:716	of_reactor	R_flow reactor
ID:716	has_author	Author 48
ID:716	of_year	Y_2000
ID:716	of_target	T_NH3
ID:716	has_similarity	S_0.9
ID:716	has_uncertainty	U_0.9
ID:717	of_type	TY_outlet concentration measurement
ID:717	of_reactor	R_flow reactor
ID:717	has_author	Author 44
ID:717	of_year	Y_1978
ID:717	of_target	T_C0
ID:717	has_similarity	S_0.4
ID:717	has_uncertainty	U_0.4
ID:718	of_type	TY_burner stabilized flame speciation measurement
ID:718	of_reactor	R_flame
ID:718	has_author	Author 93
ID:718	of_year	Y_1976
ID:718	of_target	T_CO2
ID:718	has_similarity	S_0.4
ID:718	has_uncertainty	U_0.4
ID:719	of_type	TY_ignition delay measurement
ID:719	of_reactor	R_shock tube
ID:719	has_author	Author 76
ID:719	of_year	Y_1977
ID:719	of_target	T_H2
ID:719	has_similarity	S_0.7
ID:719	has_uncertainty	U_0.7
ID:720	of_type	TY_ignition delay measurement
ID:720	of_reactor	R_shock tube
ID:720	has_author	Author 70
ID:720	of_year	Y_2029
ID:720	of_target	T_C0
ID:720	has_similarity	S_0.6
ID:720	has_uncertainty	U_0.6
ID:721	of_type	TY_jet stirred reactor measurement
ID:721	of_reactor	R_flow reactor
ID:721	has_author	Author 20
ID:721	of_year	Y_2015
ID:721	of_target	T_H20
ID:721	has_similarity	S_0.1
ID:721	has_uncertainty	U_0.1
ID:722	of_type	TY_concentration time profile measurement
ID:722	of_reactor	R_flow reactor
ID:722	has_author	Author 53
ID:722	of_year	Y_1974
ID:722	of_target	T_C0
ID:722	has_similarity	S_0.6
ID:722	has_uncertainty	U_0.6
ID:723	of_type	TY_concentration time profile measurement
ID:723	of_reactor	R_flow reactor
ID:723	has_author	Author 60
ID:723	of_year	Y_2029
ID:723	of_target	T_C0
ID:723	has_similarity	S_0.1
ID:723	has_uncertainty	U_0.1
ID:724	of_type	TY_concentration time profile measurement
ID:724	of_reactor	R_shock tube
ID:724	has_author	Author 73
ID:724	of_year	Y_1969
ID:724	of_target	T_NH3
ID:724	has_similarity	S_0.7
ID:724	has_uncertainty	U_0.7
ID:725	of_type	TY_jet stirred reactor measurement
ID:725	of_reactor	R_flow reactor
ID:725	has_author	Author 33
ID:725	of_year	Y_2009
ID:725	of_target	T_C5H6
ID:725	has_similarity	S_1.0
ID:725	has_uncertainty	U_1.0
ID:726	of_type	TY_concentration time profile measurement
ID:726	of_reactor	R_flow reactor
ID:726	has_author	Author 60
ID:726	of_year	Y_2027
ID:726	of_target	T_H20
ID:726	has_similarity	S_0.8
ID:726	has_uncertainty	U_0.8
ID:727	of_type	TY_ignition delay measurement
ID:727	of_reactor	R_shock tube
ID:727	has_author	Author 81
ID:727	of_year	Y_2001
ID:727	of_target	T_CH3
ID:727	has_similarity	S_0.1
ID:727	has_uncertainty	U_0.1
ID:728	of_type	TY_outlet concentration measurement
ID:728	of_reactor	R_stirred reactor
ID:728	has_author	Author 80
ID:728	of_year	Y_2022
ID:728	of_target	T_CO2
ID:728	has_similarity	S_0.5
ID:728	has_uncertainty	U_0.5
ID:729	of_type	TY_outlet concentration measurement
ID:729	of_reactor	R_flow reactor
ID:729	has_author	Author 56
ID:729	of_year	Y_1991
ID:729	of_target	T_CH3
ID:729	has_similarity	S_0.5
ID:729	has_uncertainty	U_0.5
ID:730	of_type	TY_ignition delay measurement
ID:730	of_reactor	R_shock tube
ID:730	has_author	Author 42
ID:730	of_year	Y_1968
ID:730	of_target	T_H2S
ID:730	has_similarity	S_0.1
ID:730	has_uncertainty	U_0.1
ID:731	of_type	TY_outlet concentration measurement
ID:731	of_reactor	R_flow reactor
ID:731	has_author	Author 60
ID:731	of_year	Y_2029
ID:731	of_target	T_C5H6
ID:731	has_similarity	S_0.5
ID:731	has_uncertainty	U_0.5
ID:732	of_type	TY_jet stirred reactor measurement
ID:732	of_reactor	R_stirred reactor
ID:732	has_author	Author 27
ID:732	of_year	Y_2010
ID:732	of_target	T_C0
ID:732	has_similarity	S_0.3
ID:732	has_uncertainty	U_0.3
ID:733	of_type	TY_concentration time profile measurement
ID:733	of_reactor	R_shock tube
ID:733	has_author	Author 98
ID:733	of_year	Y_1992
ID:733	of_target	T_C6H6
ID:733	has_similarity	S_0.6
ID:733	has_uncertainty	U_0.6
ID:734	of_type	TY_ignition delay measurement
ID:734	of_reactor	R_shock tube
ID:734	has_author	Author 14
ID:734	of_year	Y_2022
ID:734	of_target	T_H2S
ID:734	has_similarity	S_0.9
ID:734	has_uncertainty	U_0.9
ID:735	of_type	TY_burner stabilized flame speciation measurement
ID:735	of_reactor	R_flame
ID:735	has_author	Author 7
ID:735	of_year	Y_2028
ID:735	of_target	T_H2
ID:735	has_similarity	S_0.9
ID:735	has_uncertainty	U_0.9
ID:736	of_type	TY_burner stabilized flame speciation measurement
ID:736	of_reactor	R_flame
ID:736	has_author	Author 51
ID:736	of_year	Y_1967
ID:736	of_target	T_H2
ID:736	has_similarity	S_0.9
ID:736	has_uncertainty	U_0.9
ID:737	of_type	TY_concentration time profile measurement
ID:737	of_reactor	R_shock tube
ID:737	has_author	Author 13
ID:737	of_year	Y_1965
ID:737	of_target	T_C7H8
ID:737	has_similarity	S_0.3
ID:737	has_uncertainty	U_0.3
ID:738	of_type	TY_laminar burning velocity measurement
ID:738	of_reactor	R_flame
ID:738	has_author	Author 41
ID:738	of_year	Y_2002
ID:738	of_target	T_H20
ID:738	has_similarity	S_0.3
ID:738	has_uncertainty	U_0.3
ID:739	of_type	TY_outlet concentration measurement
ID:739	of_reactor	R_shock tube
ID:739	has_author	Author 21
ID:739	of_year	Y_2014
ID:739	of_target	T_NH3
ID:739	has_similarity	S_0.7
ID:739	has_uncertainty	U_0.7
ID:740	of_type	TY_outlet concentration measurement
ID:740	of_reactor	R_shock tube
ID:740	has_author	Author 80
ID:740	of_year	Y_2023
ID:740	of_target	T_H2
ID:740	has_similarity	S_0.3
ID:740	has_uncertainty	U_0.3
ID:741	of_type	TY_concentration time profile measurement
ID:741	of_reactor	R_shock tube
ID:741	has_author	Author 19
ID:741	of_year	Y_1962
ID:741	of_target	T_C6H6
ID:741	has_similarity	S_0.4
ID:741	has_uncertainty	U_0.4
ID:742	of_type	TY_laminar burning velocity measurement
ID:742	of_reactor	R_flame
ID:742	has_author	Author 31
ID:742	of_year	Y_1983
ID:742	of_target	T_NH3
ID:742	has_similarity	S_0.2
ID:742	has_uncertainty	U_0.2
ID:743	of_type	TY_burner stabilized flame speciation measurement
ID:743	of_reactor	R_flame
ID:743	has_author	Author 30
ID:743	of_year	Y_1952
ID:743	of_target	T_IDT
ID:743	has_similarity	S_0.7
ID:743	has_uncertainty	U_0.7
ID:744	of_type	TY_jet stirred reactor measurement
ID:744	of_reactor	R_stirred reactor
ID:744	has_author	Author 28
ID:744	of_year	Y_1956
ID:744	of_target	T_C6H6
ID:744	has_similarity	S_0.6
ID:744	has_uncertainty	U_0.6
ID:745	of_type	TY_concentration time profile measurement
ID:745	of_reactor	R_shock tube
ID:745	has_author	Author 93
ID:745	of_year	Y_1971
ID:745	of_target	T_CH4
ID:745	has_similarity	S_0.5
ID:745	has_uncertainty	U_0.5
ID:746	of_type	TY_jet stirred reactor measurement
ID:746	of_reactor	R_shock tube
ID:746	has_author	Author 64
ID:746	of_year	Y_1962
ID:746	of_target	T_CH4
ID:746	has_similarity	S_0.3
ID:746	has_uncertainty	U_0.3
ID:747	of_type	TY_laminar burning velocity measurement
ID:747	of_reactor	R_flame
ID:747	has_author	Author 4
ID:747	of_year	Y_1978
ID:747	of_target	T_C6H6
ID:747	has_similarity	S_0.6
ID:747	has_uncertainty	U_0.6
ID:748	of_type	TY_outlet concentration measurement
ID:748	of_reactor	R_stirred reactor
ID:748	has_author	Author 34
ID:748	of_year	Y_2020
ID:748	of_target	T_H20
ID:748	has_similarity	S_0.7
ID:748	has_uncertainty	U_0.7
ID:749	of_type	TY_outlet concentration measurement
ID:749	of_reactor	R_shock tube
ID:749	has_author	Author 50
ID:749	of_year	Y_2000
ID:749	of_target	T_NH3
ID:749	has_similarity	S_0.8
ID:749	has_uncertainty	U_0.8
ID:750	of_type	TY_jet stirred reactor measurement
ID:750	of_reactor	R_shock tube
ID:750	has_author	Author 72
ID:750	of_year	Y_2018
ID:750	of_target	T_CH3
ID:750	has_similarity	S_0.8
ID:750	has_uncertainty	U_0.8
ID:751	of_type	TY_jet stirred reactor measurement
ID:751	of_reactor	R_stirred reactor
ID:751	has_author	Author 96
ID:751	of_year	Y_2015
ID:751	of_target	T_C7H8
ID:751	has_similarity	S_0.2
ID:751	has_uncertainty	U_0.2
ID:752	of_type	TY_laminar burning velocity measurement
ID:752	of_reactor	R_flame
ID:752	has_author	Author 54
ID:752	of_year	Y_2028
ID:752	of_target	T_CH4
ID:752	has_similarity	S_0.7
ID:752	has_uncertainty	U_0.7
ID:753	of_type	TY_laminar burning velocity measurement
ID:753	of_reactor	R_flame
ID:753	has_author	Author 5
ID:753	of_year	Y_1969
ID:753	of_target	T_H2S
ID:753	has_similarity	S_0.7
ID:753	has_uncertainty	U_0.7
ID:754	of_type	TY_burner stabilized flame speciation measurement
ID:754	of_reactor	R_flame
ID:754	has_author	Author 26
ID:754	of_year	Y_1987
ID:754	of_target	T_CH3
ID:754	has_similarity	S_0.8
ID:754	has_uncertainty	U_0.8
ID:755	of_type	TY_concentration time profile measurement
ID:755	of_reactor	R_shock tube
ID:755	has_author	Author 17
ID:755	of_year	Y_2000
ID:755	of_target	T_C5H6
ID:755	has_similarity	S_0.1
ID:755	has_uncertainty	U_0.1
ID:756	of_type	TY_concentration time profile measurement
ID:756	of_reactor	R_shock tube
ID:756	has_author	Author 56
ID:756	of_year	Y_1992
ID:756	of_target	T_CO2
ID:756	has_similarity	S_0.3
ID:756	has_uncertainty	U_0.3
ID:757	of_type	TY_burner stabilized flame speciation measurement
ID:757	of_reactor	R_flame
ID:757	has_author	Author 65
ID:757	of_year	Y_2000
ID:757	of_target	T_C7H8
ID:757	has_similarity	S_0.9
ID:757	has_uncertainty	U_0.9
ID:758	of_type	TY_burner stabilized flame speciation measurement
ID:758	of_reactor	R_flame
ID:758	has_author	Author 51
ID:758	of_year	Y_1968
ID:758	of_target	T_CO2
ID:758	has_similarity	S_0.9
ID:758	has_uncertainty	U_0.9
ID:759	of_type	TY_jet stirred reactor measurement
ID:759	of_reactor	R_flow reactor
ID:759	has_author	Author 13
ID:759	of_year	Y_1966
ID:759	of_target	T_H2
ID:759	has_similarity	S_0.1
ID:759	has_uncertainty	U_0.1
ID:760	of_type	TY_laminar burning velocity measurement
ID:760	of_reactor	R_flame
ID:760	has_author	Author 8
ID:760	of_year	Y_1960
ID:760	of_target	T_H2
ID:760	has_similarity	S_0.4
ID:760	has_uncertainty	U_0.4
ID:761	of_type	TY_burner stabilized flame speciation measurement
ID:761	of_reactor	R_flame
ID:761	has_author	Author 77
ID:761	of_year	Y_1980
ID:761	of_target	T_IDT
ID:761	has_similarity	S_0.6
ID:761	has_uncertainty	U_0.6
ID:762	of_type	TY_laminar burning velocity measurement
ID:762	of_reactor	R_flame
ID:762	has_author	Author 45
ID:762	of_year	Y_2005
ID:762	of_target	T_C6H6
ID:762	has_similarity	S_0.2
ID:762	has_uncertainty	U_0.2
ID:763	of_type	TY_concentration time profile measurement
ID:763	of_reactor	R_shock tube
ID:763	has_author	Author 80
ID:763	of_year	Y_2028
ID:763	of_target	T_IDT
ID:763	has_similarity	S_0.1
ID:763	has_uncertainty	U_0.1
ID:764	of_type	TY_ignition delay measurement
ID:764	of_reactor	R_shock tube
ID:764	has_author	Author 51
ID:764	of_year	Y_1960
ID:764	of_target	T_IDT
ID:764	has_similarity	S_0.0
ID:764	has_uncertainty	U_0.0
ID:765	of_type	TY_laminar burning velocity measurement
ID:765	of_reactor	R_flame
ID:765	has_author	Author 51
ID:765	of_year	Y_1966
ID:765	of_target	T_CO2
ID:765	has_similarity	S_0.7
ID:765	has_uncertainty	U_0.7
ID:766	of_type	TY_burner stabilized flame speciation measurement
ID:766	of_reactor	R_flame
ID:766	has_author	Author 89
ID:766	of_year	Y_2030
ID:766	of_target	T_H2
ID:766	has_similarity	S_0.6
ID:766	has_uncertainty	U_0.6
ID:767	of_type	TY_jet stirred reactor measurement
ID:767	of_reactor	R_stirred reactor
ID:767	has_author	Author 22
ID:767	of_year	Y_1987
ID:767	of_target	T_NH3
ID:767	has_similarity	S_0.3
ID:767	has_uncertainty	U_0.3
ID:768	of_type	TY_laminar burning velocity measurement
ID:768	of_reactor	R_flame
ID:768	has_author	Author 70
ID:768	of_year	Y_2028
ID:768	of_target	T_IDT
ID:768	has_similarity	S_1.0
ID:768	has_uncertainty	U_1.0
ID:769	of_type	TY_ignition delay measurement
ID:769	of_reactor	R_shock tube
ID:769	has_author	Author 90
ID:769	of_year	Y_2000
ID:769	of_target	T_IDT
ID:769	has_similarity	S_1.0
ID:769	has_uncertainty	U_1.0
ID:770	of_type	TY_laminar burning velocity measurement
ID:770	of_reactor	R_flame
ID:770	has_author	Author 20
ID:770	of_year	Y_2016
ID:770	of_target	T_CO2
ID:770	has_similarity	S_0.7
ID:770	has_uncertainty	U_0.7
ID:771	of_type	TY_laminar burning velocity measurement
ID:771	of_reactor	R_flame
ID:771	has_author	Author 79
ID:771	of_year	Y_1989
ID:771	of_target	T_CH3
ID:771	has_similarity	S_0.7
ID:771	has_uncertainty	U_0.7
ID:772	of_type	TY_burner stabilized flame speciation measurement
ID:772	of_reactor	R_flame
ID:772	has_author	Author 48
ID:772	of_year	Y_1990
ID:772	of_target	T_H20
ID:772	has_similarity	S_0.1
ID:772	has_uncertainty	U_0.1
ID:773	of_type	TY_ignition delay measurement
ID:773	of_reactor	R_rapid compression machine
ID:773	has_author	Author 54
ID:773	of_year	Y_2027
ID:773	of_target	T_CH3
ID:773	has_similarity	S_0.1
ID:773	has_uncertainty	U_0.1
ID:774	of_type	TY_laminar burning velocity measurement
ID:774	of_reactor	R_flame
ID:774	has_author	Author 72
ID:774	of_year	Y_2012
ID:774	of_target	T_H2
ID:774	has_similarity	S_0.5
ID:774	has_uncertainty	U_0.5
ID:775	of_type	TY_jet stirred reactor measurement
ID:775	of_reactor	R_shock tube
ID:775	has_author	Author 31
ID:775	of_year	Y_1983
ID:775	of_target	T_C7H8
ID:775	has_similarity	S_0.8
ID:775	has_uncertainty	U_0.8
ID:776	of_type	TY_ignition delay measurement
ID:776	of_reactor	R_shock tube
ID:776	has_author	Author 9
ID:776	of_year	Y_2002
ID:776	of_target	T_C5H6
ID:776	has_similarity	S_0.2
ID:776	has_uncertainty	U_0.2
ID:777	of_type	TY_laminar burning velocity measurement
ID:777	of_reactor	R_flame
ID:777	has_author	Author 62
ID:777	of_year	Y_2019
ID:777	of_target	T_CH4
ID:777	has_similarity	S_0.6
ID:777	has_uncertainty	U_0.6
ID:778	of_type	TY_burner stabilized flame speciation measurement
ID:778	of_reactor	R_flame
ID:778	has_author	Author 38
ID:778	of_year	Y_2027
ID:778	of_target	T_H2S
ID:778	has_similarity	S_1.0
ID:778	has_uncertainty	U_1.0
ID:779	of_type	TY_concentration time profile measurement
ID:779	of_reactor	R_shock tube
ID:779	has_author	Author 70
ID:779	of_year	Y_2022
ID:779	of_target	T_C6H6
ID:779	has_similarity	S_0.4
ID:779	has_uncertainty	U_0.4
ID:780	of_type	TY_outlet concentration measurement
ID:780	of_reactor	R_stirred reactor
ID:780	has_author	Author 73
ID:780	of_year	Y_1967
ID:780	of_target	T_C5H6
ID:780	has_similarity	S_0.3
ID:780	has_uncertainty	U_0.3
ID:781	of_type	TY_outlet concentration measurement
ID:781	of_reactor	R_stirred reactor
ID:781	has_author	Author 87
ID:781	of_year	Y_2012
ID:781	of_target	T_IDT
ID:781	has_similarity	S_0.5
ID:781	has_uncertainty	U_0.5
ID:782	of_type	TY_burner stabilized flame speciation measurement
ID:782	of_reactor	R_flame
ID:782	has_author	Author 7
ID:782	of_year	Y_2022
ID:782	of_target	T_CH3
ID:782	has_similarity	S_0.8
ID:782	has_uncertainty	U_0.8
ID:783	of_type	TY_outlet concentration measurement
ID:783	of_reactor	R_stirred reactor
ID:783	has_author	Author 81
ID:783	of_year	Y_2003
ID:783	of_target	T_C5H6
ID:783	has_similarity	S_0.6
ID:783	has_uncertainty	U_0.6
ID:784	of_type	TY_burner stabilized flame speciation measurement
ID:784	of_reactor	R_flame
ID:784	has_author	Author 42
ID:784	of_year	Y_1963
ID:784	of_target	T_C7H8
ID:784	has_similarity	S_0.5
ID:784	has_uncertainty	U_0.5
ID:785	of_type	TY_concentration time profile measurement
ID:785	of_reactor	R_shock tube
ID:785	has_author	Author 64
ID:785	of_year	Y_1963
ID:785	of_target	T_C6H6
ID:785	has_similarity	S_0.9
ID:785	has_uncertainty	U_0.9
ID:786	of_type	TY_burner stabilized flame speciation measurement
ID:786	of_reactor	R_flame
ID:786	has_author	Author 60
ID:786	of_year	Y_2025
ID:786	of_target	T_CH3
ID:786	has_similarity	S_0.3
ID:786	has_uncertainty	U_0.3
ID:787	of_type	TY_jet stirred reactor measurement
ID:787	of_reactor	R_stirred reactor
ID:787	has_author	Author 17
ID:787	of_year	Y_2005
ID:787	of_target	T_C6H6
ID:787	has_similarity	S_0.3
ID:787	has_uncertainty	U_0.3
ID:788	of_type	TY_jet stirred reactor measurement
ID:788	of_reactor	R_shock tube
ID:788	has_author	Author 83
ID:788	of_year	Y_1961
ID:788	of_target	T_H2
ID:788	has_similarity	S_0.4
ID:788	has_uncertainty	U_0.4
ID:789	of_type	TY_concentration time profile measurement
ID:789	of_reactor	R_flow reactor
ID:789	has_author	Author 76
ID:789	of_year	Y_1971
ID:789	of_target	T_CO2
ID:789	has_similarity	S_0.8
ID:789	has_uncertainty	U_0.8
ID:790	of_type	TY_ignition delay measurement
ID:790	of_reactor	R_rapid compression machine
ID:790	has_author	Author 77
ID:790	of_year	Y_1985
ID:790	of_target	T_H2S
ID:790	has_similarity	S_0.7
ID:790	has_uncertainty	U_0.7
ID:791	of_type	TY_burner stabilized flame speciation measurement
ID:791	of_reactor	R_flame
ID:791	has_author	Author 66
ID:791	of_year	Y_2011
ID:791	of_target	T_C0
ID:791	has_similarity	S_0.2
ID:791	has_uncertainty	U_0.2
ID:792	of_type	TY_laminar burning velocity measurement
ID:792	of_reactor	R_flame
ID:792	has_author	Author 95
ID:792	of_year	Y_1993
ID:792	of_target	T_C6H6
ID:792	has_similarity	S_0.9
ID:792	has_uncertainty	U_0.9
ID:793	of_type	TY_concentration time profile measurement
ID:793	of_reactor	R_stirred reactor
ID:793	has_author	Author 49
ID:793	of_year	Y_2019
ID:793	of_target	T_C0
ID:793	has_similarity	S_0.1
ID:793	has_uncertainty	U_0.1
ID:794	of_type	TY_laminar burning velocity measurement
ID:794	of_reactor	R_flame
ID:794	has_author	Author 19
ID:794	of_year	Y_1970
ID:794	of_target	T_CH4
ID:794	has_similarity	S_0.2
ID:794	has_uncertainty	U_0.2
ID:795	of_type	TY_ignition delay measurement
ID:795	of_reactor	R_shock tube
ID:795	has_author	Author 60
ID:795	of_year	Y_2026
ID:795	of_target	T_H20
ID:795	has_similarity	S_0.6
ID:795	has_uncertainty	U_0.6
ID:796	of_type	TY_jet stirred reactor measurement
ID:796	of_reactor	R_flow reactor
ID:796	has_author	Author 36
ID:796	of_year	Y_1996
ID:796	of_target	T_C6H6
ID:796	has_similarity	S_0.4
ID:796	has_uncertainty	U_0.4
ID:797	of_type	TY_burner stabilized flame speciation measurement
ID:797	of_reactor	R_flame
ID:797	has_author	Author 72
ID:797	of_year	Y_2018
ID:797	of_target	T_NH3
ID:797	has_similarity	S_0.9
ID:797	has_uncertainty	U_0.9
ID:798	of_type	TY_jet stirred reactor measurement
ID:798	of_reactor	R_flow reactor
ID:798	has_author	Author 6
ID:798	of_year	Y_1971
ID:798	of_target	T_CH4
ID:798	has_similarity	S_0.8
ID:798	has_uncertainty	U_0.8
ID:799	of_type	TY_concentration time profile measurement
ID:799	of_reactor	R_stirred reactor
ID:799	has_author	Author 35
ID:799	of_year	Y_1990
ID:799	of_target	T_C7H8
ID:799	has_similarity	S_0.9
ID:799	has_uncertainty	U_0.9
ID:800	of_type	TY_ignition delay measurement
ID:800	of_reactor	R_rapid compression machine
ID:800	has_author	Author 45
ID:800	of_year	Y_2004
ID:800	of_target	T_CO2
ID:800	has_similarity	S_0.6
ID:800	has_uncertainty	U_0.6
ID:801	of_type	TY_burner stabilized flame speciation measurement
ID:801	of_reactor	R_flame
ID:801	has_author	Author 89
ID:801	of_year	Y_2022
ID:801	of_target	T_IDT
ID:801	has_similarity	S_0.5
ID:801	has_uncertainty	U_0.5
ID:802	of_type	TY_jet stirred reactor measurement
ID:802	of_reactor	R_stirred reactor
ID:802	has_author	Author 92
ID:802	of_year	Y_1967
ID:802	of_target	T_CH3
ID:802	has_similarity	S_0.7
ID:802	has_uncertainty	U_0.7
ID:803	of_type	TY_laminar burning velocity measurement
ID:803	of_reactor	R_flame
ID:803	has_author	Author 46
ID:803	of_year	Y_1989
ID:803	of_target	T_CH3
ID:803	has_similarity	S_0.8
ID:803	has_uncertainty	U_0.8
ID:804	of_type	TY_burner stabilized flame speciation measurement
ID:804	of_reactor	R_flame
ID:804	has_author	Author 5
ID:804	of_year	Y_1963
ID:804	of_target	T_CO2
ID:804	has_similarity	S_0.3
ID:804	has_uncertainty	U_0.3
ID:805	of_type	TY_jet stirred reactor measurement
ID:805	of_reactor	R_stirred reactor
ID:805	has_author	Author 63
ID:805	of_year	Y_1976
ID:805	of_target	T_H2S
ID:805	has_similarity	S_0.6
ID:805	has_uncertainty	U_0.6
ID:806	of_type	TY_ignition delay measurement
ID:806	of_reactor	R_shock tube
ID:806	has_author	Author 33
ID:806	of_year	Y_2009
ID:806	of_target	T_C5H6
ID:806	has_similarity	S_0.7
ID:806	has_uncertainty	U_0.7
ID:807	of_type	TY_outlet concentration measurement
ID:807	of_reactor	R_stirred reactor
ID:807	has_author	Author 76
ID:807	of_year	Y_1978
ID:807	of_target	T_NH3
ID:807	has_similarity	S_0.2
ID:807	has_uncertainty	U_0.2
ID:808	of_type	TY_concentration time profile measurement
ID:808	of_reactor	R_flow reactor
ID:808	has_author	Author 68
ID:808	of_year	Y_2027
ID:808	of_target	T_CH3
ID:808	has_similarity	S_0.5
ID:808	has_uncertainty	U_0.5
ID:809	of_type	TY_burner stabilized flame speciation measurement
ID:809	of_reactor	R_flame
ID:809	has_author	Author 69
ID:809	of_year	Y_1956
ID:809	of_target	T_CO2
ID:809	has_similarity	S_0.2
ID:809	has_uncertainty	U_0.2
ID:810	of_type	TY_laminar burning velocity measurement
ID:810	of_reactor	R_flame
ID:810	has_author	Author 73
ID:810	of_year	Y_1966
ID:810	of_target	T_NH3
ID:810	has_similarity	S_0.3
ID:810	has_uncertainty	U_0.3
ID:811	of_type	TY_ignition delay measurement
ID:811	of_reactor	R_rapid compression machine
ID:811	has_author	Author 46
ID:811	of_year	Y_1988
ID:811	of_target	T_IDT
ID:811	has_similarity	S_0.7
ID:811	has_uncertainty	U_0.7
ID:812	of_type	TY_ignition delay measurement
ID:812	of_reactor	R_rapid compression machine
ID:812	has_author	Author 18
ID:812	of_year	Y_2001
ID:812	of_target	T_H2
ID:812	has_similarity	S_1.0
ID:812	has_uncertainty	U_1.0
ID:813	of_type	TY_ignition delay measurement
ID:813	of_reactor	R_shock tube
ID:813	has_author	Author 24
ID:813	of_year	Y_1990
ID:813	of_target	T_C7H8
ID:813	has_similarity	S_0.5
ID:813	has_uncertainty	U_0.5
ID:814	of_type	TY_concentration time profile measurement
ID:814	of_reactor	R_shock tube
ID:814	has_author	Author 84
ID:814	of_year	Y_2017
ID:814	of_target	T_CO2
ID:814	has_similarity	S_0.0
ID:814	has_uncertainty	U_0.0
ID:815	of_type	TY_concentration time profile measurement
ID:815	of_reactor	R_flow reactor
ID:815	has_author	Author 82
ID:815	of_year	Y_1990
ID:815	of_target	T_CH4
ID:815	has_similarity	S_0.0
ID:815	has_uncertainty	U_0.0
ID:816	of_type	TY_outlet concentration measurement
ID:816	of_reactor	R_shock tube
ID:816	has_author	Author 32
ID:816	of_year	Y_1994
ID:816	of_target	T_IDT
ID:816	has_similarity	S_0.1
ID:816	has_uncertainty	U_0.1
ID:817	of_type	TY_ignition delay measurement
ID:817	of_reactor	R_shock tube
ID:817	has_author	Author 9
ID:817	of_year	Y_2000
ID:817	of_target	T_C5H6
ID:817	has_similarity	S_1.0
ID:817	has_uncertainty	U_1.0
ID:818	of_type	TY_concentration time profile measurement
ID:818	of_reactor	R_stirred reactor
ID:818	has_author	Author 16
ID:818	of_year	Y_1998
ID:818	of_target	T_H20
ID:818	has_similarity	S_0.4
ID:818	has_uncertainty	U_0.4
ID:819	of_type	TY_laminar burning velocity measurement
ID:819	of_reactor	R_flame
ID:819	has_author	Author 6
ID:819	of_year	Y_1972
ID:819	of_target	T_C7H8
ID:819	has_similarity	S_0.9
ID:819	has_uncertainty	U_0.9
ID:820	of_type	TY_jet stirred reactor measurement
ID:820	of_reactor	R_stirred reactor
ID:820	has_author	Author 5
ID:820	of_year	Y_1960
ID:820	of_target	T_NH3
ID:820	has_similarity	S_0.7
ID:820	has_uncertainty	U_0.7
ID:821	of_type	TY_ignition delay measurement
ID:821	of_reactor	R_rapid compression machine
ID:821	has_author	Author 74
ID:821	of_year	Y_1955
ID:821	of_target	T_IDT
ID:821	has_similarity	S_0.5
ID:821	has_uncertainty	U_0.5
ID:822	of_type	TY_concentration time profile measurement
ID:822	of_reactor	R_flow reactor
ID:822	has_author	Author 5
ID:822	of_year	Y_1970
ID:822	of_target	T_C6H6
ID:822	has_similarity	S_0.2
ID:822	has_uncertainty	U_0.2
ID:823	of_type	TY_ignition delay measurement
ID:823	of_reactor	R_shock tube
ID:823	has_author	Author 5
ID:823	of_year	Y_1969
ID:823	of_target	T_IDT
ID:823	has_similarity	S_0.0
ID:823	has_uncertainty	U_0.0
ID:824	of_type	TY_concentration time profile measurement
ID:824	of_reactor	R_stirred reactor
ID:824	has_author	Author 52
ID:824	of_year	Y_1961
ID:824	of_target	T_CH3
ID:824	has_similarity	S_0.3
ID:824	has_uncertainty	U_0.3
ID:825	of_type	TY_jet stirred reactor measurement
ID:825	of_reactor	R_stirred reactor
ID:825	has_author	Author 82
ID:825	of_year	Y_1994
ID:825	of_target	T_NH3
ID:825	has_similarity	S_0.4
ID:825	has_uncertainty	U_0.4
ID:826	of_type	TY_jet stirred reactor measurement
ID:826	of_reactor	R_flow reactor
ID:826	has_author	Author 62
ID:826	of_year	Y_2014
ID:826	of_target	T_H2S
ID:826	has_similarity	S_0.3
ID:826	has_uncertainty	U_0.3
ID:827	of_type	TY_outlet concentration measurement
ID:827	of_reactor	R_shock tube
ID:827	has_author	Author 67
ID:827	of_year	Y_2010
ID:827	of_target	T_NH3
ID:827	has_similarity	S_0.2
ID:827	has_uncertainty	U_0.2
ID:828	of_type	TY_concentration time profile measurement
ID:828	of_reactor	R_shock tube
ID:828	has_author	Author 57
ID:828	of_year	Y_1991
ID:828	of_target	T_H2S
ID:828	has_similarity	S_0.1
ID:828	has_uncertainty	U_0.1
ID:829	of_type	TY_concentration time profile measurement
ID:829	of_reactor	R_flow reactor
ID:829	has_author	Author 58
ID:829	of_year	Y_1972
ID:829	of_target	T_CO2
ID:829	has_similarity	S_0.6
ID:829	has_uncertainty	U_0.6
ID:830	of_type	TY_concentration time profile measurement
ID:830	of_reactor	R_shock tube
ID:830	has_author	Author 47
ID:830	of_year	Y_2004
ID:830	of_target	T_CO2
ID:830	has_similarity	S_0.5
ID:830	has_uncertainty	U_0.5
ID:831	of_type	TY_ignition delay measurement
ID:831	of_reactor	R_rapid compression machine
ID:831	has_author	Author 95
ID:831	of_year	Y_1995
ID:831	of_target	T_C5H6
ID:831	has_similarity	S_0.7
ID:831	has_uncertainty	U_0.7
ID:832	of_type	TY_outlet concentration measurement
ID:832	of_reactor	R_flow reactor
ID:832	has_author	Author 23
ID:832	of_year	Y_1971
ID:832	of_target	T_CO2
ID:832	has_similarity	S_0.3
ID:832	has_uncertainty	U_0.3
ID:833	of_type	TY_outlet concentration measurement
ID:833	of_reactor	R_stirred reactor
ID:833	has_author	Author 8
ID:833	of_year	Y_1963
ID:833	of_target	T_H2S
ID:833	has_similarity	S_0.2
ID:833	has_uncertainty	U_0.2
ID:834	of_type	TY_burner stabilized flame speciation measurement
ID:834	of_reactor	R_flame
ID:834	has_author	Author 24
ID:834	of_year	Y_1980
ID:834	of_target	T_CH3
ID:834	has_similarity	S_0.6
ID:834	has_uncertainty	U_0.6
ID:835	of_type	TY_jet stirred reactor measurement
ID:835	of_reactor	R_shock tube
ID:835	has_author	Author 61
ID:835	of_year	Y_2007
ID:835	of_target	T_C7H8
ID:835	has_similarity	S_0.2
ID:835	has_uncertainty	U_0.2
ID:836	of_type	TY_burner stabilized flame speciation measurement
ID:836	of_reactor	R_flame
ID:836	has_author	Author 55
ID:836	of_year	Y_1996
ID:836	of_target	T_C0
ID:836	has_similarity	S_1.0
ID:836	has_uncertainty	U_1.0
ID:837	of_type	TY_ignition delay measurement
ID:837	of_reactor	R_shock tube
ID:837	has_author	Author 58
ID:837	of_year	Y_1971
ID:837	of_target	T_C0
ID:837	has_similarity	S_0.1
ID:837	has_uncertainty	U_0.1
ID:838	of_type	TY_concentration time profile measurement
ID:838	of_reactor	R_flow reactor
ID:838	has_author	Author 90
ID:838	of_year	Y_2010
ID:838	of_target	T_CH3
ID:838	has_similarity	S_0.4
ID:838	has_uncertainty	U_0.4
ID:839	of_type	TY_concentration time profile measurement
ID:839	of_reactor	R_stirred reactor
ID:839	has_author	Author 13
ID:839	of_year	Y_1965
ID:839	of_target	T_C0
ID:839	has_similarity	S_0.0
ID:839	has_uncertainty	U_0.0
ID:840	of_type	TY_concentration time profile measurement
ID:840	of_reactor	R_stirred reactor
ID:840	has_author	Author 1
ID:840	of_year	Y_2003
ID:840	of_target	T_H2
ID:840	has_similarity	S_0.9
ID:840	has_uncertainty	U_0.9
ID:841	of_type	TY_concentration time profile measurement
ID:841	of_reactor	R_shock tube
ID:841	has_author	Author 57
ID:841	of_year	Y_1992
ID:841	of_target	T_H20
ID:841	has_similarity	S_0.0
ID:841	has_uncertainty	U_0.0
ID:842	of_type	TY_burner stabilized flame speciation measurement
ID:842	of_reactor	R_flame
ID:842	has_author	Author 31
ID:842	of_year	Y_1989
ID:842	of_target	T_NH3
ID:842	has_similarity	S_0.2
ID:842	has_uncertainty	U_0.2
ID:843	of_type	TY_outlet concentration measurement
ID:843	of_reactor	R_stirred reactor
ID:843	has_author	Author 0
ID:843	of_year	Y_1951
ID:843	of_target	T_H2
ID:843	has_similarity	S_0.8
ID:843	has_uncertainty	U_0.8
ID:844	of_type	TY_ignition delay measurement
ID:844	of_reactor	R_shock tube
ID:844	has_author	Author 76
ID:844	of_year	Y_1972
ID:844	of_target	T_C5H6
ID:844	has_similarity	S_0.7
ID:844	has_uncertainty	U_0.7
ID:845	of_type	TY_outlet concentration measurement
ID:845	of_reactor	R_flow reactor
ID:845	has_author	Author 69
ID:845	of_year	Y_1953
ID:845	of_target	T_C7H8
ID:845	has_similarity	S_0.1
ID:845	has_uncertainty	U_0.1
ID:846	of_type	TY_concentration time profile measurement
ID:846	of_reactor	R_shock tube
ID:846	has_author	Author 17
ID:846	of_year	Y_2001
ID:846	of_target	T_C0
ID:846	has_similarity	S_0.3
ID:846	has_uncertainty	U_0.3
ID:847	of_type	TY_concentration time profile measurement
ID:847	of_reactor	R_stirred reactor
ID:847	has_author	Author 63
ID:847	of_year	Y_1970
ID:847	of_target	T_CH4
ID:847	has_similarity	S_0.9
ID:847	has_uncertainty	U_0.9
ID:848	of_type	TY_laminar burning velocity measurement
ID:848	of_reactor	R_flame
ID:848	has_author	Author 62
ID:848	of_year	Y_2011
ID:848	of_target	T_H2S
ID:848	has_similarity	S_0.4
ID:848	has_uncertainty	U_0.4
ID:849	of_type	TY_concentration time profile measurement
ID:849	of_reactor	R_flow reactor
ID:849	has_author	Author 3
ID:849	of_year	Y_2020
ID:849	of_target	T_C0
ID:849	has_similarity	S_0.2
ID:849	has_uncertainty	U_0.2
ID:850	of_type	TY_burner stabilized flame speciation measurement
ID:850	of_reactor	R_flame
ID:850	has_author	Author 56
ID:850	of_year	Y_1996
ID:850	of_target	T_H2S
ID:850	has_similarity	S_0.9
ID:850	has_uncertainty	U_0.9
ID:851	of_type	TY_laminar burning velocity measurement
ID:851	of_reactor	R_flame
ID:851	has_author	Author 32
ID:851	of_year	Y_1992
ID:851	of_target	T_NH3
ID:851	has_similarity	S_0.2
ID:851	has_uncertainty	U_0.2
ID:852	of_type	TY_concentration time profile measurement
ID:852	of_reactor	R_stirred reactor
ID:852	has_author	Author 26
ID:852	of_year	Y_1989
ID:852	of_target	T_C7H8
ID:852	has_similarity	S_0.5
ID:852	has_uncertainty	U_0.5
ID:853	of_type	TY_laminar burning velocity measurement
ID:853	of_reactor	R_flame
ID:853	has_author	Author 89
ID:853	of_year	Y_2022
ID:853	of_target	T_H2S
ID:853	has_similarity	S_0.6
ID:853	has_uncertainty	U_0.6
ID:854	of_type	TY_outlet concentration measurement
ID:854	of_reactor	R_stirred reactor
ID:854	has_author	Author 50
ID:854	of_year	Y_1994
ID:854	of_target	T_IDT
ID:854	has_similarity	S_0.8
ID:854	has_uncertainty	U_0.8
ID:855	of_type	TY_ignition delay measurement
ID:855	of_reactor	R_rapid compression machine
ID:855	has_author	Author 56
ID:855	of_year	Y_1996
ID:855	of_target	T_CH3
ID:855	has_similarity	S_0.8
ID:855	has_uncertainty	U_0.8
ID:856	of_type	TY_concentration time profile measurement
ID:856	of_reactor	R_flow reactor
ID:856	has_author	Author 83
ID:856	of_year	Y_1964
ID:856	of_target	T_CH3
ID:856	has_similarity	S_0.2
ID:856	has_uncertainty	U_0.2
ID:857	of_type	TY_concentration time profile measurement
ID:857	of_reactor	R_shock tube
ID:857	has_author	Author 30
ID:857	of_year	Y_1955
ID:857	of_target	T_H2
ID:857	has_similarity	S_0.1
ID:857	has_uncertainty	U_0.1
ID:858	of_type	TY_outlet concentration measurement
ID:858	of_reactor	R_flow reactor
ID:858	has_author	Author 17
ID:858	of_year	Y_2000
ID:858	of_target	T_C5H6
ID:858	has_similarity	S_0.4
ID:858	has_uncertainty	U_0.4
ID:859	of_type	TY_ignition delay measurement
ID:859	of_reactor	R_rapid compression machine
ID:859	has_author	Author 24
ID:859	of_year	Y_1990
ID:859	of_target	T_H2
ID:859	has_similarity	S_0.9
ID:859	has_uncertainty	U_0.9
ID:860	of_type	TY_concentration time profile measurement
ID:860	of_reactor	R_flow reactor
ID:860	has_author	Author 24
ID:860	of_year	Y_1981
ID:860	of_target	T_C5H6
ID:860	has_similarity	S_0.1
ID:860	has_uncertainty	U_0.1
ID:861	of_type	TY_burner stabilized flame speciation measurement
ID:861	of_reactor	R_flame
ID:861	has_author	Author 51
ID:861	of_year	Y_1961
ID:861	of_target	T_CO2
ID:861	has_similarity	S_1.0
ID:861	has_uncertainty	U_1.0
ID:862	of_type	TY_concentration time profile measurement
ID:862	of_reactor	R_shock tube
ID:862	has_author	Author 0
ID:862	of_year	Y_1957
ID:862	of_target	T_C5H6
ID:862	has_similarity	S_0.2
ID:862	has_uncertainty	U_0.2
ID:863	of_type	TY_outlet concentration measurement
ID:863	of_reactor	R_stirred reactor
ID:863	has_author	Author 52
ID:863	of_year	Y_1967
ID:863	of_target	T_H20
ID:863	has_similarity	S_0.5
ID:863	has_uncertainty	U_0.5
ID:864	of_type	TY_outlet concentration measurement
ID:864	of_reactor	R_flow reactor
ID:864	has_author	Author 89
ID:864	of_year	Y_2022
ID:864	of_target	T_H2
ID:864	has_similarity	S_0.9
ID:864	has_uncertainty	U_0.9
ID:865	of_type	TY_ignition delay measurement
ID:865	of_reactor	R_shock tube
ID:865	has_author	Author 94
ID:865	of_year	Y_1979
ID:865	of_target	T_C0
ID:865	has_similarity	S_0.8
ID:865	has_uncertainty	U_0.8
ID:866	of_type	TY_burner stabilized flame speciation measurement
ID:866	of_reactor	R_flame
ID:866	has_author	Author 15
ID:866	of_year	Y_2012
ID:866	of_target	T_C0
ID:866	has_similarity	S_0.7
ID:866	has_uncertainty	U_0.7
ID:867	of_type	TY_jet stirred reactor measurement
ID:867	of_reactor	R_stirred reactor
ID:867	has_author	Author 83
ID:867	of_year	Y_1964
ID:867	of_target	T_H2S
ID:867	has_similarity	S_0.2
ID:867	has_uncertainty	U_0.2
ID:868	of_type	TY_concentration time profile measurement
ID:868	of_reactor	R_stirred reactor
ID:868	has_author	Author 37
ID:868	of_year	Y_2010
ID:868	of_target	T_C7H8
ID:868	has_similarity	S_0.7
ID:868	has_uncertainty	U_0.7
ID:869	of_type	TY_ignition delay measurement
ID:869	of_reactor	R_rapid compression machine
ID:869	has_author	Author 97
ID:869	of_year	Y_2008
ID:869	of_target	T_C6H6
ID:869	has_similarity	S_0.6
ID:869	has_uncertainty	U_0.6
ID:870	of_type	TY_ignition delay measurement
ID:870	of_reactor	R_rapid compression machine
ID:870	has_author	Author 66
ID:870	of_year	Y_2018
ID:870	of_target	T_C6H6
ID:870	has_similarity	S_0.6
ID:870	has_uncertainty	U_0.6
ID:871	of_type	TY_ignition delay measurement
ID:871	of_reactor	R_shock tube
ID:871	has_author	Author 69
ID:871	of_year	Y_1953
ID:871	of_target	T_IDT
ID:871	has_similarity	S_0.8
ID:871	has_uncertainty	U_0.8
ID:872	of_type	TY_burner stabilized flame speciation measurement
ID:872	of_reactor	R_flame
ID:872	has_author	Author 1
ID:872	of_year	Y_2003
ID:872	of_target	T_C5H6
ID:872	has_similarity	S_0.4
ID:872	has_uncertainty	U_0.4
ID:873	of_type	TY_ignition delay measurement
ID:873	of_reactor	R_rapid compression machine
ID:873	has_author	Author 54
ID:873	of_year	Y_2030
ID:873	of_target	T_C5H6
ID:873	has_similarity	S_0.9
ID:873	has_uncertainty	U_0.9
ID:874	of_type	TY_outlet concentration measurement
ID:874	of_reactor	R_stirred reactor
ID:874	has_author	Author 97
ID:874	of_year	Y_2006
ID:874	of_target	T_IDT
ID:874	has_similarity	S_0.7
ID:874	has_uncertainty	U_0.7
ID:875	of_type	TY_laminar burning velocity measurement
ID:875	of_reactor	R_flame
ID:875	has_author	Author 17
ID:875	of_year	Y_2006
ID:875	of_target	T_C7H8
ID:875	has_similarity	S_0.5
ID:875	has_uncertainty	U_0.5
ID:876	of_type	TY_burner stabilized flame speciation measurement
ID:876	of_reactor	R_flame
ID:876	has_author	Author 61
ID:876	of_year	Y_2004
ID:876	of_target	T_NH3
ID:876	has_similarity	S_1.0
ID:876	has_uncertainty	U_1.0
ID:877	of_type	TY_jet stirred reactor measurement
ID:877	of_reactor	R_stirred reactor
ID:877	has_author	Author 95
ID:877	of_year	Y_1993
ID:877	of_target	T_H20
ID:877	has_similarity	S_0.4
ID:877	has_uncertainty	U_0.4
ID:878	of_type	TY_outlet concentration measurement
ID:878	of_reactor	R_flow reactor
ID:878	has_author	Author 55
ID:878	of_year	Y_1992
ID:878	of_target	T_CH4
ID:878	has_similarity	S_0.2
ID:878	has_uncertainty	U_0.2
ID:879	of_type	TY_jet stirred reactor measurement
ID:879	of_reactor	R_stirred reactor
ID:879	has_author	Author 58
ID:879	of_year	Y_1976
ID:879	of_target	T_CH4
ID:879	has_similarity	S_0.0
ID:879	has_uncertainty	U_0.0
ID:880	of_type	TY_outlet concentration measurement
ID:880	of_reactor	R_flow reactor
ID:880	has_author	Author 93
ID:880	of_year	Y_1974
ID:880	of_target	T_H20
ID:880	has_similarity	S_0.6
ID:880	has_uncertainty	U_0.6
ID:881	of_type	TY_ignition delay measurement
ID:881	of_reactor	R_shock tube
ID:881	has_author	Author 85
ID:881	of_year	Y_2015
ID:881	of_target	T_C7H8
ID:881	has_similarity	S_0.0
ID:881	has_uncertainty	U_0.0
ID:882	of_type	TY_burner stabilized flame speciation measurement
ID:882	of_reactor	R_flame
ID:882	has_author	Author 48
ID:882	of_year	Y_1993
ID:882	of_target	T_C7H8
ID:882	has_similarity	S_0.0
ID:882	has_uncertainty	U_0.0
ID:883	of_type	TY_outlet concentration measurement
ID:883	of_reactor	R_flow reactor
ID:883	has_author	Author 46
ID:883	of_year	Y_1988
ID:883	of_target	T_CH3
ID:883	has_similarity	S_0.1
ID:883	has_uncertainty	U_0.1
ID:884	of_type	TY_concentration time profile measurement
ID:884	of_reactor	R_shock tube
ID:884	has_author	Author 70
ID:884	of_year	Y_2023
ID:884	of_target	T_CH4
ID:884	has_similarity	S_0.1
ID:884	has_uncertainty	U_0.1
ID:885	of_type	TY_outlet concentration measurement
ID:885	of_reactor	R_stirred reactor
ID:885	has_author	Author 66
ID:885	of_year	Y_2012
ID:885	of_target	T_CH4
ID:885	has_similarity	S_0.8
ID:885	has_uncertainty	U_0.8
ID:886	of_type	TY_outlet concentration measurement
ID:886	of_reactor	R_flow reactor
ID:886	has_author	Author 93
ID:886	of_year	Y_1980
ID:886	of_target	T_C6H6
ID:886	has_similarity	S_0.3
ID:886	has_uncertainty	U_0.3
ID:887	of_type	TY_jet stirred reactor measurement
ID:887	of_reactor	R_stirred reactor
ID:887	has_author	Author 10
ID:887	of_year	Y_2028
ID:887	of_target	T_C6H6
ID:887	has_similarity	S_0.4
ID:887	has_uncertainty	U_0.4
ID:888	of_type	TY_laminar burning velocity measurement
ID:888	of_reactor	R_flame
ID:888	has_author	Author 44
ID:888	of_year	Y_1973
ID:888	of_target	T_C0
ID:888	has_similarity	S_0.1
ID:888	has_uncertainty	U_0.1
ID:889	of_type	TY_outlet concentration measurement
ID:889	of_reactor	R_shock tube
ID:889	has_author	Author 35
ID:889	of_year	Y_1999
ID:889	of_target	T_C6H6
ID:889	has_similarity	S_0.9
ID:889	has_uncertainty	U_0.9
ID:890	of_type	TY_ignition delay measurement
ID:890	of_reactor	R_rapid compression machine
ID:890	has_author	Author 3
ID:890	of_year	Y_2022
ID:890	of_target	T_H20
ID:890	has_similarity	S_0.1
ID:890	has_uncertainty	U_0.1
ID:891	of_type	TY_burner stabilized flame speciation measurement
ID:891	of_reactor	R_flame
ID:891	has_author	Author 87
ID:891	of_year	Y_2017
ID:891	of_target	T_IDT
ID:891	has_similarity	S_0.1
ID:891	has_uncertainty	U_0.1
ID:892	of_type	TY_outlet concentration measurement
ID:892	of_reactor	R_shock tube
ID:892	has_author	Author 90
ID:892	of_year	Y_2004
ID:892	of_target	T_CH4
ID:892	has_similarity	S_0.3
ID:892	has_uncertainty	U_0.3
ID:893	of_type	TY_ignition delay measurement
ID:893	of_reactor	R_shock tube
ID:893	has_author	Author 76
ID:893	of_year	Y_1975
ID:893	of_target	T_H20
ID:893	has_similarity	S_1.0
ID:893	has_uncertainty	U_1.0
ID:894	of_type	TY_concentration time profile measurement
ID:894	of_reactor	R_flow reactor
ID:894	has_author	Author 18
ID:894	of_year	Y_2009
ID:894	of_target	T_H2
ID:894	has_similarity	S_0.3
ID:894	has_uncertainty	U_0.3
ID:895	of_type	TY_concentration time profile measurement
ID:895	of_reactor	R_shock tube
ID:895	has_author	Author 8
ID:895	of_year	Y_1969
ID:895	of_target	T_H2S
ID:895	has_similarity	S_0.1
ID:895	has_uncertainty	U_0.1
ID:896	of_type	TY_jet stirred reactor measurement
ID:896	of_reactor	R_shock tube
ID:896	has_author	Author 96
ID:896	of_year	Y_2020
ID:896	of_target	T_IDT
ID:896	has_similarity	S_0.1
ID:896	has_uncertainty	U_0.1
ID:897	of_type	TY_burner stabilized flame speciation measurement
ID:897	of_reactor	R_flame
ID:897	has_author	Author 57
ID:897	of_year	Y_1995
ID:897	of_target	T_IDT
ID:897	has_similarity	S_0.7
ID:897	has_uncertainty	U_0.7
ID:898	of_type	TY_outlet concentration measurement
ID:898	of_reactor	R_stirred reactor
ID:898	has_author	Author 92
ID:898	of_year	Y_1962
ID:898	of_target	T_C5H6
ID:898	has_similarity	S_0.9
ID:898	has_uncertainty	U_0.9
ID:899	of_type	TY_ignition delay measurement
ID:899	of_reactor	R_rapid compression machine
ID:899	has_author	Author 37
ID:899	of_year	Y_2016
ID:899	of_target	T_C6H6
ID:899	has_similarity	S_0.9
ID:899	has_uncertainty	U_0.9
ID:900	of_type	TY_burner stabilized flame speciation measurement
ID:900	of_reactor	R_flame
ID:900	has_author	Author 6
ID:900	of_year	Y_1980
ID:900	of_target	T_C5H6
ID:900	has_similarity	S_0.1
ID:900	has_uncertainty	U_0.1
ID:901	of_type	TY_ignition delay measurement
ID:901	of_reactor	R_rapid compression machine
ID:901	has_author	Author 48
ID:901	of_year	Y_1991
ID:901	of_target	T_C5H6
ID:901	has_similarity	S_0.6
ID:901	has_uncertainty	U_0.6
ID:902	of_type	TY_laminar burning velocity measurement
ID:902	of_reactor	R_flame
ID:902	has_author	Author 16
ID:902	of_year	Y_1991
ID:902	of_target	T_C6H6
ID:902	has_similarity	S_0.6
ID:902	has_uncertainty	U_0.6
ID:903	of_type	TY_burner stabilized flame speciation measurement
ID:903	of_reactor	R_flame
ID:903	has_author	Author 75
ID:903	of_year	Y_1979
ID:903	of_target	T_H2
ID:903	has_similarity	S_0.8
ID:903	has_uncertainty	U_0.8
ID:904	of_type	TY_concentration time profile measurement
ID:904	of_reactor	R_shock tube
ID:904	has_author	Author 28
ID:904	of_year	Y_1955
ID:904	of_target	T_C6H6
ID:904	has_similarity	S_0.7
ID:904	has_uncertainty	U_0.7
ID:905	of_type	TY_ignition delay measurement
ID:905	of_reactor	R_shock tube
ID:905	has_author	Author 25
ID:905	of_year	Y_1950
ID:905	of_target	T_CH4
ID:905	has_similarity	S_0.4
ID:905	has_uncertainty	U_0.4
ID:906	of_type	TY_laminar burning velocity measurement
ID:906	of_reactor	R_flame
ID:906	has_author	Author 92
ID:906	of_year	Y_1969
ID:906	of_target	T_C0
ID:906	has_similarity	S_0.3
ID:906	has_uncertainty	U_0.3
ID:907	of_type	TY_jet stirred reactor measurement
ID:907	of_reactor	R_stirred reactor
ID:907	has_author	Author 48
ID:907	of_year	Y_1998
ID:907	of_target	T_CH3
ID:907	has_similarity	S_0.8
ID:907	has_uncertainty	U_0.8
ID:908	of_type	TY_outlet concentration measurement
ID:908	of_reactor	R_flow reactor
ID:908	has_author	Author 75
ID:908	of_year	Y_1978
ID:908	of_target	T_C5H6
ID:908	has_similarity	S_0.2
ID:908	has_uncertainty	U_0.2
ID:909	of_type	TY_laminar burning velocity measurement
ID:909	of_reactor	R_flame
ID:909	has_author	Author 4
ID:909	of_year	Y_1972
ID:909	of_target	T_C0
ID:909	has_similarity	S_0.9
ID:909	has_uncertainty	U_0.9
ID:910	of_type	TY_concentration time profile measurement
ID:910	of_reactor	R_flow reactor
ID:910	has_author	Author 43
ID:910	of_year	Y_1956
ID:910	of_target	T_H2
ID:910	has_similarity	S_0.8
ID:910	has_uncertainty	U_0.8
ID:911	of_type	TY_burner stabilized flame speciation measurement
ID:911	of_reactor	R_flame
ID:911	has_author	Author 22
ID:911	of_year	Y_1989
ID:911	of_target	T_H2S
ID:911	has_similarity	S_0.4
ID:911	has_uncertainty	U_0.4
ID:912	of_type	TY_burner stabilized flame speciation measurement
ID:912	of_reactor	R_flame
ID:912	has_author	Author 23
ID:912	of_year	Y_1977
ID:912	of_target	T_C7H8
ID:912	has_similarity	S_0.5
ID:912	has_uncertainty	U_0.5
ID:913	of_type	TY_laminar burning velocity measurement
ID:913	of_reactor	R_flame
ID:913	has_author	Author 0
ID:913	of_year	Y_1952
ID:913	of_target	T_H2S
ID:913	has_similarity	S_0.4
ID:913	has_uncertainty	U_0.4
ID:914	of_type	TY_burner stabilized flame speciation measurement
ID:914	of_reactor	R_flame
ID:914	has_author	Author 81
ID:914	of_year	Y_2003
ID:914	of_target	T_C5H6
ID:914	has_similarity	S_0.3
ID:914	has_uncertainty	U_0.3
ID:915	of_type	TY_laminar burning velocity measurement
ID:915	of_reactor	R_flame
ID:915	has_author	Author 43
ID:915	of_year	Y_1956
ID:915	of_target	T_H20
ID:915	has_similarity	S_0.9
ID:915	has_uncertainty	U_0.9
ID:916	of_type	TY_concentration time profile measurement
ID:916	of_reactor	R_stirred reactor
ID:916	has_author	Author 19
ID:916	of_year	Y_1960
ID:916	of_target	T_H20
ID:916	has_similarity	S_0.9
ID:916	has_uncertainty	U_0.9
ID:917	of_type	TY_concentration time profile measurement
ID:917	of_reactor	R_stirred reactor
ID:917	has_author	Author 47
ID:917	of_year	Y_2004
ID:917	of_target	T_CO2
ID:917	has_similarity	S_0.0
ID:917	has_uncertainty	U_0.0
ID:918	of_type	TY_laminar burning velocity measurement
ID:918	of_reactor	R_flame
ID:918	has_author	Author 41
ID:918	of_year	Y_2010
ID:918	of_target	T_CO2
ID:918	has_similarity	S_0.6
ID:918	has_uncertainty	U_0.6
ID:919	of_type	TY_burner stabilized flame speciation measurement
ID:919	of_reactor	R_flame
ID:919	has_author	Author 63
ID:919	of_year	Y_1970
ID:919	of_target	T_NH3
ID:919	has_similarity	S_0.7
ID:919	has_uncertainty	U_0.7
ID:920	of_type	TY_jet stirred reactor measurement
ID:920	of_reactor	R_stirred reactor
ID:920	has_author	Author 91
ID:920	of_year	Y_2010
ID:920	of_target	T_IDT
ID:920	has_similarity	S_0.0
ID:920	has_uncertainty	U_0.0
ID:921	of_type	TY_outlet concentration measurement
ID:921	of_reactor	R_flow reactor
ID:921	has_author	Author 36
ID:921	of_year	Y_1993
ID:921	of_target	T_H2S
ID:921	has_similarity	S_0.8
ID:921	has_uncertainty	U_0.8
ID:922	of_type	TY_burner stabilized flame speciation measurement
ID:922	of_reactor	R_flame
ID:922	has_author	Author 19
ID:922	of_year	Y_1968
ID:922	of_target	T_C6H6
ID:922	has_similarity	S_0.6
ID:922	has_uncertainty	U_0.6
ID:923	of_type	TY_outlet concentration measurement
ID:923	of_reactor	R_shock tube
ID:923	has_author	Author 82
ID:923	of_year	Y_1996
ID:923	of_target	T_H2
ID:923	has_similarity	S_0.2
ID:923	has_uncertainty	U_0.2
ID:924	of_type	TY_laminar burning velocity measurement
ID:924	of_reactor	R_flame
ID:924	has_author	Author 34
ID:924	of_year	Y_2010
ID:924	of_target	T_IDT
ID:924	has_similarity	S_0.4
ID:924	has_uncertainty	U_0.4
ID:925	of_type	TY_burner stabilized flame speciation measurement
ID:925	of_reactor	R_flame
ID:925	has_author	Author 9
ID:925	of_year	Y_2000
ID:925	of_target	T_C0
ID:925	has_similarity	S_0.0
ID:925	has_uncertainty	U_0.0
ID:926	of_type	TY_laminar burning velocity measurement
ID:926	of_reactor	R_flame
ID:926	has_author	Author 14
ID:926	of_year	Y_2020
ID:926	of_target	T_CO2
ID:926	has_similarity	S_0.3
ID:926	has_uncertainty	U_0.3
ID:927	of_type	TY_outlet concentration measurement
ID:927	of_reactor	R_flow reactor
ID:927	has_author	Author 75
ID:927	of_year	Y_1973
ID:927	of_target	T_CH4
ID:927	has_similarity	S_0.3
ID:927	has_uncertainty	U_0.3
ID:928	of_type	TY_laminar burning velocity measurement
ID:928	of_reactor	R_flame
ID:928	has_author	Author 5
ID:928	of_year	Y_1968
ID:928	of_target	T_IDT
ID:928	has_similarity	S_0.1
ID:928	has_uncertainty	U_0.1
ID:929	of_type	TY_outlet concentration measurement
ID:929	of_reactor	R_shock tube
ID:929	has_author	Author 40
ID:929	of_year	Y_1980
ID:929	of_target	T_IDT
ID:929	has_similarity	S_1.0
ID:929	has_uncertainty	U_1.0
ID:930	of_type	TY_concentration time profile measurement
ID:930	of_reactor	R_flow reactor
ID:930	has_author	Author 8
ID:930	of_year	Y_1970
ID:930	of_target	T_C0
ID:930	has_similarity	S_0.4
ID:930	has_uncertainty	U_0.4
ID:931	of_type	TY_outlet concentration measurement
ID:931	of_reactor	R_stirred reactor
ID:931	has_author	Author 46
ID:931	of_year	Y_1984
ID:931	of_target	T_H2
ID:931	has_similarity	S_0.6
ID:931	has_uncertainty	U_0.6
ID:932	of_type	TY_ignition delay measurement
ID:932	of_reactor	R_shock tube
ID:932	has_author	Author 92
ID:932	of_year	Y_1963
ID:932	of_target	T_H2
ID:932	has_similarity	S_0.9
ID:932	has_uncertainty	U_0.9
ID:933	of_type	TY_jet stirred reactor measurement
ID:933	of_reactor	R_stirred reactor
ID:933	has_author	Author 98
ID:933	of_year	Y_2000
ID:933	of_target	T_CO2
ID:933	has_similarity	S_0.5
ID:933	has_uncertainty	U_0.5
ID:934	of_type	TY_outlet concentration measurement
ID:934	of_reactor	R_stirred reactor
ID:934	has_author	Author 61
ID:934	of_year	Y_2001
ID:934	of_target	T_H2S
ID:934	has_similarity	S_0.3
ID:934	has_uncertainty	U_0.3
ID:935	of_type	TY_concentration time profile measurement
ID:935	of_reactor	R_shock tube
ID:935	has_author	Author 56
ID:935	of_year	Y_1991
ID:935	of_target	T_C5H6
ID:935	has_similarity	S_0.2
ID:935	has_uncertainty	U_0.2
ID:936	of_type	TY_outlet concentration measurement
ID:936	of_reactor	R_shock tube
ID:936	has_author	Author 81
ID:936	of_year	Y_2005
ID:936	of_target	T_H2
ID:936	has_similarity	S_0.5
ID:936	has_uncertainty	U_0.5
ID:937	of_type	TY_concentration time profile measurement
ID:937	of_reactor	R_flow reactor
ID:937	has_author	Author 88
ID:937	of_year	Y_1983
ID:937	of_target	T_H2
ID:937	has_similarity	S_1.0
ID:937	has_uncertainty	U_1.0
ID:938	of_type	TY_ignition delay measurement
ID:938	of_reactor	R_rapid compression machine
ID:938	has_author	Author 85
ID:938	of_year	Y_2016
ID:938	of_target	T_NH3
ID:938	has_similarity	S_0.2
ID:938	has_uncertainty	U_0.2
ID:939	of_type	TY_burner stabilized flame speciation measurement
ID:939	of_reactor	R_flame
ID:939	has_author	Author 36
ID:939	of_year	Y_1999
ID:939	of_target	T_C6H6
ID:939	has_similarity	S_0.0
ID:939	has_uncertainty	U_0.0
ID:940	of_type	TY_burner stabilized flame speciation measurement
ID:940	of_reactor	R_flame
ID:940	has_author	Author 42
ID:940	of_year	Y_1963
ID:940	of_target	T_C5H6
ID:940	has_similarity	S_0.4
ID:940	has_uncertainty	U_0.4
ID:941	of_type	TY_concentration time profile measurement
ID:941	of_reactor	R_stirred reactor
ID:941	has_author	Author 72
ID:941	of_year	Y_2013
ID:941	of_target	T_CH4
ID:941	has_similarity	S_0.2
ID:941	has_uncertainty	U_0.2
ID:942	of_type	TY_burner stabilized flame speciation measurement
ID:942	of_reactor	R_flame
ID:942	has_author	Author 61
ID:942	of_year	Y_2009
ID:942	of_target	T_C0
ID:942	has_similarity	S_0.1
ID:942	has_uncertainty	U_0.1
ID:943	of_type	TY_burner stabilized flame speciation measurement
ID:943	of_reactor	R_flame
ID:943	has_author	Author 37
ID:943	of_year	Y_2018
ID:943	of_target	T_CH3
ID:943	has_similarity	S_0.9
ID:943	has_uncertainty	U_0.9
ID:944	of_type	TY_jet stirred reactor measurement
ID:944	of_reactor	R_stirred reactor
ID:944	has_author	Author 73
ID:944	of_year	Y_1967
ID:944	of_target	T_C6H6
ID:944	has_similarity	S_0.1
ID:944	has_uncertainty	U_0.1
ID:945	of_type	TY_outlet concentration measurement
ID:945	of_reactor	R_stirred reactor
ID:945	has_author	Author 16
ID:945	of_year	Y_1992
ID:945	of_target	T_C6H6
ID:945	has_similarity	S_0.9
ID:945	has_uncertainty	U_0.9
ID:946	of_type	TY_laminar burning velocity measurement
ID:946	of_reactor	R_flame
ID:946	has_author	Author 37
ID:946	of_year	Y_2016
ID:946	of_target	T_H2S
ID:946	has_similarity	S_0.7
ID:946	has_uncertainty	U_0.7
ID:947	of_type	TY_ignition delay measurement
ID:947	of_reactor	R_shock tube
ID:947	has_author	Author 34
ID:947	of_year	Y_2010
ID:947	of_target	T_NH3
ID:947	has_similarity	S_0.6
ID:947	has_uncertainty	U_0.6
ID:948	of_type	TY_concentration time profile measurement
ID:948	of_reactor	R_shock tube
ID:948	has_author	Author 46
ID:948	of_year	Y_1983
ID:948	of_target	T_C7H8
ID:948	has_similarity	S_0.3
ID:948	has_uncertainty	U_0.3
ID:949	of_type	TY_outlet concentration measurement
ID:949	of_reactor	R_flow reactor
ID:949	has_author	Author 72
ID:949	of_year	Y_2019
ID:949	of_target	T_C5H6
ID:949	has_similarity	S_0.9
ID:949	has_uncertainty	U_0.9
ID:950	of_type	TY_burner stabilized flame speciation measurement
ID:950	of_reactor	R_flame
ID:950	has_author	Author 49
ID:950	of_year	Y_2019
ID:950	of_target	T_CH4
ID:950	has_similarity	S_0.4
ID:950	has_uncertainty	U_0.4
ID:951	of_type	TY_ignition delay measurement
ID:951	of_reactor	R_shock tube
ID:951	has_author	Author 28
ID:951	of_year	Y_1957
ID:951	of_target	T_H20
ID:951	has_similarity	S_0.3
ID:951	has_uncertainty	U_0.3
ID:952	of_type	TY_laminar burning velocity measurement
ID:952	of_reactor	R_flame
ID:952	has_author	Author 1
ID:952	of_year	Y_2009
ID:952	of_target	T_H20
ID:952	has_similarity	S_0.4
ID:952	has_uncertainty	U_0.4
ID:953	of_type	TY_jet stirred reactor measurement
ID:953	of_reactor	R_stirred reactor
ID:953	has_author	Author 72
ID:953	of_year	Y_2019
ID:953	of_target	T_C7H8
ID:953	has_similarity	S_0.5
ID:953	has_uncertainty	U_0.5
ID:954	of_type	TY_outlet concentration measurement
ID:954	of_reactor	R_flow reactor
ID:954	has_author	Author 83
ID:954	of_year	Y_1968
ID:954	of_target	T_H20
ID:954	has_similarity	S_0.5
ID:954	has_uncertainty	U_0.5
ID:955	of_type	TY_concentration time profile measurement
ID:955	of_reactor	R_flow reactor
ID:955	has_author	Author 85
ID:955	of_year	Y_2019
ID:955	of_target	T_CH4
ID:955	has_similarity	S_0.9
ID:955	has_uncertainty	U_0.9
ID:956	of_type	TY_ignition delay measurement
ID:956	of_reactor	R_rapid compression machine
ID:956	has_author	Author 77
ID:956	of_year	Y_1990
ID:956	of_target	T_C0
ID:956	has_similarity	S_0.7
ID:956	has_uncertainty	U_0.7
ID:957	of_type	TY_ignition delay measurement
ID:957	of_reactor	R_shock tube
ID:957	has_author	Author 4
ID:957	of_year	Y_1971
ID:957	of_target	T_CH3
ID:957	has_similarity	S_0.7
ID:957	has_uncertainty	U_0.7
ID:958	of_type	TY_jet stirred reactor measurement
ID:958	of_reactor	R_stirred reactor
ID:958	has_author	Author 62
ID:958	of_year	Y_2018
ID:958	of_target	T_CH4
ID:958	has_similarity	S_0.1
ID:958	has_uncertainty	U_0.1
ID:959	of_type	TY_laminar burning velocity measurement
ID:959	of_reactor	R_flame
ID:959	has_author	Author 63
ID:959	of_year	Y_1977
ID:959	of_target	T_C7H8
ID:959	has_similarity	S_0.5
ID:959	has_uncertainty	U_0.5
ID:960	of_type	TY_outlet concentration measurement
ID:960	of_reactor	R_stirred reactor
ID:960	has_author	Author 18
ID:960	of_year	Y_2007
ID:960	of_target	T_CH4
ID:960	has_similarity	S_0.1
ID:960	has_uncertainty	U_0.1
ID:961	of_type	TY_laminar burning velocity measurement
ID:961	of_reactor	R_flame
ID:961	has_author	Author 69
ID:961	of_year	Y_1950
ID:961	of_target	T_H2
ID:961	has_similarity	S_0.9
ID:961	has_uncertainty	U_0.9
ID:962	of_type	TY_ignition delay measurement
ID:962	of_reactor	R_rapid compression machine
ID:962	has_author	Author 25
ID:962	of_year	Y_1959
ID:962	of_target	T_H20
ID:962	has_similarity	S_0.8
ID:962	has_uncertainty	U_0.8
ID:963	of_type	TY_concentration time profile measurement
ID:963	of_reactor	R_flow reactor
ID:963	has_author	Author 43
ID:963	of_year	Y_1959
ID:963	of_target	T_C5H6
ID:963	has_similarity	S_0.4
ID:963	has_uncertainty	U_0.4
ID:964	of_type	TY_concentration time profile measurement
ID:964	of_reactor	R_flow reactor
ID:964	has_author	Author 82
ID:964	of_year	Y_2000
ID:964	of_target	T_C5H6
ID:964	has_similarity	S_0.3
ID:964	has_uncertainty	U_0.3
ID:965	of_type	TY_laminar burning velocity measurement
ID:965	of_reactor	R_flame
ID:965	has_author	Author 0
ID:965	of_year	Y_1955
ID:965	of_target	T_CO2
ID:965	has_similarity	S_0.6
ID:965	has_uncertainty	U_0.6
ID:966	of_type	TY_jet stirred reactor measurement
ID:966	of_reactor	R_shock tube
ID:966	has_author	Author 8
ID:966	of_year	Y_1967
ID:966	of_target	T_CO2
ID:966	has_similarity	S_0.3
ID:966	has_uncertainty	U_0.3
ID:967	of_type	TY_outlet concentration measurement
ID:967	of_reactor	R_flow reactor
ID:967	has_author	Author 18
ID:967	of_year	Y_2008
ID:967	of_target	T_C6H6
ID:967	has_similarity	S_0.9
ID:967	has_uncertainty	U_0.9
ID:968	of_type	TY_jet stirred reactor measurement
ID:968	of_reactor	R_stirred reactor
ID:968	has_author	Author 16
ID:968	of_year	Y_1998
ID:968	of_target	T_CH3
ID:968	has_similarity	S_0.9
ID:968	has_uncertainty	U_0.9
ID:969	of_type	TY_outlet concentration measurement
ID:969	of_reactor	R_flow reactor
ID:969	has_author	Author 45
ID:969	of_year	Y_2004
ID:969	of_target	T_H20
ID:969	has_similarity	S_0.0
ID:969	has_uncertainty	U_0.0
ID:970	of_type	TY_concentration time profile measurement
ID:970	of_reactor	R_stirred reactor
ID:970	has_author	Author 17
ID:970	of_year	Y_2001
ID:970	of_target	T_CH3
ID:970	has_similarity	S_0.1
ID:970	has_uncertainty	U_0.1
ID:971	of_type	TY_burner stabilized flame speciation measurement
ID:971	of_reactor	R_flame
ID:971	has_author	Author 90
ID:971	of_year	Y_2010
ID:971	of_target	T_H2
ID:971	has_similarity	S_0.4
ID:971	has_uncertainty	U_0.4
ID:972	of_type	TY_laminar burning velocity measurement
ID:972	of_reactor	R_flame
ID:972	has_author	Author 37
ID:972	of_year	Y_2014
ID:972	of_target	T_NH3
ID:972	has_similarity	S_0.9
ID:972	has_uncertainty	U_0.9
ID:973	of_type	TY_ignition delay measurement
ID:973	of_reactor	R_rapid compression machine
ID:973	has_author	Author 18
ID:973	of_year	Y_2010
ID:973	of_target	T_CH4
ID:973	has_similarity	S_0.9
ID:973	has_uncertainty	U_0.9
ID:974	of_type	TY_concentration time profile measurement
ID:974	of_reactor	R_stirred reactor
ID:974	has_author	Author 79
ID:974	of_year	Y_1985
ID:974	of_target	T_H2
ID:974	has_similarity	S_0.4
ID:974	has_uncertainty	U_0.4
ID:975	of_type	TY_concentration time profile measurement
ID:975	of_reactor	R_flow reactor
ID:975	has_author	Author 96
ID:975	of_year	Y_2011
ID:975	of_target	T_CH3
ID:975	has_similarity	S_0.6
ID:975	has_uncertainty	U_0.6
ID:976	of_type	TY_ignition delay measurement
ID:976	of_reactor	R_rapid compression machine
ID:976	has_author	Author 87
ID:976	of_year	Y_2013
ID:976	of_target	T_C5H6
ID:976	has_similarity	S_0.9
ID:976	has_uncertainty	U_0.9
ID:977	of_type	TY_concentration time profile measurement
ID:977	of_reactor	R_stirred reactor
ID:977	has_author	Author 53
ID:977	of_year	Y_1976
ID:977	of_target	T_H20
ID:977	has_similarity	S_0.3
ID:977	has_uncertainty	U_0.3
ID:978	of_type	TY_jet stirred reactor measurement
ID:978	of_reactor	R_shock tube
ID:978	has_author	Author 16
ID:978	of_year	Y_1994
ID:978	of_target	T_NH3
ID:978	has_similarity	S_1.0
ID:978	has_uncertainty	U_1.0
ID:979	of_type	TY_concentration time profile measurement
ID:979	of_reactor	R_shock tube
ID:979	has_author	Author 12
ID:979	of_year	Y_2024
ID:979	of_target	T_CH4
ID:979	has_similarity	S_0.6
ID:979	has_uncertainty	U_0.6
ID:980	of_type	TY_jet stirred reactor measurement
ID:980	of_reactor	R_shock tube
ID:980	has_author	Author 10
ID:980	of_year	Y_2029
ID:980	of_target	T_C5H6
ID:980	has_similarity	S_0.0
ID:980	has_uncertainty	U_0.0
ID:981	of_type	TY_jet stirred reactor measurement
ID:981	of_reactor	R_stirred reactor
ID:981	has_author	Author 56
ID:981	of_year	Y_1993
ID:981	of_target	T_H2
ID:981	has_similarity	S_0.8
ID:981	has_uncertainty	U_0.8
ID:982	of_type	TY_concentration time profile measurement
ID:982	of_reactor	R_shock tube
ID:982	has_author	Author 49
ID:982	of_year	Y_2014
ID:982	of_target	T_CH3
ID:982	has_similarity	S_0.5
ID:982	has_uncertainty	U_0.5
ID:983	of_type	TY_outlet concentration measurement
ID:983	of_reactor	R_shock tube
ID:983	has_author	Author 30
ID:983	of_year	Y_1957
ID:983	of_target	T_C0
ID:983	has_similarity	S_0.4
ID:983	has_uncertainty	U_0.4
ID:984	of_type	TY_concentration time profile measurement
ID:984	of_reactor	R_shock tube
ID:984	has_author	Author 23
ID:984	of_year	Y_1976
ID:984	of_target	T_C6H6
ID:984	has_similarity	S_0.4
ID:984	has_uncertainty	U_0.4
ID:985	of_type	TY_jet stirred reactor measurement
ID:985	of_reactor	R_stirred reactor
ID:985	has_author	Author 59
ID:985	of_year	Y_2002
ID:985	of_target	T_CH4
ID:985	has_similarity	S_0.3
ID:985	has_uncertainty	U_0.3
ID:986	of_type	TY_concentration time profile measurement
ID:986	of_reactor	R_shock tube
ID:986	has_author	Author 37
ID:986	of_year	Y_2011
ID:986	of_target	T_CO2
ID:986	has_similarity	S_0.1
ID:986	has_uncertainty	U_0.1
ID:987	of_type	TY_laminar burning velocity measurement
ID:987	of_reactor	R_flame
ID:987	has_author	Author 14
ID:987	of_year	Y_2022
ID:987	of_target	T_H2S
ID:987	has_similarity	S_0.4
ID:987	has_uncertainty	U_0.4
ID:988	of_type	TY_jet stirred reactor measurement
ID:988	of_reactor	R_stirred reactor
ID:988	has_author	Author 95
ID:988	of_year	Y_1997
ID:988	of_target	T_C0
ID:988	has_similarity	S_1.0
ID:988	has_uncertainty	U_1.0
ID:989	of_type	TY_outlet concentration measurement
ID:989	of_reactor	R_shock tube
ID:989	has_author	Author 20
ID:989	of_year	Y_2010
ID:989	of_target	T_NH3
ID:989	has_similarity	S_0.1
ID:989	has_uncertainty	U_0.1
ID:990	of_type	TY_jet stirred reactor measurement
ID:990	of_reactor	R_stirred reactor
ID:990	has_author	Author 21
ID:990	of_year	Y_2011
ID:990	of_target	T_C7H8
ID:990	has_similarity	S_0.8
ID:990	has_uncertainty	U_0.8
ID:991	of_type	TY_ignition delay measurement
ID:991	of_reactor	R_rapid compression machine
ID:991	has_author	Author 95
ID:991	of_year	Y_1996
ID:991	of_target	T_CH3
ID:991	has_similarity	S_0.2
ID:991	has_uncertainty	U_0.2
ID:992	of_type	TY_burner stabilized flame speciation measurement
ID:992	of_reactor	R_flame
ID:992	has_author	Author 37
ID:992	of_year	Y_2020
ID:992	of_target	T_H20
ID:992	has_similarity	S_0.9
ID:992	has_uncertainty	U_0.9
ID:993	of_type	TY_outlet concentration measurement
ID:993	of_reactor	R_stirred reactor
ID:993	has_author	Author 23
ID:993	of_year	Y_1979
ID:993	of_target	T_C0
ID:993	has_similarity	S_0.7
ID:993	has_uncertainty	U_0.7
ID:994	of_type	TY_ignition delay measurement
ID:994	of_reactor	R_rapid compression machine
ID:994	has_author	Author 73
ID:994	of_year	Y_1963
ID:994	of_target	T_CO2
ID:994	has_similarity	S_0.7
ID:994	has_uncertainty	U_0.7
ID:995	of_type	TY_outlet concentration measurement
ID:995	of_reactor	R_stirred reactor
ID:995	has_author	Author 42
ID:995	of_year	Y_1965
ID:995	of_target	T_CH4
ID:995	has_similarity	S_1.0
ID:995	has_uncertainty	U_1.0
ID:996	of_type	TY_burner stabilized flame speciation measurement
ID:996	of_reactor	R_flame
ID:996	has_author	Author 80
ID:996	of_year	Y_2021
ID:996	of_target	T_H2S
ID:996	has_similarity	S_0.6
ID:996	has_uncertainty	U_0.6
ID:997	of_type	TY_jet stirred reactor measurement
ID:997	of_reactor	R_shock tube
ID:997	has_author	Author 3
ID:997	of_year	Y_2021
ID:997	of_target	T_IDT
ID:997	has_similarity	S_0.1
ID:997	has_uncertainty	U_0.1
ID:998	of_type	TY_laminar burning velocity measurement
ID:998	of_reactor	R_flame
ID:998	has_author	Author 32
ID:998	of_year	Y_1990
ID:998	of_target	T_CH3
ID:998	has_similarity	S_0.8
ID:998	has_uncertainty	U_0.8
ID:999	of_type	TY_concentration time profile measurement
ID:999	of_reactor	R_shock tube
ID:999	has_author	Author 27
ID:999	of_year	Y_2010
ID:999	of_target	T_H2
ID:999	has_similarity	S_0.4
ID:999	has_uncertainty	U_0.4
